--INSERCIONES

--cmetodo_pago--1
INSERT INTO cmetodo_pago (id_cmetodo_pago, nombre_metodo_pago) VALUES (1,'efectivo');
INSERT INTO cmetodo_pago (id_cmetodo_pago, nombre_metodo_pago) VALUES (2,'tarjeta');

--pista--2
INSERT INTO pista (id_pista, capacidad,costo_hora)
VALUES (1,5,380),
       (2,5,380),
       (3,5,380),
       (4,4,380),
       (5,3,380),
       (6,5,380),
       (7,5,380),
       (8,5,380),
       (9,5,380),
       (10,5,380),
       (11,5,380),
       (12,5,380),
       (13,5,380),
       (14,5,380),
       (15,5,380),
       (16,5,380),
       (17,5,380),
       (18,5,380),
       (19,5,380),
       (20,5,380);

--ctipoempleado--3
INSERT INTO ctipoempleado(id_ctipoempleado,puesto)
VALUES (1,'Recepcionista'),
       (2,'Personal de calzado'),
       (3,'Mesero'),
       (4,'Cocinero'),
       (5,'Cajero');

--alimentos--4
INSERT INTO alimentos(id_alimento, nombre, precio)
VALUES (1, 'Alambre de camaron', 70),
       (2, 'Alambre de res',75),
       (3, 'Alitas bbq', 63),
       (4, 'Alitas bufalo', 64),
       (5,'Banderrilla',21),
       (6,'Cafe',15),
       (7,'Cerveza',25),
       (8,'Hamburgesa de pollo',55),
       (9,'Hamburgesa hawaiana',58),
       (10,'Hamburgesa sencilla',50),
       (11,'Hot-dog',30),
       (12,'Malteada de chocolate',35),
       (13,'Malteada de oreo',40),
       (14,'Malteada de vainilla',35),
       (15,'Michelada',55),
       (16,'Nachos',30),
       (17,'Nachos queso extra',35),
       (18,'Nuggets',30),
       (19,'Palomitas',25),
       (20,'Papas a la francesa',35),
       (21,'Papas fritas',25),
       (22,'Pastel de chocalte',42),
       (23,'Pizza de champiñones',95),
       (24,'Pizza de pastor',100),
       (25,'Pizza de queso',86),
       (26,'Pizza de hawaiana',99),
       (27,'Pizza de peperoni',86),
       (28,'Refreso de cola',22),
       (29,'Refreso de limon',22),
       (30,'Refresco de naranja',22),
       (31,'Sandwich de pollo',37),
       (32,'Sandwich sencillo',30),
       (33,'botella de agua',10);

--ctalla--5
INSERT INTO ctalla ( id_ctalla, num_calzado)
VALUES ( 1, 21),
       ( 2, 22),
       ( 3, 23),
       ( 4, 24),
       ( 5, 25),
       ( 6, 26),
       ( 7, 27),
       ( 8, 28),
       ( 9, 29),
       ( 10, 30),
       ( 11, 31),
       ( 12, 32),
       ( 13, 33),
       ( 14, 34),
       ( 15, 35),
       ( 16, 36),
       ( 17, 37),
       ( 18, 38),
       ( 19, 39),
       ( 20, 40);

--ctipomembresia--6
INSERT INTO ctipomembresia(id_ctipomembresia,etiqueta_ctipomembresia, descuento) VALUES (1,'Diamante',.15);
INSERT INTO ctipomembresia(id_ctipomembresia,etiqueta_ctipomembresia, descuento) VALUES (2,'Oro',.10);
INSERT INTO ctipomembresia(id_ctipomembresia,etiqueta_ctipomembresia, descuento) VALUES (3,'Plata',.05);

--proveedor-- 7
INSERT INTO proveedor (id_proveedor,etiqueta_proveedor) VALUES
(1,'Luctus Institute'),(2,'Ligula Consectetuer Industries'),(3,'Vehicula Pellentesque Company'),(4,'Integer Sem Institute'),(5,'Lectus Company'),(6,'Per Inceptos Hymenaeos Corp.'),(7,'Eros Non Enim Associates'),(8,'Ac LLC'),(9,'Erat Eget Industries'),(10,'A Odio Semper Inc.'),
(11,'Sed Orci Company'),(12,'Erat Industries'),(13,'Tellus Id Nunc Institute'),(14,'Sem Mollis Limited'),(15,'Nullam Corp.'),(16,'Aliquam Ltd'),(17,'Arcu Imperdiet Ullamcorper Institute'),(18,'Vestibulum Ut Eros Corporation'),(19,'Porttitor Eros Foundation'),(20,'Dictum Corp.'),
(21,'Risus LLC'),(22,'Lobortis Mauris Suspendisse Consulting'),(23,'Proin Ltd'),(24,'Sed Pharetra Felis LLP'),(25,'Et Institute'),(26,'Sit Ltd'),(27,'Dui Corporation'),(28,'Habitant Morbi PC'),(29,'Dolor Donec Fringilla Institute'),(30,'Sed Corp.'),
(31,'Maecenas Ornare Egestas Incorporated'),(32,'Ornare Fusce Incorporated'),(33,'Sagittis Felis Consulting'),(34,'In Consectetuer Ipsum Corp.'),(35,'Et Malesuada Corporation'),(36,'Placerat Eget Venenatis PC'),(37,'Odio LLC'),(38,'Eu Tempor Erat Industries'),(39,'Erat PC'),(40,'Semper Tellus Incorporated'),
(41,'Arcu Vestibulum Ut Industries'),(42,'Quis Diam Associates'),(43,'Turpis Corp.'),(44,'Felis Ltd'),(45,'Vel Arcu Incorporated'),(46,'Non Dui Nec Industries'),(47,'Iaculis Corporation'),(48,'Turpis In Condimentum Corp.'),(49,'Non Consulting'),(50,'Et LLC'),
(51,'Aliquet Proin Velit Incorporated'),(52,'Arcu Ac Consulting'),(53,'Sed Eu Eros Corporation'),(54,'Senectus Et Netus Limited'),(55,'Fames Ac Turpis Inc.'),(56,'Aliquet LLP'),(57,'Dui Quis Accumsan Corporation'),(58,'Per Inceptos Ltd'),(59,'Ultricies PC'),(60,'Feugiat Nec Company'),
(61,'Est Consulting'),(62,'Parturient Montes Ltd'),(63,'Ipsum Donec LLC'),(64,'Ac Ltd'),(65,'Ipsum Cursus Vestibulum Foundation'),(66,'Ultrices Limited'),(67,'Nibh Corp.'),(68,'Faucibus Consulting'),(69,'Tincidunt Congue Turpis LLP'),(70,'Aenean Eget Limited'),
(71,'Iaculis Inc.'),(72,'Lacinia Mattis Integer Incorporated'),(73,'Tortor Dictum Incorporated'),(74,'Nonummy Fusce Corp.'),(75,'Velit LLP'),(76,'Et Ltd'),(77,'Dolor Elit LLC'),(78,'In Hendrerit Inc.'),(79,'Tristique Ac Limited'),(80,'Enim Condimentum Institute'),
(81,'Imperdiet PC'),(82,'Elit Corp.'),(83,'Eu Consulting'),(84,'Diam Foundation'),(85,'Nullam Nisl Company'),(86,'Imperdiet Consulting'),(87,'Magnis Dis Inc.'),(88,'Orci Corp.'),(89,'Ut Odio Vel Limited'),(90,'Lacinia At Iaculis Company'),
(91,'Gravida Corporation'),(92,'Erat Eget LLC'),(93,'Ut Corporation'),(94,'Aliquam Adipiscing Incorporated'),(95,'Elementum LLP'),(96,'Phasellus Vitae Consulting'),(97,'Vivamus Nibh Institute'),(98,'Vel Mauris LLC'),(99,'Elementum Foundation'),(100,'Duis A LLP'),
(101,'Ut Cursus Luctus Company'),(102,'Sem Elit Institute'),(103,'Arcu Vestibulum Consulting'),(104,'Interdum Institute'),(105,'At Nisi LLC'),(106,'Non Sapien Molestie Ltd'),(107,'Magna Corporation'),(108,'Faucibus Leo In Incorporated'),(109,'Dolor Elit Pellentesque Company'),(110,'Lorem Ac Risus LLP'),
(111,'Suspendisse Dui PC'),(112,'Suspendisse Sed Dolor Ltd'),(113,'Nonummy Associates'),(114,'Nunc Sed Ltd'),(115,'Eget Inc.'),(116,'Iaculis Corp.'),(117,'Nascetur Ridiculus Mus Corp.'),(118,'Donec Consulting'),(119,'Cursus PC'),(120,'Morbi Tristique Senectus Incorporated'),
(121,'Nisi Limited'),(122,'Lorem Industries'),(123,'Nisi Dictum Augue LLC'),(124,'Aenean Eget Magna Limited'),(125,'Felis Adipiscing Associates'),(126,'A Foundation'),(127,'Odio A PC'),(128,'Nulla Magna Malesuada Associates'),(129,'Enim Sit Amet Industries'),(130,'Eu Nibh Vulputate Limited'),
(131,'Justo Proin Inc.'),(132,'Morbi Vehicula Associates'),(133,'Proin Company'),(134,'Nisl Elementum Purus Institute'),(135,'Malesuada Fames Ac Associates'),(136,'Egestas Fusce Aliquet Company'),(137,'Ipsum Corporation'),(138,'Tincidunt Vehicula Corp.'),(139,'A Scelerisque Corporation'),(140,'Sed Nulla Corp.'),
(141,'Nunc Est LLP'),(142,'Sed Consequat Corporation'),(143,'Auctor Quis Foundation'),(144,'In Faucibus Inc.'),(145,'At LLP'),(146,'Ullamcorper Eu Foundation'),(147,'Sed Industries'),(148,'Sit LLC'),(149,'Quisque Ac LLP'),(150,'Quisque Corp.'),
(151,'Fermentum Convallis Company'),(152,'Nunc Mauris Corporation'),(153,'Nulla Donec Non Institute'),(154,'Dolor Quisque Tincidunt Ltd'),(155,'Arcu Corporation'),(156,'In Corp.'),(157,'Cum Corp.'),(158,'Massa Corp.'),(159,'Adipiscing Lacus Ut Corp.'),(160,'Quisque Imperdiet Associates'),
(161,'Velit Eget Laoreet Company'),(162,'Eu Erat Semper Corp.'),(163,'Morbi Tristique Foundation'),(164,'Sed Ltd'),(165,'Ut Ltd'),(166,'Fusce Industries'),(167,'Tincidunt Donec Vitae Institute'),(168,'Faucibus Orci Industries'),(169,'Proin Vel Arcu Inc.'),(170,'Facilisis Facilisis Magna Corp.'),
(171,'Tristique Pellentesque Institute'),(172,'Et Nunc Limited'),(173,'Neque Pellentesque Corporation'),(174,'Quis Lectus Industries'),(175,'In Cursus Et Corporation'),(176,'Odio A Ltd'),(177,'At Inc.'),(178,'Magna Institute'),(179,'Vestibulum PC'),(180,'Ornare Sagittis Felis PC'),
(181,'Duis Ac Arcu LLC'),(182,'Donec Est Associates'),(183,'Felis Ullamcorper Ltd'),(184,'Donec Sollicitudin Adipiscing Inc.'),(185,'Ante Ipsum Company'),(186,'Placerat Velit Industries'),(187,'Aliquam Tincidunt Nunc Industries'),(188,'Adipiscing Limited'),(189,'Neque Et Nunc PC'),(190,'Turpis Vitae Purus Corp.'),
(191,'Dui Quis Accumsan Company'),(192,'Libero Et Tristique PC'),(193,'Curae, Phasellus Limited'),(194,'Nullam Ut Nisi PC'),(195,'In Cursus Et Inc.'),(196,'Sapien Imperdiet Ornare Institute'),(197,'Cras Lorem PC'),(198,'Vivamus Non Lorem Inc.'),(199,'Egestas Lacinia Sed Associates'),(200,'Montes Nascetur Corporation'),
(201,'Tincidunt Congue Turpis Company'),(202,'Eu Inc.'),(203,'Non Enim LLP'),(204,'Mauris Blandit Enim Industries'),(205,'Lacinia Corporation'),(206,'Porttitor Eros Nec Limited'),(207,'Turpis Vitae Purus PC'),(208,'Egestas Nunc Sed PC'),(209,'Est Ac Corp.'),(210,'Quis Lectus Nullam Corporation'),
(211,'Sit Amet Massa Consulting'),(212,'Dignissim Magna A Industries'),(213,'Libero Integer Industries'),(214,'Dis Parturient Montes PC'),(215,'Magna Sed Dui Incorporated'),(216,'Nunc Quisque Industries'),(217,'Et Arcu Institute'),(218,'Lacus Corporation'),(219,'Ut Mi Ltd'),(220,'Lobortis Ltd'),
(221,'Congue'),(222,'Turpis Egestas Institute'),(223,'Et'),(224,'Mauriss Company'),(225,'Sit Faucibus Foundation'),(226,'Ipsum'),(227,'Placerat Orci Incorporated'),(228,'Sapienn Cursus In Incorporated'),(229,'Tincidunt Orci Corporation'),(230,'Mus Coprp.'),
(231,'Ullamcorper Nisl Institute'),(232,'Urna Institute'),(233,'Vitae LLP'),(234,'Aliquam Gravida Mauris Industries'),(235,'Nam Ac Nulla Corporation'),(236,'Eu Accumsan Sed Industries'),(237,'In Associates'),(238,'Phasellus Incorporated'),(239,'Est Industries'),(240,'Erat In Consectetuer LLC'),
(241,'Sed Pede Nec Ltd'),(242,'Et Netus LLP'),(243,'Phasellus Libero Institute'),(244,'Congue Elit LLP'),(245,'Nulla Facilisi Sed Corp.'),(246,'Est Mauris Corp.'),(247,'Malesuada Augue Industries'),(248,'Fermentum PC'),(249,'At Augue Id Inc.'),(250,'Phasellus Consulting'),
(251,'Fusce PC'),(252,'Est Limited'),(253,'Iaculis Nec Eleifend Foundation'),(254,'Sit Amet Consulting'),(255,'Consequat Auctor Limited'),(256,'Sed Est Foundation'),(257,'Ut Ipsum Foundation'),(258,'Faucibus Lectus Consulting'),(259,'Arcu LLP'),(260,'Orci Company'),
(261,'Ut Molestie In Corporation'),(262,'Malesuada Integer Id Limited'),(263,'Ultrices Sit Limited'),(264,'Sed Dictum Incorporated'),(265,'Augue Ac LLP'),(266,'Eu Euismod Ac Corp.'),(267,'Lacus Aliquam Rutrum LLC'),(268,'Lacus Varius Et Company'),(269,'Sem Ut Cursus Company'),(270,'Amet Ultricies Sem Company'),
(271,'Lacinia Vitae Sodales LLC'),(272,'Ut Foundation'),(273,'Nec Limited'),(274,'Id Ante Consulting'),(275,'Urna Justo Faucibus Consulting'),(276,'Viverra Maecenas Iaculis Consulting'),(277,'In Consectetuer Incorporated'),(278,'Orci Consulting'),(279,'Turpis Egestas Aliquam Associates'),(280,'Vel Pede Foundation'),
(281,'Auctor Vitae Aliquet LLC'),(282,'Duis Industries'),(283,'Elit Inc.'),(284,'Elit Pretium Ltd'),(285,'Fringilla Incorporated'),(286,'Mollis Phasellus Libero LLC'),(287,'Risus Donec Egestas Associates'),(288,'Suspendisse LLP'),(289,'Pretium Foundation'),(290,'Amet Corporation'),
(291,'Non Associates'),(292,'At Sem Molestie Inc.'),(293,'A Ltd'),(294,'Vel Lectus Cum Consulting'),(295,'Eu Eros Consulting'),(296,'Dui Augue Incorporated'),(297,'Ac Ipsum Phasellus Inc.'),(298,'Et Pede Nunc Company'),(299,'Egestas Urna Justo Corp.'),(300,'In Consulting'),
(301,'Nibh Inc.'),(302,'Mauris Corp.'),(303,'Mollis Associates'),(304,'Sit Amet Ultricies Incorporated'),(305,'Nunc Quis Arcu Institute'),(306,'Pede Nec Ante Consulting'),(307,'Et PC'),(308,'Rutrum LLC'),(309,'Cras Vulputate Velit Corporation'),(310,'Nibh Enim Associates'),
(311,'Risus LC'),(312,'Nisi Aenean PC'),(313,'Pede Suspendisse Incorporated'),(314,'Tellus Limited'),(315,'Molestie Sodales PC'),(316,'Nunc LLP'),(317,'Amet Faucibus Ut LLC'),(318,'Augue Malesuada Malesuada LLP'),(319,'Curabitur Egestas Nunc Associates'),(320,'Mi LLC'),
(321,'Eu Placerat Eget LLC'),(322,'Vel Faucibus Id Associates'),(323,'Parturient Foundation'),(324,'Lacus Pede LLP'),(325,'Venenatis Inc.'),(326,'Sed Nunc LLC'),(327,'Condimentum Consulting'),(328,'Vivamus Inc.'),(329,'Sapien Gravida Institute'),(330,'Egestas Ligula Nullam Incorporated'),
(331,'Tellus Foundation'),(332,'Donec Feugiat Metus Ltd'),(333,'Velit In Corporation'),(334,'Tellus Suspendisse Corporation'),(335,'Mauris Eu Turpis Institute'),(336,'Praesent Luctus Consulting'),(337,'Eget Ltd'),(338,'Id Ante Nunc Company'),(339,'Nulla Ante LLP'),(340,'Elit Sed Consequat LLC'),
(341,'Quisque Institute'),(342,'Phasellus In Consulting'),(343,'Ipsum Donec Industries'),(344,'Curabitur Ut Odio PC'),(345,'Eu Corporation'),(346,'Taciti Sociosqu Ad Institute'),(347,'Mollis Nec Foundation'),(348,'Ut Lacus Corporation'),(349,'Elit Etiam Laoreet LLP'),(350,'Amet Ante Corporation'),
(351,'Pharetra Nibh Aliquam LLP'),(352,'Nibh Sit Corp.'),(353,'Vestibulum Industries'),(354,'Aliquam PC'),(355,'Aenean Associates'),(356,'Urna LLP'),(357,'Arcu Company'),(358,'Ut Eros Non Inc.'),(359,'Fermentum Fermentum Inc.'),(360,'Dapibus Gravida Aliquam Inc.'),
(361,'Dignissim Lacus Incorporated'),(362,'Lectus Ltd'),(363,'Sem Semper Foundation'),(364,'Aliquam LLP'),(365,'Libero Mauris Ltd'),(366,'Sed Facilisis Vitae Company'),(367,'Aliquam Arcu Aliquam Limited'),(368,'Adipiscing Fringilla Porttitor Company'),(369,'Fringilla Est Corporation'),(370,'Magna Duis Dignissim Ltd'),
(371,'Cursus Industries'),(372,'Tristique Limited'),(373,'Velit Quisque Varius Incorporated'),(374,'Nulla Ltd'),(375,'Fermentum Incorporated'),(376,'Tortor Integer Aliquam PC'),(377,'Nec Urna Et LLP'),(378,'Aliquet Inc.'),(379,'Eu Limited'),(380,'Sitt LLC'),
(381,'A Facilisis LLC'),(382,'Ac Fermentum Vel Limited'),(383,'Orci Lobortis Augue PC'),(384,'Vulputate Nisi Foundation'),(385,'Mattis Velit Justo Industries'),(386,'Primis Corp.'),(387,'Mauris Foundation'),(388,'Enim Nunc Ltd'),(389,'Odio Tristique Inc.'),(390,'Magna Sed PC'),
(391,'Lobortis Quam A Institute'),(392,'Sodales Nisi Corporation'),(393,'Amet Ultricies Corp.'),(394,'Dolor Ltd'),(395,'Ultricies Corp.'),(396,'Eu Odio Tristique LLP'),(397,'Consectetuer Euismod Est PC'),(398,'Malesuada LLP'),(399,'Diam Proin Ltd'),(400,'Convallis Est Vitae Associates'),
(401,'Felis Adipiscing Fringilla Consulting'),(402,'Duis Gravida Industries'),(403,'Dis Parturient Inc.'),(404,'Vivamus Industries'),(405,'Adipiscing PC'),(406,'Et Libero Proin Corporation'),(407,'In Tincidunt Ltd'),(408,'Tempor Diam Dictum LLC'),(409,'A Malesuada PC'),(410,'Cras Sed Limited'),
(411,'Donec Feugiat Corp.'),(412,'Fermentum Inc.'),(413,'Eu Placerat LLP'),(414,'Nissi Limited'),(415,'Pellentesque Habitant Morbi Company'),(416,'Proin Vel Corp.'),(417,'Nec Corp.'),(418,'Sapien Cras Limited'),(419,'Pede Blandit Consulting'),(420,'Vitae Risus Duis Incorporated'),
(421,'Nibh Dolor Nonummy LLC'),(422,'Non Lorem Vitae Foundation'),(423,'Quisque Nonummy Ipsum Ltd'),(424,'Praesent Eu Incorporated'),(425,'Dolor Dapibus Gravida Institute'),(426,'Ac Feugiat Institute'),(427,'Malesuada Vel Consulting'),(428,'In At Incorporated'),(429,'Lacus Corp.'),(430,'Nunc Lectus Company'),
(431,'Lobortis Foundation'),(432,'Luctus Et Ultrices Ltd'),(433,'Dis Parturient Montes Corp.'),(434,'Gravida Sit PC'),(435,'Pede Ac Urna Corporation'),(436,'Ut Limited'),(437,'Congue In Incorporated'),(438,'Nisl Sem Associates'),(439,'Nulla Incorporated'),(440,'Quisque Purus Inc.'),
(441,'Morbi PC'),(442,'Eget Metus Corporation'),(443,'Lorem Sit Corp.'),(444,'Malesuada Integer Id Company'),(445,'Nunc Pulvinar Arcu Corp.'),(446,'Ligula Donec Luctus Limited'),(447,'Sem Ltd'),(448,'Imperdiet Dictum LLC'),(449,'Arcu LLC'),(450,'Curae, Phasellus Ornare Inc.'),
(451,'Duis Sit Company'),(452,'Gravida Company'),(453,'Rhoncus Nullam Company'),(454,'Pharetra Ut Company'),(455,'Malesuada Vel Convallis Limited'),(456,'Ut Mi Duis Institute'),(457,'Elit Industries'),(458,'Ut Eros Ltd'),(459,'Mi Tempor Lorem Incorporated'),(460,'Est Ac Mattis Industries'),
(461,'Erat Company'),(462,'Fames Ac Turpis LLC'),(463,'In Mi Institute'),(464,'Auctor Inc.'),(465,'Nullam Vitae Corp.'),(466,'Justo Nec Incorporated'),(467,'Penatibus Et Magnis Corp.'),(468,'Placerat LLC'),(469,'Tellus Industries'),(470,'Id Sapien Cras Associates'),
(471,'Sed Hendrerit Associates'),(472,'Donec Non Justo Limited'),(473,'Ltd'),(474,'Turpis Non Industries'),(475,'Quis Associates'),(476,'Pharetra Quisque Company'),(477,'Ac Orci Ut Foundation'),(478,'Adipiscing Elit Incorporated'),(479,'Dui Fusce Corporation'),(480,'Aliquam'),
(481,'Erat Vivamus Consulting'),(482,'Pede LLP'),(483,'Ut Aliquam Associates'),(484,'Sem Magna Nec Industries'),(485,'Vehicula Pellentesque Foundation'),(486,'Id Inc.'),(487,'Purus Ac Tellus Ltd'),(488,'Ligula Company'),(489,'Lacinia'),(490,'Cursus Diam At Consulting'),
(491,'Ipsum Associates'),(492,'Ultricies Ornare Elit LLP'),(493,'MLLC'),(494,'Feugiat Industries'),(495,'Nullam Nisl Industries'),(496,'Eget Tincidunt Dui Corporation'),(497,'Vulputate Institute'),(498,'Netus Et PC'),(499,'Vulputate Nisi Corporation'),(500,'Sed Eu Eros Inc.'),
(501,'Ut Dolor Dapibus Inc.'),(502,'Fringilla Purus Mauris Inc.'),(503,'Pede Associates'),(504,'Quisque Fringilla Euismod Corp.'),(505,'Imperdiet Dictum Magna LLC'),(506,'Id Nunc Incorporated'),(507,'At Pede Cras Industries'),(508,'Varius Nam PC'),(509,'Eget Associates'),(510,'Odio Etiam Ligula Consulting'),
(511,'Et Arcu Imperdiet Foundation'),(512,'Velit Foundation'),(513,'Tempus Associates'),(514,'Nec Leo Morbi LLP'),(515,'Amet Industries'),(516,'Mattis Integer Eu Corporation'),(517,'Sodales At Velit Industries'),(518,'Elit Consulting'),(519,'Ipsum Nunc Institute'),(520,'Quisque Ltd'),
(521,'Lorem PC'),(522,'Dictum Company'),(523,'Tristique Aliquet Incorporated'),(524,'Sed Incorporated'),(525,'Risus Donec Corporation'),(526,'Fringilla Mi Associates'),(527,'Magna Company'),(528,'Vel Venenatis Industries'),(529,'Semper Cursus Integer Ltd'),(530,'Gravida Non Limited'),
(531,'Mi Duis Corp.'),(532,'Est Corp.'),(533,'Mi Lacinia Foundation'),(534,'Auctor Foundation'),(535,'Curabitur Ut Company'),(536,'Vel Nisl Institute'),(537,'Felis LLP'),(538,'Mauris Incorporated'),(539,'Dolor Dolor Tempus Institute'),(540,'Enim Nec Tempus Company'),
(541,'Ultricies Corporation'),(542,'Eu Placerat Eget Foundation'),(543,'Aenean'),(544,'Enim PC'),(545,'Aliquam Nec Incorporated'),(546,'Ligula LLP'),(547,'Malesuada Vel Institute'),(548,'Commodo Industries'),(549,'Eget Incorporated'),(550,'Ut Nulla Foundation'),
(551,'Blandit Viverra Donec Institute'),(552,'Ipsum Dolor Industries'),(553,'Non Sollicitudin LLC'),(554,'Ultrices Vivamus Rhoncus Ltd'),(555,'Varius Ultrices Corporation'),(556,'Fusce Feugiat Lorem Industries'),(557,'Fusce Associates'),(558,'Molestie Orci Company'),(559,'Est Congue A Incorporated'),(560,'Praesent Interdum Industries'),
(561,'Erat Volutpat LLC'),(562,'Nulla Tincidunt Neque Inc.'),(563,'Sed Consequat Auctor Incorporated'),(564,'Diam At Pretium Industries'),(565,'Feugiat Placerat Company'),(566,'Ipsum Primis LLP'),(567,'Duis LLP'),(568,'Sed Inc.'),(569,'Ligula Corp.'),(570,'Lacinia Sed Congue Associates'),
(571,'Nullam Associates'),(572,'Nulla At Ltd'),(573,'Integer Eu LLP'),(574,'Odio Aliquam Ltd'),(575,'Dapibus Industries'),(576,'Mauris Vestibulum Consulting'),(577,'Enim Gravida Limited'),(578,'Nec Company'),(579,'UtLtd'),(580,'Lobortis Quis Consulting'),
(581,'Ultrices Corporation'),(582,'Ante Ipsum Primis Incorporated'),(583,'Dolor Dolor Tempus Inc.'),(584,'Diam Sed Diam PC'),(585,'Hendrerit Consectetuer Corp.'),(586,'Leo Elementum Corp.'),(587,'Dictum Foundation'),(588,'Mauris Industries'),(589,'Quis Urna Nunc Ltd'),(590,'Sed PC'),
(591,'Euismod Ac Fermentum Limited'),(592,'Id Enim Curabitur Company'),(593,'Neque Pellentesque Inc.'),(594,'Nisl Sem Consequat Company'),(595,'Faucibus Institute'),(596,'Diam Pellentesque Habitant Corp.'),(597,'Ipsum LLC'),(598,'Fringilla Donec Ltd'),(599,'Urna Nunc Limited'),(600,'Ante Vivamus Non Ltd'),
(601,'Metus Aliquam Erat Corp.'),(602,'Ligula PC'),(603,'Nulla LLP'),(604,'Donec Tempor Corp.'),(605,'Curae, Donec Tincidunt Consulting'),(606,'Velit Eu Inc.'),(607,'Lorem LLP'),(608,'A Dui Cras PC'),(609,'Blandit Enim Consequat Incorporated'),(610,'Magna Suspendisse Associates'),
(611,'Ligula Elit Pretium Industries'),(612,'Massa Mauris Vestibulum Consulting'),(613,'Lobortis Company'),(614,'Sit Amet Lorem Company'),(615,'Lorem Fringilla Ltd'),(616,'Lectus Limited'),(617,'Fringilla Est Mauris Industries'),(618,'Gravida Institute'),(619,'Conubia Nostra LLC'),(620,'Bibendum Company'),
(621,'Ut Cursus Luctus Foundation'),(622,'Ligula Consectetuer Rhoncus Limited'),(623,'Accumsan Ltd'),(624,'Tristique Neque Venenatis Foundation'),(625,'Commodo Hendrerit Donec Ltd'),(626,'Vitae Risus Ltd'),(627,'Cursus Luctus Consulting'),(628,'Mi Aliquam Gravida Inc.'),(629,'Scelerisque PC'),(630,'Quisque Purus Sapien LLP'),
(631,'Etiam Laoreet Industries'),(632,'Leo Morbi Corporation'),(633,'Non Quam Pellentesque Inc.'),(634,'Rhoncus Corp.'),(635,'Dolor Fusce Mi PC'),(636,'Duis A Corporation'),(637,'Etiam Bibendum Fermentum PC'),(638,'Tempor Augue LLP'),(639,'Diam Proin Company'),(640,'Sapien LLC'),
(641,'Proin Ultrices Duis Foundation'),(642,'Nec Tempus Inc.'),(643,'Luctus Et Associates'),(644,'A Enim Corporation'),(645,'A LLP'),(646,'Eleifend Incorporated'),(647,'Adipiscing Corporation'),(648,'NeCorp.'),(649,'Sit Amet Associates'),(650,'Non Incorporated'),
(651,'Justo Inc.'),(652,'Nibh Donec Institute'),(653,'Nascetur Company'),(654,'Ut Industries'),(655,'Eget Mollis Lectus Consulting'),(656,'Ac Nulla In Inc.'),(657,'Porttitor Scelerisque Neque Foundation'),(658,'Dolor Sit Corp.'),(659,'Euismod Est Arcu Industries'),(660,'Purus Nullam Scelerisque Associates'),
(661,'Ac Industries'),(662,'Nostra Per Industries'),(663,'Lobortis Class LLP'),(664,'Pede Sagittis Augue Corp.'),(665,'Blandit Foundation'),(666,'Ipsum Sodales Purus PC'),(667,'Sapien Aenean Inc.'),(668,'Vel Venenatis Inc.'),(669,'Bibendum Donec Company'),(670,'Id Incorporated'),
(671,'Sem Elit Incorporated'),(672,'Tempus Incorporated'),(673,'NLLP'),(674,'Feugiat LLP'),(675,'Cursus Associates'),(676,'Netus Et LLP'),(677,'Vel Company'),(678,'Integer Urna Vivamus LLC'),(679,'Ante Iaculis Foundation'),(680,'Tristique Ac Inc.'),
(681,'Ac Orci Ut Inc.'),(682,'Nunc Ac Mattis Foundation'),(683,'Suspendisse Institute'),(684,'Ligula Aenean Gravida Industries'),(685,'Metus Sit Ltd'),(686,'Sed Tortor Integer Consulting'),(687,'Arcu Imperdiet Ullamcorper Inc.'),(688,'Neque Vitae Limited'),(689,'Odio Company'),(690,'Vel Ltd'),
(691,'Ac Turpis Egestas Company'),(692,'Suspendisse Commodo Tincidunt PC'),(693,'Mus Donec Dignissim LLP'),(694,'Sodales Elit LLC'),(695,'Facilisi Sed Neque Corporation'),(696,'Ut Pharetra Institute'),(697,'Mauris Aliquam Company'),(698,'Magna Suspendisse Tristique Foundation'),(699,'Adipiscing Company'),(700,'Luctus Curabitur Institute'),
(701,'Eu Foundation'),(702,'Vitae Semper Egestas LLP'),(703,'Sem Ut Institute'),(704,'Augue Sed Limited'),(705,'In Scelerisque Scelerisque Incorporated'),(706,'Ante Lectus Convallis LLC'),(707,'Et Industries'),(708,'Diam LLP'),(709,'Mollis Vitae Posuere Corporation'),(710,'Ante Ipsum Corporation'),
(711,'Gravida Industries'),(712,'Arcu Morbi Sit Consulting'),(713,'Ultricies Ornare Elit Company'),(714,'Morbi Quis Consulting'),(715,'Augue Consulting'),(716,'Non Ante Inc.'),(717,'Eu Tellus Ltd'),(718,'Vitae Orci Phasellus Corp.'),(719,'Convallis Ante Industries'),(720,'Velit LLC'),
(721,'Justo Sit Amet PC'),(722,'Vitae Aliquet Nec LLP'),(723,'Quisque LLC'),(724,'Nec Leo Institute'),(725,'Blandit Congue Consulting'),(726,'Erat Consulting'),(727,'Velit Corporation'),(728,'Interdum Libero Dui Foundation'),(729,'Consectetuer Adipiscing Elit Foundation'),(730,'Tristique Pharetra Industries'),
(731,'Vel Limited'),(732,'Ultrices Vivamus Associates'),(733,'Tempus PC'),(734,'Sit Limited'),(735,'Sed Turpis Consulting'),(736,'Ante Nunc LLC'),(737,'Dui LLC'),(738,'Eu Ligula Aenean Ltd'),(739,'Suspendisse Tristique PC'),(740,'Fermentum Corp.'),
(741,'Non Feugiat Ltd'),(742,'Purus Duis Ltd'),(743,'Malesuada Foundation'),(744,'Orci Tincidunt Incorporated'),(745,'Pede Corp.'),(746,'Proin Mi Aliquam Consulting'),(747,'Velit Inc.'),(748,'Non Magna PC'),(749,'ELtd'),(750,'Nunc Inc.'),
(751,'Sodales Elit Erat Foundation'),(752,'Morbi Neque Industries'),(753,'Sed Et Libero LLP'),(754,'Nam Ac LLP'),(755,'Non Dui LLC'),(756,'Dignissim Magna Associates'),(757,'Erat Etiam Incorporated'),(758,'Mattis Limited'),(759,'Quisque Porttitor Eros Corp.'),(760,'Luctus Curabitur Associates'),
(761,'Erat LLC'),(762,'Ut Erat Sed Ltd'),(763,'Eleifend Institute'),(764,'Erat Vel Pede Industries'),(765,'Vulputate Dui Nec Corporation'),(766,'Arcu Eu Odio Limited'),(767,'Et Tristique Foundation'),(768,'Elementum Sem LLC'),(769,'Natoque Consulting'),(770,'Aliquam Adipiscing Lobortis Incorporated'),
(771,'Nisi Aenean Eget Foundation'),(772,'Cursus Integer Foundation'),(773,'Integer Vulputate Risus Inc.'),(774,'Aliquet Corp.'),(775,'Primis In Faucibus Incorporated'),(776,'Sapien Cursus In Company'),(777,'Orci Ut LLP'),(778,'Gravida Sagittis LLC'),(779,'Mollis Lectus Company'),(780,'Nec LLC'),
(781,'Nunc Quis LLP'),(782,'Dictum Ultricies Ligula Incorporated'),(783,'Vitae Posuere At Foundation'),(784,'Arcu Morbi Industries'),(785,'Montes Nascetur Ridiculus Company'),(786,'Praesent Eu Dui Ltd'),(787,'Libero Ltd'),(788,'Dis Associates'),(789,'Mauris Suspendisse Institute'),(790,'Arcu Et Pede Institute'),
(791,'Placerat Augue Sed Limited'),(792,'Nunc Ut Company'),(793,'Arcu Vivamus Corp.'),(794,'Felis Donec Tempor PC'),(795,'In Incorporated'),(796,'Morbi Metus Vivamus Inc.'),(797,'Quis Accumsan LLC'),(798,'Sagittis Company'),(799,'Aliquet Lobortis Inc.'),(800,'Morbi Associates'),
(801,'Vel Mauris Limited'),(802,'Neque Non Quam Incorporated'),(803,'Erat C'),(804,'Non Enim Mauris Ltd'),(805,'Nullam Ltd'),(806,'Venenatis Corp.'),(807,'Eros Non LLP'),(808,'Malesuada Limited'),(809,'Curabitur Sed Tortor Consulting'),(810,'Arcu Morbi Limited'),
(811,'Proin Corporation'),(812,'Dapibus Inc.'),(813,'Dolor Sit Amet Corp.'),(814,'Eu Elit Corp.'),(815,'Enim Etiam Gravida Inc.'),(816,'A Nunc Inc.'),(817,'Metus Company'),(818,'Velit Cras Lorem Corporation'),(819,'Natoque Incorporated'),(820,'Habitant Morbi Tristique Consulting'),
(821,'Arcu Vel Quam LLP'),(822,'Praesent Interdum Incorporated'),(823,'Vulputate Ullamcorper Limited'),(824,'Urna Associates'),(825,'Ad Litora Torquent LLP'),(826,'Cursus Vestibulum Consulting'),(827,'Mauris Non Company'),(828,'Ultrices A Company'),(829,'Tellus Company'),(830,'Ornare Egestas Ligula Associates'),
(831,'Dis Parturient Montes Inc.'),(832,'Mi Corporation'),(833,'Ut Cursus Incorporated'),(834,'Lorem Eu Incorporated'),(835,'Purus Consulting'),(836,'Non'),(837,'Commodo Foundation'),(838,'Et Magnis Dis Ltd'),(839,'Nulla Eu Neque Industries'),(840,'Ullamcorper Duis Industries'),
(841,'Massa Lobortis Corp.'),(842,'Suspendisse Consulting'),(843,'Nunc Commodo Auctor Associates'),(844,'Accumsan Laoreet Incorporated'),(845,'Egestas LLP'),(846,'Magna Ltd'),(847,'Elit Nulla Consulting'),(848,'Arcu Sed PC'),(849,'Sed Congue Institute'),(850,'Aliquet Odio Etiam Corporation'),
(851,'Dictum Eu Eleifend Consulting'),(852,'Ut Consulting'),(853,'Blandit Limited'),(854,'Risus Incorporated'),(855,'Sed Diam Lorem Ltd'),(856,'Risus Quis Diam Consulting'),(857,'Dapibus Quam Inc.'),(858,'Vel Nisl Inc.'),(859,'Erat Semper Rutrum Incorporated'),(860,'Pede Institute'),
(861,'Nec Ligula Consectetuer Ltd'),(862,'Ipsum Phasellus Vitae Company'),(863,'Dictum Eu Associates'),(864,'Vulputate LLC'),(865,'Ipsum Dolor Sit Consulting'),(866,'In Faucibus Orci Associates'),(867,'Urna Suscipit Foundation'),(868,'Non Corporation'),(869,'Sed Sapien Nunc Ltd'),(870,'Rhoncus Corporation'),
(871,'Id Libero Donec Foundation'),(872,'Maurisss'),(873,'Nec Corporation'),(874,'Nullam Vitae Diam Corporation'),(875,'Erat Vitae Risus Foundation'),(876,'Eu Metus Corporation'),(877,'Aliquam Eros Turpis Foundation'),(878,'Neque Nullam Nisl Inc.'),(879,'Ac Ut Inc.'),(880,'A Industries'),
(881,'Duis A LLC'),(882,'Elit PC'),(883,'Ac Eleifend Vitae Institute'),(884,'Ornare Elit Incorporated'),(885,'Nulla Ante Foundation'),(886,'Neque Morbi Quis LLP'),(887,'Magna LLP'),(888,'Porttitor Tellus Non Institute'),(889,'Ipsumm'),(890,'Conubia Nostra Inc.'),
(891,'Ipsum Primis Institute'),(892,'A Facilisis Corporation'),(893,'Nullam Vitae LLC'),(894,'Iaculis Enim Company'),(895,'A Ultricies Adipiscing Industries'),(896,'Eu Incorporated'),(897,'Rhoncus LLC'),(898,'Urna Nec Luctus Company'),(899,'Orciorp.'),(900,'Utmited'),
(901,'Duis Corporation'),(902,'Aenean LLP'),(903,'Ac Urna Ut Industries'),(904,'Egestas Rhoncus Proin Institute'),(905,'Eros Incorporated'),(906,'Magna Cras Convallis Ltd'),(907,'Amet PC'),(908,'Suspendisse Aliquet Institute'),(909,'Diam Institute'),(910,'Libero Inc.'),
(911,'Duisustries'),(912,'Aenean Corp.'),(913,'At Limited'),(914,'Sem Consequat Inc.'),(915,'Nec Ligula Ltd'),(916,'Ornare Institute'),(917,'Justo Eu Arcu Foundation'),(918,'Sodales Elit Erat Industries'),(919,'Lectusm'),(920,'Integer Aliquam LLC'),
(921,'Et Malesuada Fames Company'),(922,'Id Libero Donec Incorporated'),(923,'Luctus Et Ltd'),(924,'Libero Mauris Company'),(925,'Varius Nam LLP'),(926,'Pellentesque Massa Lobortis Incorporated'),(927,'Dictum Sapien Aenean Institute'),(928,'Fusce Limited'),(929,'Consequat Lectus Sit Inc.'),(930,'Aliquam Associates'),
(931,'Condimentum Donec Associates'),(932,'Ullamcorper Company'),(933,'Proin LLC'),(934,'Ullamcorper Duis PC'),(935,'Diam Proin Limited'),(936,'Aenean Sed Pede Ltd'),(937,'Et Ultrices Associates'),(938,'Enim Diam Vel LLP'),(939,'Euismod Inc.'),(940,'Ultrices Duis Volutpat Limited'),
(941,'Arcu Curabitur Ut LLC'),(942,'Nec Leo Morbi Company'),(943,'Ultrices Posuere Cubilia Incorporated'),(944,'Mollis Consulting'),(945,'Maecenas Institute'),(946,'Neque LLC'),(947,'Justo Industries'),(948,'Tincidunt Adipiscing Mauris Inc.'),(949,'Sem Mollis Corporation'),(950,'Sem Semper PC'),
(951,'Sociis Natoque LLP'),(952,'Et LLP'),(953,'Sociis PC'),(954,'Sed Orci Lobortis Corp.'),(955,'Tortor Nunc Company'),(956,'Nec Incorporated'),(957,'Conubia LLC'),(958,'Enim Nisl Elementum Company'),(959,'In LLC'),(960,'Integer Aliquam Adipiscing LLC'),
(961,'Sed Dui Fusce Consulting'),(962,'Aenean Gravida Nunc Inc.'),(963,'Nunc Company'),(964,'Enim Mi Tempor Company'),(965,'Odio Associates'),(966,'Cursus Corporation'),(967,'Neque Limited'),(968,'A Neque Corporation'),(969,'Eu Erat Semper Associates'),(970,'Ligula Elit Consulting'),
(971,'Vestibulum Associates'),(972,'Arcu Sed Foundation'),(973,'At Risus Limited'),(974,'Condimentum Donec Incorporated'),(975,'Pharetra LLP'),(976,'Fusce Dolor Institute'),(977,'Augue Id Foundation'),(978,'Vestibulum Ante Institute'),(979,'Aliquet Molestie Inc.'),(980,'Cursus In Associates'),
(981,'Vitae Risus Duis Institute'),(982,'Sit Amet Lorem Associates'),(983,'Nullam Nisl'),(984,'Commodo Auctor LLC'),(985,'Ornare Foundation'),(986,'Etiam Incorporated'),(987,'Egestas Inc.'),(988,'Odio Aliquam Vulputate Corp.'),(989,'Eget Corporation'),(990,'Enim Consulting'),
(991,'Semper Rutrum Consulting'),(992,'Ligula Ltd'),(993,'Vel Vulputate Eu Inc.'),(994,'Neque Sed Sem Corp.'),(995,'Varius Et Euismod Limited'),(996,'Eleifend Foundation'),(997,'Vestibulum Lorem Industries'),(998,'Faucibus Ltd'),(999,'Ac Mattis Semper Foundation'),(1000,'Nunc In At LLP');


--contacto-- 8
INSERT INTO contacto (id_contacto,telefono,correo,id_proveedor) VALUES
(1,'2965525463','ut.aliquam@faucibusleo.com',1),(2,'6483544631','adipiscing.ligula.Aenean@Nulla.net',2),(3,'7177029743','at.velit.Pellentesque@ullamcorpermagna.org',3),(4,'8456588581','Vestibulum.ante.ipsum@orciin.com',4),(5,'1293960364','eleifend@sitametlorem.co.uk',5),
(6,'9588618271','eget.odio@tellusNunclectus.co.uk',6),(7,'2622820119','ante.ipsum.primis@magnaseddui.edu',7),(8,'0721926277','non.sollicitudin@leoelementumsem.edu',8),(9,'6475805600','Cras.dictum@rutrum.co.uk',9),(10,'3251766638','vel.mauris@erosNam.edu',10),
(11,'5062531587','nunc.sit.amet@felisDonec.edu',11),(12,'1996491169','rhoncus.Donec@lectusrutrum.ca',12),(13,'3226028370','massa@eutellusPhasellus.co.uk',13),(14,'1186181357','convallis.convallis@laciniamattisInteger.edu',14),(15,'9539032462','ornare.placerat@risusDonec.co.uk',15),
(16,'6869610126','sit@rutrummagnaCras.net',16),(17,'2249448244','facilisis.Suspendisse@sociisnatoque.edu',17),(18,'0927992440','sem@Nullamut.ca',18),(19,'3088372333','ante@luctusaliquetodio.edu',19),(20,'3580077970','Vivamus.nibh@etmalesuada.ca',20),
(21,'8502299023','lorem@fames.net',21),(22,'9778960436','in@natoquepenatibus.edu',22),(23,'1307597705','purus.sapien@Donecfeugiat.net',23),(24,'6287671830','purus@aenim.ca',24),(25,'1134566732','nunc.interdum.feugiat@amet.net',25),
(26,'5743664611','accumsan.sed.facilisis@orcilobortisaugue.co.uk',26),(27,'6437973349','et.magnis@odioa.ca',27),(28,'7361120190','amet@tempordiam.org',28),(29,'6618529768','dui@in.ca',29),(30,'4124566861','ligula.Donec@ametdiam.com',30),
(31,'2164816141','quis.pede.Suspendisse@turpis.com',31),(32,'3827470773','tempus.non.lacinia@Proinvelarcu.ca',32),(33,'6157124178','metus.facilisis.lorem@Etiam.co.uk',33),(34,'2916928110','Cum@Suspendissesagittis.co.uk',34),(35,'1608287342','velit.dui.semper@enimCurabiturmassa.net',35),
(36,'7988585298','pede.Cras@lectus.com',36),(37,'3372410547','lectus.Cum.sociis@Sed.net',37),(38,'0367739234','nec.ligula@est.org',38),(39,'9395730507','egestas.Duis.ac@nibh.ca',39),(40,'1129011655','neque.Nullam@Crasloremlorem.ca',40),
(41,'3416013316','lacus@liberoInteger.ca',41),(42,'2808134727','eleifend@Morbimetus.net',42),(43,'8118297249','gravida.Aliquam@NullaaliquetProin.ca',43),(44,'9004928814','aptent@nonhendrerit.ca',44),(45,'7068576461','Class@disparturient.org',45),
(46,'5907610388','leo.in.lobortis@penatibus.ca',46),(47,'3061721658','consequat@netus.net',47),(48,'2636531152','ipsum@nonenimMauris.edu',48),(49,'3822477032','sem.elit@tempusscelerisque.co.uk',49),(50,'5137714417','Praesent@leoMorbineque.com',50),
(51,'0093329762','eu@vitae.co.uk',51),(52,'2779702971','interdum@temporerat.net',52),(53,'6482545998','lectus@variusorci.com',53),(54,'2543892998','blandit@pharetranibh.com',54),(55,'4965368407','Nam.porttitor@Cumsociisnatoque.net',55),
(56,'2377039119','Morbi.accumsan@in.com',56),(57,'9949902966','dapibus.rutrum.justo@sedorci.edu',57),(58,'6671214130','magna.tellus.faucibus@anteblandit.ca',58),(59,'8769480797','ridiculus.mus@duinectempus.com',59),(60,'7909102773','massa@mattisInteger.org',60),
(61,'1900466936','Suspendisse.sed@ascelerisque.com',61),(62,'5241853721','dui@dignissim.edu',62),(63,'7172059218','pede@vehicula.com',63),(64,'0375612286','velit.Quisque@gravidaAliquamtincidunt.net',64),(65,'4969534941','enim.consequat.purus@primisin.org',65),
(66,'7517282273','quis.urna@Inornare.edu',66),(67,'1231972072','lacinia.at@Utnecurna.ca',67),(68,'6054728408','sapien@massanonante.net',68),(69,'1112797302','Proin.ultrices.Duis@semNullainterdum.com',69),(70,'6928605369','ullamcorper.eu.euismod@Sedeu.com',70),
(71,'7634695830','ac.mattis@convallisest.edu',71),(72,'0055884692','orci@felisegetvarius.org',72),(73,'6393157566','dolor.quam@gravidanonsollicitudin.edu',73),(74,'0585126639','vehicula.Pellentesque.tincidunt@adipiscinglacusUt.com',74),(75,'0309620136','Morbi@molestiedapibus.org',75),
(76,'5135217163','risus.Donec.nibh@maurisa.com',76),(77,'1798662406','mi.tempor.lorem@nec.co.uk',77),(78,'7578172292','Donec@auguemalesuada.edu',78),(79,'6508621441','id@iaculis.edu',79),(80,'6542577581','Donec.at.arcu@eu.net',80),
(81,'0512441609','ac.mattis.ornare@vehicula.com',81),(82,'7179118252','dui.nec.tempus@luctus.net',82),(83,'3387011068','elit.Nulla.facilisi@Vestibulumaccumsan.ca',83),(84,'1472329437','metus@Vivamus.co.uk',84),(85,'8162260396','sit.amet@consequat.ca',85),
(86,'0940304253','dolor@ac.net',86),(87,'2756484462','amet.metus@dictum.edu',87),(88,'4284309350','justo.Proin@massaSuspendisseeleifend.edu',88),(89,'8462546135','Quisque.nonummy.ipsum@adipiscingfringillaporttitor.ca',89),(90,'5854555225','rutrum.urna.nec@Phaselluselitpede.net',90),
(91,'8498727293','Duis@aliquet.com',91),(92,'5808360339','Proin@euligulaAenean.edu',92),(93,'9529864699','at.auctor.ullamcorper@Donec.ca',93),(94,'1411771276','Vivamus.euismod.urna@vitae.com',94),(95,'6925700005','facilisis.non@lobortisClassaptent.org',95),
(96,'1115764564','varius.Nam@ac.net',96),(97,'9933861871','odio@magna.org',97),(98,'2511579076','placerat.augue.Sed@odioNaminterdum.edu',98),(99,'4320358528','interdum@consectetuer.ca',99),(100,'5226966066','magna.Phasellus.dolor@facilisis.co.uk',100),
(101,'1897762159','non.nisi.Aenean@Donecporttitor.com',101),(102,'8441441082','sapien@dui.co.uk',102),(103,'3493533164','dignissim.pharetra.Nam@Mauris.edu',103),(104,'7898545082','Cum.sociis@nislQuisquefringilla.net',104),(105,'3132932597','Curabitur.vel@nisl.co.uk',105),
(106,'1169276103','amet.ornare@Quisquenonummy.ca',106),(107,'5514250935','ipsum.non.arcu@id.co.uk',107),(108,'4324841139','vulputate.risus@nullaCras.edu',108),(109,'2495213028','placerat.orci@ullamcorper.ca',109),(110,'9889316049','orci.tincidunt.adipiscing@enimEtiam.org',110),
(111,'4079020360','erat.in@euultrices.net',111),(112,'1330878510','eget@facilisismagna.net',112),(113,'8674156067','viverra@cursus.ca',113),(114,'0149073993','rutrum@vel.co.uk',114),(115,'7357110430','libero.Morbi@tempuseuligula.edu',115),
(116,'5433988194','Donec.fringilla@cursusInteger.ca',116),(117,'0293382102','urna.Nunc@Duisacarcu.edu',117),(118,'5181657157','Nulla.eu@magna.org',118),(119,'1604051422','iaculis.lacus@vitaevelitegestas.ca',119),(120,'4881297723','est.Nunc.ullamcorper@sedduiFusce.org',120),
(121,'5885457192','quam@nonummy.org',121),(122,'3540895203','non@a.ca',122),(123,'9846806800','eget@a.edu',123),(124,'8856766649','dictum@libero.com',124),(125,'3144364762','aliquet@cursuspurusNullam.edu',125),
(126,'8490022380','porttitor.tellus@sodalesatvelit.org',126),(127,'2079923932','ultricies@Suspendissedui.edu',127),(128,'8952860477','cursus.in@ornare.org',128),(129,'5013035658','in.cursus@dictumProin.edu',129),(130,'4759698341','tincidunt@Donec.ca',130),
(131,'8808826767','nunc.sed@nec.org',131),(132,'0901612473','ante@euismod.org',132),(133,'1115554457','odio.auctor@sedfacilisisvitae.edu',133),(134,'1265757181','arcu@arcu.edu',134),(135,'6248770115','ante@sapien.com',135),
(136,'2503748800','odio.Phasellus@perconubia.com',136),(137,'9105894814','at@dictumeueleifend.co.uk',137),(138,'0157887321','euismod.in.dolor@sedhendrerit.co.uk',138),(139,'6646013686','mattis.ornare.lectus@tinciduntcongue.co.uk',139),(140,'5967641710','imperdiet.nec@nuncrisus.org',140),
(141,'2115753807','metus.In@Proin.net',141),(142,'8812510402','consequat.purus.Maecenas@tincidunt.ca',142),(143,'4645338040','nulla@justoeu.ca',143),(144,'2504961531','nunc@lacusvarius.co.uk',144),(145,'1812353182','tellus.Nunc.lectus@laciniaorci.co.uk',145),
(146,'1221922141','lacus.Nulla.tincidunt@sodales.org',146),(147,'7098548675','Maecenas.ornare@sedtortor.org',147),(148,'7815558958','sed.dictum@duiFuscealiquam.ca',148),(149,'1960586436','pede@luctuslobortis.co.uk',149),(150,'5068482098','varius.orci@nonummy.co.uk',150),
(151,'4340177786','sem.molestie.sodales@Morbiaccumsanlaoreet.org',151),(152,'2595329693','imperdiet.ullamcorper.Duis@loremacrisus.org',152),(153,'9965234969','vel.sapien.imperdiet@elitpellentesquea.edu',153),(154,'8034270780','natoque.penatibus.et@enimnectempus.co.uk',154),(155,'2328816589','sit.amet.ultricies@ataugue.com',155),
(156,'7234924900','nec.ante.Maecenas@et.net',156),(157,'2703551825','consectetuer.euismod@Duissitamet.edu',157),(158,'3555947045','sapien@rutrumjustoPraesent.ca',158),(159,'2676544523','aliquet@luctusaliquetodio.ca',159),(160,'8076798530','diam.dictum@consequat.net',160),
(161,'1866882550','aliquet@Praesenteu.org',161),(162,'5329487398','dignissim.magna.a@pharetraQuisqueac.org',162),(163,'5195511292','ullamcorper.viverra.Maecenas@Praesenteudui.com',163),(164,'2367544224','vel.mauris@urnasuscipitnonummy.co.uk',164),(165,'5086888240','lorem@augue.edu',165),
(166,'3388453383','sed.consequat.auctor@Curae.net',166),(167,'3079781032','nec@Duisat.ca',167),(168,'9632871202','mi.enim@mauris.ca',168),(169,'2812606853','dui.Suspendisse.ac@mollisvitae.net',169),(170,'2330833600','magnis.dis.parturient@semegestasblandit.com',170),
(171,'4906811043','purus.Duis.elementum@rutrumjustoPraesent.org',171),(172,'0834859885','scelerisque.neque.Nullam@litoratorquentper.org',172),(173,'1542807873','eleifend@ullamcorpermagnaSed.co.uk',173),(174,'1924351121','ut.aliquam.iaculis@molestietellus.co.uk',174),(175,'9832168038','Cum@orcilacusvestibulum.net',175),
(176,'4143431129','Donec.felis.orci@Duiscursusdiam.edu',176),(177,'1341367271','libero@felis.com',177),(178,'3638411054','neque.Sed@antedictummi.org',178),(179,'0996982964','leo.elementum.sem@massaVestibulumaccumsan.net',179),(180,'2820734870','pharetra@imperdietornare.co.uk',180),
(181,'8791138144','pharetra.Quisque@tincidunt.co.uk',181),(182,'6454530283','ante.dictum.mi@Curabituregestas.net',182),(183,'2834238880','Quisque.libero@vehiculaPellentesque.org',183),(184,'3712684977','eu.odio@cursus.net',184),(185,'4932196645','Cras@erateget.ca',185),
(186,'5676016203','sed.facilisis@ametultricies.co.uk',186),(187,'2240826117','scelerisque.scelerisque@mattis.com',187),(188,'9587243178','lectus.pede.et@faucibus.ca',188),(189,'6017205186','elementum.lorem.ut@velitPellentesqueultricies.com',189),(190,'9522215703','quam@sit.co.uk',190),
(191,'6549942712','neque.In@a.net',191),(192,'0285266409','eu.lacus.Quisque@Cumsociisnatoque.org',192),(193,'6838832809','nec.urna.et@consectetuermaurisid.edu',193),(194,'9551028088','velit.eu@a.co.uk',194),(195,'2358604595','non@velarcu.co.uk',195),
(196,'0466247519','Cras@quamPellentesque.edu',196),(197,'3942036034','urna.Nullam@Nunc.ca',197),(198,'7991104952','orci@rutrumlorem.co.uk',198),(199,'6927998719','facilisis.eget@aliquamarcuAliquam.edu',199),(200,'0185941001','quam.quis@nasceturridiculusmus.edu',200),
(201,'2165682581','volutpat@aliquetmetus.com',201),(202,'6681743785','eu.neque.pellentesque@massarutrummagna.ca',202),(203,'8767791765','nulla.In@urnanecluctus.co.uk',203),(204,'6903031167','aliquet.magna.a@mattisvelit.ca',204),(205,'7914428471','Morbi.metus@pedeNuncsed.edu',205),
(206,'0148243121','Curabitur.egestas.nunc@auguemalesuadamalesuada.net',206),(207,'9894326300','sit.amet.consectetuer@netuset.edu',207),(208,'6927954332','ante@euplacerateget.net',208),(209,'3110102235','aliquet@urnaNullamlobortis.co.uk',209),(210,'3000551098','vitae@cubiliaCuraeDonec.com',210),
(211,'9759273073','odio.semper@eleifendvitaeerat.org',211),(212,'0971674572','elementum.at@acturpis.co.uk',212),(213,'2577047339','Pellentesque.habitant.morbi@tempuseu.co.uk',213),(214,'7416506454','orci.sem.eget@idmagnaet.org',214),(215,'3740927034','Fusce.diam.nunc@semeget.org',215),
(216,'1315263749','sollicitudin@Cumsociisnatoque.com',216),(217,'2845435268','arcu.iaculis@nibhDonecest.edu',217),(218,'9430300281','Ut@vestibulum.ca',218),(219,'9259252651','pharetra.Quisque@turpis.com',219),(220,'2432627019','et.magnis.dis@sitametorci.org',220),
(221,'2255216094','metus.urna.convallis@diamDuis.co.uk',221),(222,'4570765212','Mauris@vitaerisusDuis.co.uk',222),(223,'6263008666','risus.Duis@Phasellusdapibusquam.net',223),(224,'7037785148','elit.Aliquam.auctor@quamelementumat.com',224),(225,'4651175861','arcu@quamPellentesque.net',225),
(226,'6306487848','tellus@elementum.edu',226),(227,'2972118255','enim.sit.amet@odioauctorvitae.net',227),(228,'6209915619','luctus@loremutaliquam.org',228),(229,'6136047517','dui.augue@InloremDonec.net',229),(230,'7251714806','Nam.interdum@vehicula.org',230),
(231,'2168530313','Maecenas@eumetusIn.com',231),(232,'3825974950','non@vulputateeu.ca',232),(233,'1069594218','lectus.justo@dictum.co.uk',233),(234,'9774921620','diam.nunc@nonummyipsumnon.net',234),(235,'3216246547','et.rutrum.non@tinciduntDonecvitae.ca',235),
(236,'1714606063','eget@nuncsit.edu',236),(237,'0500013764','eget.massa@pedeac.net',237),(238,'5615643448','amet.ultricies@Fuscealiquamenim.com',238),(239,'2199225209','et.arcu.imperdiet@variusultrices.ca',239),(240,'6928969198','ipsum@amet.org',240),
(241,'2497885889','tellus@Etiamimperdiet.ca',241),(242,'2060429711','Phasellus.fermentum.convallis@varius.ca',242),(243,'5551237849','non.cursus.non@accumsanconvallis.co.uk',243),(244,'0681870979','velit@nectempusmauris.co.uk',244),(245,'2890475014','metus.sit@lobortisrisus.com',245),
(246,'2829205516','nec.luctus@semegestas.edu',246),(247,'3944815423','vestibulum.lorem@Aliquam.net',247),(248,'8929972159','Fusce@ipsum.org',248),(249,'9414312403','Quisque@semmollisdui.net',249),(250,'2091601010','mollis.Phasellus.libero@ornaresagittis.ca',250),
(251,'9737113571','tempus@cursuspurusNullam.com',251),(252,'6475110944','Donec@euenimEtiam.ca',252),(253,'4017561593','vel.venenatis@nislNulla.com',253),(254,'9865728895','elit.Aliquam.auctor@aliquetmolestie.net',254),(255,'1760364662','In@malesuadafringilla.edu',255),
(256,'5574873780','ac.sem.ut@habitant.co.uk',256),(257,'9698613563','eu.nibh@musAenean.com',257),(258,'2344907360','non.hendrerit.id@temporarcu.edu',258),(259,'0870350200','ipsum.leo@volutpatNulla.net',259),(260,'4913164517','tempus.scelerisque@Vestibulum.co.uk',260),
(261,'6937854232','adipiscing.ligula@atvelitPellentesque.org',261),(262,'9858559358','erat.in@accumsan.edu',262),(263,'8077054775','leo@dictummagna.co.uk',263),(264,'2124811702','Aenean.sed.pede@sollicitudincommodoipsum.net',264),(265,'3934598130','Nullam.suscipit.est@cursuspurus.co.uk',265),
(266,'7266436670','non.ante.bibendum@rutrumlorem.net',266),(267,'9017041382','odio.Nam@risusDonecegestas.edu',267),(268,'9717303267','nibh@a.co.uk',268),(269,'1850345051','Phasellus.in.felis@risus.ca',269),(270,'9889256657','iaculis.lacus@necmetus.co.uk',270),
(271,'1938569836','blandit.Nam@tempusscelerisquelorem.org',271),(272,'7721575329','neque.Nullam@milorem.edu',272),(273,'9076961985','odio.Aliquam.vulputate@gravida.com',273),(274,'1525553922','dignissim.Maecenas.ornare@anteMaecenasmi.ca',274),(275,'2677605979','odio.Etiam@enim.com',275),
(276,'3487282243','metus.sit.amet@mipede.org',276),(277,'0809150207','Duis.sit.amet@eratvolutpat.com',277),(278,'3632080883','Duis@idrisus.com',278),(279,'6690590121','feugiat.Lorem@eterosProin.ca',279),(280,'8713685514','sem@purussapien.edu',280),
(281,'9803636865','mus@urna.org',281),(282,'0229860875','Praesent.luctus@senectuset.co.uk',282),(283,'0562913401','interdum.Nunc.sollicitudin@lacus.net',283),(284,'2975171941','lobortis.tellus.justo@vestibulumneque.co.uk',284),(285,'6031147294','arcu.Vestibulum@sitamet.co.uk',285),
(286,'0616535792','ut@nulla.com',286),(287,'2220403008','sed.dolor@atauctorullamcorper.net',287),(288,'0364759280','orci@tristique.org',288),(289,'6835530492','eu.dui@nequetellus.co.uk',289),(290,'8127288132','Aenean@semperduilectus.ca',290),
(291,'2662243328','sed@orciinconsequat.ca',291),(292,'6189089813','quis.lectus.Nullam@aliquetmetusurna.edu',292),(293,'0655025293','Integer@rhoncusNullam.net',293),(294,'7024678724','ipsum.Phasellus@metus.com',294),(295,'4167589556','dolor.Nulla@dolor.com',295),
(296,'1735484614','justo@interdum.org',296),(297,'1786978488','enim.nisl@interdumliberodui.ca',297),(298,'6138764582','Mauris.ut@malesuadaInteger.net',298),(299,'7761525626','ridiculus.mus.Proin@vulputatemauris.net',299),(300,'2313898841','orci.adipiscing.non@consectetuermaurisid.co.uk',300),
(301,'2431653420','tristique.neque.venenatis@augueacipsum.com',301),(302,'9678433090','augue@velvenenatis.org',302),(303,'6034288707','Duis.elementum@sed.org',303),(304,'5396383071','Integer.sem.elit@ametconsectetuer.com',304),(305,'0934694617','justo.eu@mollisnoncursus.com',305),
(306,'5320426369','ut@vulputatelacus.com',306),(307,'0483247744','orci.Phasellus.dapibus@ipsumDonec.org',307),(308,'9780009561','a@indolor.net',308),(309,'7806131741','fringilla.mi.lacinia@augueac.edu',309),(310,'1560547830','dictum.placerat.augue@eu.co.uk',310),
(311,'5417048059','dui.nec@in.com',311),(312,'9744739602','Integer.vitae.nibh@leo.edu',312),(313,'2663206960','ligula@non.ca',313),(314,'9371195593','in.hendrerit@Quisqueimperdiet.co.uk',314),(315,'2335435072','Nullam.velit.dui@vulputateveliteu.com',315),
(316,'8851501655','Ut.tincidunt@tortordictum.com',316),(317,'0450566886','Quisque.libero@magnanec.org',317),(318,'7277996915','gravida.molestie@nisl.co.uk',318),(319,'3619756808','volutpat.nunc@Nullamsuscipit.co.uk',319),(320,'4946331470','cursus.luctus@rutrumeuultrices.org',320),
(321,'8470918334','a.auctor.non@convallisincursus.co.uk',321),(322,'5129155666','tellus@magna.ca',322),(323,'4220098312','Donec.tincidunt.Donec@faucibusMorbi.edu',323),(324,'7785531576','quis.accumsan.convallis@blandit.org',324),(325,'0217912336','Aliquam.nisl.Nulla@massaMaurisvestibulum.ca',325),
(326,'4147514231','lectus.sit.amet@sagittissemper.edu',326),(327,'0612013935','nec.metus.facilisis@suscipitestac.net',327),(328,'7367039086','dictum@aceleifendvitae.ca',328),(329,'6408099407','tortor.nibh@Phasellusdolor.co.uk',329),(330,'7034491123','ante@accumsannequeet.ca',330),
(331,'2944978649','aliquam.iaculis.lacus@ategestasa.co.uk',331),(332,'7164635135','eu.eros@nequeNullamnisl.com',332),(333,'9915356553','Sed.nec@eunequepellentesque.com',333),(334,'0450923024','aliquet.metus.urna@Integer.edu',334),(335,'9523002684','Morbi.accumsan@Maecenasornare.org',335),
(336,'3402033017','orci@sociisnatoque.edu',336),(337,'6108384644','massa.rutrum@egestasAliquam.com',337),(338,'2512903561','penatibus.et.magnis@eueuismod.co.uk',338),(339,'5302916329','quam.dignissim@nibhdolornonummy.net',339),(340,'2470719220','quam.quis.diam@ac.net',340),
(341,'4208044088','ante@musProinvel.org',341),(342,'0054589444','nisl.sem@ullamcorperDuis.net',342),(343,'0943421585','pellentesque.a.facilisis@NullamenimSed.ca',343),(344,'8840730284','dis.parturient.montes@magnaPraesent.co.uk',344),(345,'4699978718','auctor.odio@hendrerit.net',345),
(346,'7730815220','semper@posuerevulputatelacus.net',346),(347,'7417096899','risus.Donec@metus.ca',347),(348,'3593960251','vulputate.risus@dictumauguemalesuada.com',348),(349,'5511176342','Morbi.metus.Vivamus@Fuscemi.net',349),(350,'0670322504','facilisis.facilisis@morbitristiquesenectus.net',350),
(351,'4559535283','ridiculus.mus@Nam.com',351),(352,'3727133313','dolor@aliquet.com',352),(353,'3446447740','ligula@nostraperinceptos.ca',353),(354,'6366614535','orci.in.consequat@natoquepenatibus.edu',354),(355,'8299374601','Integer@non.org',355),
(356,'9503519141','facilisis.facilisis.magna@habitant.ca',356),(357,'7977472801','et.commodo.at@Nulla.edu',357),(358,'3856223308','adipiscing@nisidictum.edu',358),(359,'0160330424','Donec.fringilla.Donec@arcuvel.edu',359),(360,'1627030822','ornare@et.com',360),
(361,'8192230325','ornare@non.co.uk',361),(362,'1374107057','aliquam.eros.turpis@id.net',362),(363,'8594363498','aptent.taciti.sociosqu@necdiam.co.uk',363),(364,'4428872213','Nullam@euaccumsansed.edu',364),(365,'0154718769','ac@sapienmolestie.edu',365),
(366,'1955043276','at.auctor.ullamcorper@euultrices.net',366),(367,'6012996069','id.nunc@Morbisit.net',367),(368,'7330742377','et.ultrices@maurissapiencursus.co.uk',368),(369,'4824459673','metus@auguemalesuada.org',369),(370,'6482999279','feugiat@sagittisNullamvitae.edu',370),
(371,'6841194963','placerat.orci@Cumsociisnatoque.org',371),(372,'7229166904','id.risus@mi.com',372),(373,'3819599952','pede@viverraDonec.edu',373),(374,'0420940763','cursus@dictumeueleifend.co.uk',374),(375,'9365188179','aliquam.eros@ut.net',375),
(376,'9515180875','vulputate@ultricies.edu',376),(377,'6728172879','Fusce.feugiat@duinecurna.org',377),(378,'7456170180','non.lobortis@leoVivamusnibh.com',378),(379,'7127867596','leo.elementum.sem@lacus.co.uk',379),(380,'0648220207','dictum.sapien.Aenean@Lorem.edu',380),
(381,'8016018711','velit.egestas.lacinia@nuncsed.org',381),(382,'4894022525','et.eros.Proin@asollicitudin.co.uk',382),(383,'6241575522','at.iaculis@Nullainterdum.co.uk',383),(384,'4490390529','dis.parturient.montes@Morbimetus.net',384),(385,'0131899705','a@justo.ca',385),
(386,'6886243594','ornare.facilisis@diam.ca',386),(387,'3224035456','malesuada.vel.convallis@fringilla.ca',387),(388,'8010467108','dui.Fusce@anteipsum.ca',388),(389,'5788258187','diam.eu@Proinnon.net',389),(390,'7455281467','risus.Donec.egestas@nibhenimgravida.org',390),
(391,'7362445479','nibh.enim@Sednuncest.ca',391),(392,'9504461971','Integer.mollis.Integer@lectuspedeet.ca',392),(393,'5364993795','In@Pellentesqueut.org',393),(394,'7560315983','Integer.urna.Vivamus@et.ca',394),(395,'8290214978','in.consectetuer.ipsum@nislarcuiaculis.net',395),
(396,'5600598926','quam.elementum@DonectinciduntDonec.net',396),(397,'6754760779','vel@id.net',397),(398,'1274087981','non.sapien@gravidasitamet.org',398),(399,'6341244132','urna@a.net',399),(400,'1729467481','egestas.Fusce.aliquet@a.net',400),
(401,'4349437044','nec.diam.Duis@pellentesqueegetdictum.org',401),(402,'2347026400','at@senectuset.ca',402),(403,'2350004029','enim.Etiam@urnaNuncquis.com',403),(404,'4427265833','et@nonmagna.ca',404),(405,'8910901176','Fusce.fermentum@pretiumaliquetmetus.ca',405),
(406,'7596554596','scelerisque.mollis@pede.com',406),(407,'7526212420','ut.ipsum@risusMorbi.com',407),(408,'9252140140','varius.et@arcuSedeu.org',408),(409,'7071804050','vehicula@Aeneaneuismodmauris.edu',409),(410,'5581411857','Nullam.scelerisque.neque@nonummyac.edu',410),
(411,'0453954258','mi.Aliquam.gravida@lacus.org',411),(412,'8554861931','lacinia@Maurisvestibulumneque.org',412),(413,'7144516381','ligula.consectetuer.rhoncus@sem.ca',413),(414,'6594205227','natoque.penatibus.et@lacus.co.uk',414),(415,'9790246797','Donec.tempus.lorem@vel.ca',415),
(416,'3031116853','dolor@risusquis.com',416),(417,'5668790886','Nam@risus.com',417),(418,'1560036350','cursus.vestibulum@vulputaterisusa.com',418),(419,'9666656153','libero@aarcuSed.edu',419),(420,'7159103565','non.lacinia@id.org',420),
(421,'4734048237','velit@ac.co.uk',421),(422,'7583392730','malesuada.fames@dapibusgravida.ca',422),(423,'3163912847','mollis.dui.in@ipsum.co.uk',423),(424,'2799918596','id.ante@dictum.net',424),(425,'5224235845','eu.enim.Etiam@egetlaoreetposuere.org',425),
(426,'5833219061','pede.nec@nibhPhasellus.com',426),(427,'0993796672','dolor.nonummy@mattisvelitjusto.co.uk',427),(428,'8911354490','enim@sapien.ca',428),(429,'7046019631','tellus.faucibus.leo@nec.org',429),(430,'5177387515','Nullam@Phasellusdolor.org',430),
(431,'8230150384','tincidunt.tempus@augueporttitorinterdum.edu',431),(432,'7520126070','lorem@scelerisque.com',432),(433,'9511952703','purus@Crasegetnisi.com',433),(434,'9119910648','at.auctor.ullamcorper@at.org',434),(435,'6089092918','mus@Praesenteudui.ca',435),
(436,'5004520242','risus.Duis.a@Morbiquis.org',436),(437,'2926429244','luctus.felis@ultriciesadipiscingenim.com',437),(438,'4759470779','dolor.elit.pellentesque@vitaealiquetnec.co.uk',438),(439,'5006141931','justo.Praesent.luctus@Donec.edu',439),(440,'7562128146','ipsum.sodales@vulputatedui.edu',440),
(441,'2674504381','orci.Donec@Pellentesqueultriciesdignissim.net',441),(442,'9265038587','felis@dignissim.com',442),(443,'3322304607','tellus@sitametornare.com',443),(444,'2724979628','et.netus.et@mus.co.uk',444),(445,'6919735377','gravida.sagittis@sociisnatoquepenatibus.ca',445),
(446,'6179131915','luctus.lobortis.Class@arcu.co.uk',446),(447,'7772206737','Aliquam.gravida@augue.co.uk',447),(448,'1307057521','felis.Donec@neccursusa.net',448),(449,'3101127240','Cum.sociis.natoque@lacusQuisque.co.uk',449),(450,'6690113112','at.velit@aultriciesadipiscing.org',450),
(451,'2841680790','lacinia.mattis.Integer@volutpatNulla.com',451),(452,'7464863106','laoreet.lectus.quis@nonbibendum.com',452),(453,'9059156648','Phasellus.dapibus.quam@dignissim.com',453),(454,'6817514357','dolor@egestasSed.edu',454),(455,'6177095278','non@egestasascelerisque.ca',455),
(456,'6186785369','Nunc.lectus.pede@fringillacursuspurus.co.uk',456),(457,'9921743931','Fusce@risus.com',457),(458,'1271023295','sociosqu@euodiotristique.co.uk',458),(459,'0425630330','Morbi@sedleoCras.co.uk',459),(460,'6417054564','eu@sed.net',460),
(461,'7154426866','tempor@enimNuncut.co.uk',461),(462,'6259175969','montes.nascetur@mollis.org',462),(463,'8025658422','ipsum.nunc.id@Namligula.org',463),(464,'3429226467','commodo.ipsum@idanteNunc.ca',464),(465,'4628155728','felis.adipiscing@acturpisegestas.co.uk',465),
(466,'8620640920','nunc@vitaesodalesat.com',466),(467,'6000402957','ac.orci@lacusEtiambibendum.co.uk',467),(468,'8042559617','dolor@hendreritconsectetuer.edu',468),(469,'3910078020','vitae.sodales.at@massanon.ca',469),(470,'6760088771','dui@eratVivamus.com',470),
(471,'4110078070','Cras@euultrices.org',471),(472,'6917311734','libero.lacus.varius@urnaUttincidunt.com',472),(473,'8295342195','sit.amet@auctorveliteget.com',473),(474,'2625656423','tincidunt.orci@Nulla.org',474),(475,'2936567626','ac.ipsum.Phasellus@euodiotristique.ca',475),
(476,'9525731215','Mauris.quis.turpis@dictum.ca',476),(477,'1309846768','rutrum@anteiaculisnec.net',477),(478,'4984995901','sapien.Aenean.massa@Phasellusvitaemauris.ca',478),(479,'9029419625','adipiscing@ultricies.co.uk',479),(480,'2136849375','ultrices.posuere@maurisanunc.ca',480),
(481,'6540569418','arcu.Morbi@inhendrerit.net',481),(482,'5142932743','sollicitudin@dui.ca',482),(483,'8373644365','amet@venenatisvel.net',483),(484,'5595372195','dolor.sit.amet@lacinia.org',484),(485,'3646714590','dignissim@volutpatornarefacilisis.edu',485),
(486,'2478350063','montes.nascetur.ridiculus@risusa.edu',486),(487,'0201495813','mi.fringilla.mi@semelit.com',487),(488,'7174562655','vitae.odio@nonenim.net',488),(489,'9363943735','molestie.sodales@nonnisi.ca',489),(490,'4118961887','enim@justoProin.com',490),
(491,'2162513140','ligula@turpisNulla.edu',491),(492,'1254487441','fringilla.mi@Sedetlibero.net',492),(493,'9018293085','mattis@sed.co.uk',493),(494,'7792048742','conubia.nostra.per@conubianostraper.co.uk',494),(495,'8498064322','nunc.ullamcorper@Integermollis.edu',495),
(496,'1202193236','luctus@vitaedolorDonec.org',496),(497,'6155333160','vulputate@laoreet.edu',497),(498,'8632299259','nisl@In.edu',498),(499,'7363138081','arcu.Vestibulum@eros.co.uk',499),(500,'1562488872','risus@lacusEtiam.com',500),
(501,'3455889711','iaculis.enim@Cras.net',501),(502,'8533246260','est.mauris.rhoncus@Phasellus.edu',502),(503,'5424479540','ligula.elit@egestasrhoncusProin.edu',503),(504,'5589939148','vitae@eu.net',504),(505,'9211251962','ligula@Quisque.net',505),
(506,'5849964023','et.netus@CuraeDonec.net',506),(507,'5066468076','ut.quam.vel@etmagnaPraesent.ca',507),(508,'0063860869','erat.nonummy@hendreritDonec.co.uk',508),(509,'4251730928','ligula.Aenean@dolor.net',509),(510,'4773731802','dignissim.magna@nonenim.org',510),
(511,'9751477811','vulputate@CrasinterdumNunc.ca',511),(512,'4916099372','purus@mi.org',512),(513,'1432868028','est@vitaedolorDonec.net',513),(514,'8456159175','velit.Aliquam.nisl@loremtristique.ca',514),(515,'3991390145','egestas.a.dui@metussitamet.org',515),
(516,'5363061596','congue@amet.co.uk',516),(517,'2244899569','Phasellus.fermentum.convallis@Sed.org',517),(518,'3867436004','a.facilisis@Sed.ca',518),(519,'9099429872','mauris.sit.amet@nequeNullam.net',519),(520,'5116739912','et.magnis@a.edu',520),
(521,'2481163931','vitae.semper@massaVestibulum.com',521),(522,'6941862969','at@fermentumvel.org',522),(523,'5377477140','nulla.Integer.vulputate@necimperdietnec.co.uk',523),(524,'9449249780','suscipit@aliquam.ca',524),(525,'8315147380','Donec.dignissim.magna@nullaat.edu',525),
(526,'7003362963','Aliquam@ultriciesligulaNullam.co.uk',526),(527,'7866970988','inceptos.hymenaeos@dictumcursus.co.uk',527),(528,'2351203999','per.conubia@placerataugueSed.net',528),(529,'3324243734','elementum.at@nec.com',529),(530,'3952172713','malesuada.ut.sem@consectetuereuismod.ca',530),
(531,'3119739630','penatibus.et.magnis@vitae.com',531),(532,'3909867226','vitae.odio@erat.edu',532),(533,'4872239496','Duis@Sed.co.uk',533),(534,'3358389594','sed.est@commodoipsum.ca',534),(535,'8173837848','egestas.Aliquam@pedemalesuada.net',535),
(536,'2675429359','Integer@torquentperconubia.org',536),(537,'0799355559','est.Nunc@eleifend.com',537),(538,'6913767859','amet@placerat.net',538),(539,'5145540714','netus.et@Curabitur.co.uk',539),(540,'9345723189','Sed@et.com',540),
(541,'2375295226','nisi.Aenean.eget@Sed.edu',541),(542,'0676163821','pretium@intempus.org',542),(543,'7988188166','vitae.risus@pede.edu',543),(544,'3745059719','pharetra@magnatellus.com',544),(545,'1057174295','malesuada.augue.ut@justo.com',545),
(546,'2318274299','purus.Duis@Donecsollicitudinadipiscing.ca',546),(547,'0112324565','non.bibendum@ligulaelitpretium.ca',547),(548,'8887301061','eu@mauriseu.org',548),(549,'2711241482','eu@dolorsit.edu',549),(550,'8544236002','ultricies.ornare@inmagna.org',550),
(551,'5820866695','ac@turpis.edu',551),(552,'9523366063','nec.tempus@malesuadaiderat.ca',552),(553,'3309613596','Nullam.feugiat.placerat@inmolestie.org',553),(554,'3655429288','tellus.lorem.eu@ac.net',554),(555,'3254871934','sagittis.placerat@Nam.co.uk',555),
(556,'8876630187','Quisque.fringilla.euismod@porttitortellusnon.com',556),(557,'9356189167','urna@lacinia.ca',557),(558,'3252339324','non.vestibulum.nec@semvitaealiquam.ca',558),(559,'9149645085','ullamcorper.nisl.arcu@penatibusetmagnis.ca',559),(560,'4608859247','arcu.iaculis@ut.com',560),
(561,'9002292100','lobortis.quis@Duis.com',561),(562,'9666223000','sit@egestas.edu',562),(563,'5753254166','ante.Nunc@Quisqueornare.org',563),(564,'0189440550','elit@molestiesodalesMauris.com',564),(565,'9671097665','non@elementumpurusaccumsan.co.uk',565),
(566,'6818129425','convallis.dolor.Quisque@sagittisDuisgravida.ca',566),(567,'3467116730','In@nuncrisus.co.uk',567),(568,'4319849041','tempor.bibendum@idnunc.org',568),(569,'1437283257','elit.Etiam.laoreet@leo.net',569),(570,'1908793801','diam.Pellentesque.habitant@liberoatauctor.edu',570),
(571,'1580635068','diam.Proin@Pellentesque.co.uk',571),(572,'0906543305','metus.Vivamus.euismod@pedeCrasvulputate.co.uk',572),(573,'2164328975','elit.pede@Nunc.org',573),(574,'2233277720','lorem.vitae.odio@Aeneangravida.co.uk',574),(575,'6644516345','posuere@Namnulla.org',575),
(576,'3386085512','felis.Nulla@etmagnisdis.ca',576),(577,'4878890947','faucibus.ut@In.net',577),(578,'3438943025','sapien.cursus@Sedauctor.org',578),(579,'4299218663','bibendum.fermentum@Donecfeugiat.org',579),(580,'4149852357','nunc.In.at@urnaNuncquis.org',580),
(581,'0879464999','semper.tellus.id@acipsum.org',581),(582,'2645364646','dapibus.ligula@leo.ca',582),(583,'5004982505','placerat.augue.Sed@libero.org',583),(584,'3389792126','hendrerit.neque@ullamcorperDuiscursus.ca',584),(585,'7063735897','ut.lacus.Nulla@Morbi.com',585),
(586,'1259973195','facilisi.Sed.neque@Loremipsumdolor.net',586),(587,'4440319942','Nulla.dignissim.Maecenas@Donec.ca',587),(588,'0847172528','a.sollicitudin@adipiscingelitAliquam.edu',588),(589,'0964248817','dui.Cras.pellentesque@purusaccumsaninterdum.net',589),(590,'0576128985','urna.Vivamus@vitaealiquam.net',590),
(591,'7779881807','velit.Quisque.varius@acrisus.net',591),(592,'7898017035','feugiat.placerat.velit@lacusEtiam.com',592),(593,'9853323047','est@vellectus.co.uk',593),(594,'6060511992','feugiat.metus@ipsumnunc.org',594),(595,'1076046664','orci@Pellentesquetincidunttempus.com',595),
(596,'3528546764','nonummy.ultricies.ornare@magnaPhasellusdolor.com',596),(597,'3073246255','nisl.Quisque.fringilla@tristiquenequevenenatis.ca',597),(598,'2094254168','mi@dolor.co.uk',598),(599,'5341710670','Aliquam.nec.enim@taciti.co.uk',599),(600,'4320145425','sed@accumsaninterdumlibero.com',600),
(601,'5788706266','vestibulum.Mauris.magna@sempercursusInteger.co.uk',601),(602,'5154523681','Nullam@Duisatlacus.net',602),(603,'3554925502','enim@vitae.org',603),(604,'8734434752','sit@enimnectempus.ca',604),(605,'2354330997','orci@scelerisquesedsapien.ca',605),
(606,'8628593148','consequat@Aliquamgravidamauris.org',606),(607,'1472963252','non.cursus@eleifendegestas.co.uk',607),(608,'3043173081','aliquet@risusMorbi.com',608),(609,'2863202178','arcu.Nunc.mauris@adipiscingMaurismolestie.com',609),(610,'7098545030','nec.urna.suscipit@ligulaDonec.net',610),
(611,'3874055254','malesuada@leoelementum.org',611),(612,'1768050437','eu.enim@augue.net',612),(613,'0554268585','risus.Donec@Nullatincidunt.org',613),(614,'7807475686','Curae@sagittissemper.com',614),(615,'4346803709','justo.Praesent@nonenim.com',615),
(616,'5503585677','libero.lacus.varius@vulputate.edu',616),(617,'5029456204','Cras@blanditviverraDonec.com',617),(618,'8572903812','eu.neque@sitametlorem.org',618),(619,'8236111226','lorem.ipsum@etlibero.org',619),(620,'1840240086','Proin@ametultricies.co.uk',620),
(621,'4788316387','ac@vitaesodales.com',621),(622,'1448009029','Nunc.lectus@Aenean.co.uk',622),(623,'8798985172','eleifend.vitae@Nunc.org',623),(624,'6052994872','magnis@mifelis.edu',624),(625,'3506344231','erat.vitae@Phasellusataugue.com',625),
(626,'0018703502','et.arcu@odiotristiquepharetra.ca',626),(627,'3483127203','feugiat@libero.edu',627),(628,'4381889123','tellus@necdiam.ca',628),(629,'3326616258','diam@ultricesmauris.edu',629),(630,'8357261643','adipiscing.elit@primis.net',630),
(631,'6905246450','sem@erategetipsum.net',631),(632,'3325669300','rhoncus.Donec.est@risusat.ca',632),(633,'7319114530','lacus.Ut.nec@accumsannequeet.ca',633),(634,'5208823021','feugiat.tellus.lorem@tinciduntadipiscing.ca',634),(635,'8663235402','Integer.vulputate@Maecenas.org',635),
(636,'1719679521','augue.ac@urnajusto.com',636),(637,'7170187500','eu.tellus.eu@CurabiturmassaVestibulum.ca',637),(638,'9604925496','in.lobortis@vestibulum.ca',638),(639,'3125793763','ut.sem.Nulla@sapienNuncpulvinar.edu',639),(640,'7301903662','in.felis@sedorcilobortis.com',640),
(641,'0846438497','tortor.nibh@pellentesquetellussem.net',641),(642,'9486624977','Nunc.lectus@lectusCumsociis.net',642),(643,'5594146882','eros@magna.com',643),(644,'7050638419','arcu.Aliquam@quam.net',644),(645,'2478672499','imperdiet.ullamcorper.Duis@vehicula.org',645),
(646,'5670203076','sed@euismodenimEtiam.net',646),(647,'4716852874','amet.ultricies.sem@semper.net',647),(648,'7751353328','tempor.bibendum.Donec@sit.com',648),(649,'9863551644','dolor@eget.com',649),(650,'9376446420','molestie.pharetra@senectus.co.uk',650),
(651,'2746483811','dolor.elit.pellentesque@acliberonec.net',651),(652,'3884568485','ullamcorper@turpis.ca',652),(653,'8933202868','in@nuncsed.edu',653),(654,'8041735010','elit.Nulla.facilisi@iaculisenimsit.ca',654),(655,'4110890153','quis.lectus.Nullam@fermentum.ca',655),
(656,'5470165208','Aliquam@Aliquamauctor.com',656),(657,'4240385113','dictum.Proin.eget@nonmassa.org',657),(658,'6200200916','et.commodo@dui.org',658),(659,'5928643553','tellus@velit.org',659),(660,'5719841643','lacinia.orci@nonante.co.uk',660),
(661,'7442374402','arcu@Nulladignissim.co.uk',661),(662,'6088594775','quis.urna.Nunc@anteVivamusnon.com',662),(663,'4715614195','est@telluseu.ca',663),(664,'2697408686','amet.nulla@ultricesmaurisipsum.org',664),(665,'9558549053','eget@semconsequat.org',665),
(666,'9962209068','magna.sed.dui@blanditenim.com',666),(667,'0749107015','consectetuer@pedeCras.co.uk',667),(668,'5364363363','sed.tortor@Nuncsedorci.net',668),(669,'9277042442','auctor.ullamcorper.nisl@nonummyFuscefermentum.com',669),(670,'1567610716','est@mienimcondimentum.com',670),
(671,'8724107533','Lorem.ipsum.dolor@lobortistellus.ca',671),(672,'7049469333','volutpat.Nulla.dignissim@nonummyacfeugiat.com',672),(673,'3603561144','parturient.montes.nascetur@Fuscedolor.org',673),(674,'4245587468','orci.luctus@justofaucibuslectus.org',674),(675,'1316915001','massa@arcuvelquam.net',675),
(676,'7026501565','neque.pellentesque@Maecenasmalesuada.co.uk',676),(677,'5754695160','Lorem.ipsum@neque.com',677),(678,'1682637020','tempor.bibendum.Donec@Sed.net',678),(679,'7668170177','feugiat@pretiumet.co.uk',679),(680,'7562190629','auctor.velit@augueporttitorinterdum.org',680),
(681,'1209634924','felis@quislectusNullam.net',681),(682,'6089748880','turpis@Donecnon.edu',682),(683,'3100698847','rhoncus@tempus.co.uk',683),(684,'5242339209','velit@vitaeorciPhasellus.edu',684),(685,'7758838644','mattis.Cras.eget@sapienAenean.edu',685),
(686,'1418431376','vitae.erat@commodoauctorvelit.com',686),(687,'4037450936','auctor.non.feugiat@vulputateduinec.com',687),(688,'4219956679','vitae@necenim.org',688),(689,'6922966785','tempus.eu.ligula@ipsum.net',689),(690,'3654012968','id.blandit@antedictummi.net',690),
(691,'0832285375','eros.nec@convallis.net',691),(692,'0641447235','dictum@odio.edu',692),(693,'6632046357','ante@scelerisquenequeNullam.net',693),(694,'0783374877','in@lobortisClassaptent.net',694),(695,'4624262222','enim.diam@consequat.edu',695),
(696,'6502782206','amet.ornare.lectus@acnulla.net',696),(697,'4875926433','magna.Praesent.interdum@velit.org',697),(698,'7914014594','vehicula.risus@auctorquistristique.co.uk',698),(699,'3466399644','lobortis@sagittis.edu',699),(700,'7706176020','varius@magna.org',700),
(701,'8805365121','gravida.Aliquam.tincidunt@augue.ca',701),(702,'7430798356','ac.feugiat@Morbi.org',702),(703,'3446598956','pretium.neque@ridiculusmusDonec.ca',703),(704,'1013326971','neque.tellus@diameudolor.com',704),(705,'7907271100','turpis.non@egestas.ca',705),
(706,'5028806889','libero.Proin.mi@Crasegetnisi.co.uk',706),(707,'6427961602','consequat.purus@id.co.uk',707),(708,'0941626103','senectus.et@ac.com',708),(709,'6741689331','blandit.viverra.Donec@ametrisusDonec.co.uk',709),(710,'7051153162','scelerisque.sed@convallis.net',710),
(711,'7455230999','parturient.montes.nascetur@fringillamilacinia.ca',711),(712,'4878405635','tristique.pellentesque.tellus@mattisornarelectus.edu',712),(713,'0653659290','dictum.ultricies@Donecporttitor.co.uk',713),(714,'4920107685','et.netus@scelerisquemollisPhasellus.net',714),(715,'7728215466','mattis.ornare@elit.net',715),
(716,'6269436655','arcu.Vivamus.sit@commodohendreritDonec.edu',716),(717,'5476112496','in.hendrerit@Aenean.net',717),(718,'3912035038','consectetuer.rhoncus@Proin.org',718),(719,'1134407903','luctus.vulputate.nisi@faucibusorciluctus.co.uk',719),(720,'9700594612','consectetuer.adipiscing@mattis.com',720),
(721,'9734728900','dolor@ultrices.ca',721),(722,'7491890362','purus@loremtristiquealiquet.com',722),(723,'9527474861','diam.nunc.ullamcorper@sem.edu',723),(724,'1244309036','ligula.consectetuer@nibh.com',724),(725,'0412810858','sagittis@Fuscealiquam.ca',725),
(726,'9761218521','consectetuer@enim.co.uk',726),(727,'9077441955','leo.elementum.sem@consectetuer.com',727),(728,'9044502935','sem.eget.massa@ipsum.net',728),(729,'8403743719','pede.Cum@risus.com',729),(730,'1705492713','in.aliquet@milacinia.net',730),
(731,'7444845379','nonummy@molestieSedid.net',731),(732,'0796898914','In@duiFuscediam.edu',732),(733,'1169173071','turpis@vel.edu',733),(734,'2120899405','Suspendisse.non@natoquepenatibus.edu',734),(735,'4009748031','sed.turpis@blanditenim.org',735),
(736,'5731840104','Nulla.semper@Phasellus.com',736),(737,'1827355202','Integer@purusgravida.org',737),(738,'4518830813','rutrum.Fusce.dolor@elit.co.uk',738),(739,'1552335845','massa.Suspendisse@ridiculusmusProin.edu',739),(740,'9095457404','ultricies.ornare@utpharetra.net',740),
(741,'5172566299','vestibulum.massa.rutrum@mollislectuspede.co.uk',741),(742,'8318754581','tellus@turpis.org',742),(743,'4627257744','pharetra@egestas.edu',743),(744,'9612348840','Donec@tellus.edu',744),(745,'1472877394','sit.amet@necenimNunc.com',745),
(746,'9783020063','neque.sed.sem@dolorDonecfringilla.ca',746),(747,'9687817556','id.enim@congueturpisIn.co.uk',747),(748,'9935211805','amet@egestas.org',748),(749,'9620808753','nisi.Aenean@Aliquam.org',749),(750,'3880041587','varius.ultrices.mauris@eros.ca',750),
(751,'5484083843','non.enim@Maecenasmifelis.co.uk',751),(752,'6945280070','lobortis.quis.pede@malesuadafringilla.ca',752),(753,'9367225270','vitae.risus@egetdictumplacerat.net',753),(754,'3533996394','Pellentesque@tincidunt.co.uk',754),(755,'6252793426','metus@sagittisDuisgravida.edu',755),
(756,'9269936139','vulputate.eu.odio@non.ca',756),(757,'5746195470','purus.Duis@nonummyut.ca',757),(758,'0906444695','Nam.ligula@mattisCraseget.org',758),(759,'2283941009','tincidunt.vehicula@sagittislobortis.com',759),(760,'0194542141','augue.eu@nullaDonecnon.com',760),
(761,'7743187330','purus.mauris.a@augueeu.org',761),(762,'2815076554','sed@nequeNullamut.edu',762),(763,'5006918538','Nam.ligula.elit@nequepellentesquemassa.com',763),(764,'7584294821','convallis.est.vitae@pharetraNam.com',764),(765,'0876424516','id.mollis.nec@Nullamenim.com',765),
(766,'2903057911','convallis@Integervitaenibh.edu',766),(767,'0543273440','sociis.natoque@semmagna.edu',767),(768,'7829092437','sit.amet@Sedeget.com',768),(769,'0638528313','at.egestas.a@malesuadavel.edu',769),(770,'4635355150','amet.ornare@tempuslorem.com',770),
(771,'9953679134','odio.sagittis@congueIn.com',771),(772,'7128853729','et@velit.ca',772),(773,'2847534646','non.luctus@loremac.ca',773),(774,'3981233613','est.tempor@sitametnulla.edu',774),(775,'8197533268','mus.Proin.vel@vitae.edu',775),
(776,'7923658919','a.dui@purusactellus.ca',776),(777,'7852810128','diam.Pellentesque.habitant@libero.com',777),(778,'0584354612','Nunc@vitae.org',778),(779,'1782558265','velit.eu.sem@vitaesodales.org',779),(780,'9285208078','eu.neque@nonantebibendum.com',780),
(781,'6635660933','Aliquam@molestiearcu.com',781),(782,'8557232289','Sed.eget@tincidunttempus.org',782),(783,'8944228107','Donec@Nunclaoreet.net',783),(784,'8881323334','faucibus.Morbi.vehicula@ornaresagittisfelis.org',784),(785,'4787605250','tellus@elitsedconsequat.ca',785),
(786,'1261494428','ante.dictum.cursus@ipsum.edu',786),(787,'5776657210','orci.Donec.nibh@acfacilisis.net',787),(788,'6336449501','Class.aptent@lacusUt.co.uk',788),(789,'2520046012','tellus@natoque.co.uk',789),(790,'7740019654','sem@egetvolutpatornare.ca',790),
(791,'7646719085','libero.lacus.varius@tempusrisus.org',791),(792,'7043115129','lorem@ligulaNullamenim.net',792),(793,'9634604862','est@non.edu',793),(794,'2898214304','sit@lacus.com',794),(795,'4324724311','Sed@torquentper.com',795),
(796,'4421342532','nec.ligula@mauris.com',796),(797,'3390526245','ac@condimentumeget.edu',797),(798,'9863055317','vel@vitae.co.uk',798),(799,'6546159350','nunc.sit.amet@adipiscingMauris.co.uk',799),(800,'1828206477','sit.amet@Nuncuterat.ca',800),
(801,'3784222140','nulla@metus.com',801),(802,'1474996214','arcu.Sed.eu@convallisconvallis.com',802),(803,'2442186823','mollis.non@velsapienimperdiet.com',803),(804,'7865448556','Nullam.scelerisque.neque@massaQuisque.net',804),(805,'0459474007','nec.mauris@lectus.edu',805),
(806,'1510240906','neque.venenatis@vitaealiquameros.co.uk',806),(807,'5782312655','Donec@utsem.ca',807),(808,'2053615572','ante@Quisque.co.uk',808),(809,'3345048471','commodo@amet.edu',809),(810,'6175437992','luctus.ut@malesuadaiderat.ca',810),
(811,'4673354233','ultrices.mauris@urna.org',811),(812,'6499761834','ullamcorper.viverra.Maecenas@ullamcorper.net',812),(813,'6279719623','dolor@nullaIntegervulputate.net',813),(814,'2995128002','feugiat@aliquetmetusurna.co.uk',814),(815,'2438104829','at@egetlaoreet.co.uk',815),
(816,'6636124896','Suspendisse.dui@Praesent.ca',816),(817,'4313058010','erat.semper.rutrum@tinciduntadipiscingMauris.co.uk',817),(818,'4564596900','fermentum@Fuscealiquamenim.com',818),(819,'5935221331','a.mi.fringilla@sagittisfelisDonec.org',819),(820,'1644206702','dolor.dolor@orci.edu',820),
(821,'0210254909','lobortis.nisi@nonduinec.com',821),(822,'7102902256','ultrices.Vivamus@laciniavitaesodales.co.uk',822),(823,'1591679259','dui.semper.et@tellusAenean.co.uk',823),(824,'2207737165','lobortis@tempor.ca',824),(825,'1680330935','Aliquam.vulputate.ullamcorper@rhoncusNullamvelit.com',825),
(826,'6034293930','elit@commodo.edu',826),(827,'5372925970','enim.sit.amet@euismodmauriseu.com',827),(828,'6738962700','Fusce@velarcuCurabitur.net',828),(829,'3236483120','hendrerit@nequenonquam.org',829),(830,'3198644942','mus.Proin.vel@aliquam.com',830),
(831,'6199887711','massa.Quisque@felisorci.ca',831),(832,'9951842472','diam.luctus.lobortis@sodales.edu',832),(833,'3458394075','lectus.Cum.sociis@ullamcorpermagna.ca',833),(834,'5951826390','vitae.aliquet.nec@orcisem.edu',834),(835,'8179152878','Lorem.ipsum@odioEtiamligula.ca',835),
(836,'8078877378','diam.dictum.sapien@nec.com',836),(837,'9847911499','risus.varius@pharetraut.com',837),(838,'6943637401','at@estvitae.net',838),(839,'0668200996','et.risus.Quisque@Quisque.com',839),(840,'5375718773','leo@Donecporttitor.co.uk',840),
(841,'9591068960','erat@auctor.edu',841),(842,'4271521185','consequat.dolor@nonfeugiat.net',842),(843,'0183944375','lorem.ac.risus@Phasellusornare.co.uk',843),(844,'7723482756','orci@disparturient.org',844),(845,'6549569577','augue.ut.lacus@luctuslobortis.co.uk',845),
(846,'2780512776','nulla.vulputate@vehiculaaliquetlibero.com',846),(847,'1816668259','ipsum.porta.elit@tacitisociosquad.net',847),(848,'2443398797','libero.et.tristique@dolorsitamet.net',848),(849,'8115879119','metus.Vivamus.euismod@amalesuadaid.net',849),(850,'5769411492','libero.dui@nonummyut.ca',850),
(851,'4043192860','egestas@Integerin.org',851),(852,'4033716113','vehicula.risus.Nulla@sagittisplaceratCras.co.uk',852),(853,'9314452396','vitae.erat.Vivamus@taciti.co.uk',853),(854,'4556912653','nec.mollis.vitae@lacusNulla.org',854),(855,'4782774397','Curabitur.massa@dignissim.edu',855),
(856,'6820244204','condimentum.Donec.at@ornare.co.uk',856),(857,'3688334740','nunc.ac@lorem.org',857),(858,'1245146865','penatibus@sed.ca',858),(859,'0074682984','est.congue.a@dictumauguemalesuada.net',859),(860,'1305066370','imperdiet.non.vestibulum@sapiencursusin.edu',860),
(861,'9371333214','eget.magna@Maurisutquam.co.uk',861),(862,'4707390472','dictum.ultricies@Maecenaslibero.ca',862),(863,'9724917998','ante.blandit@mattisornare.ca',863),(864,'6929124806','facilisis.eget@Integer.edu',864),(865,'2428589783','neque.Morbi.quis@dapibusgravida.com',865),
(866,'9007513249','libero.Proin@idlibero.org',866),(867,'1642991752','fringilla@nonduinec.org',867),(868,'7069032454','vel.convallis@Donecconsectetuer.co.uk',868),(869,'5247928658','Curabitur@utlacus.ca',869),(870,'1193560295','sem.eget@Sedet.ca',870),
(871,'0306706823','turpis.egestas.Aliquam@etrutrum.co.uk',871),(872,'5005876649','auctor@at.ca',872),(873,'6125221095','dictum.ultricies.ligula@nondapibus.net',873),(874,'7911697953','mi@Nunc.net',874),(875,'3076380506','laoreet.libero.et@egestasDuis.net',875),
(876,'1834430277','vestibulum.massa@malesuadafamesac.edu',876),(877,'8720659461','Morbi.accumsan@Phasellusfermentumconvallis.com',877),(878,'3999743523','ultrices.Duis.volutpat@augueidante.net',878),(879,'2358368434','dui.semper@lobortisnisi.com',879),(880,'2504106797','neque.venenatis@sit.net',880),
(881,'6099973505','et@Maecenasliberoest.net',881),(882,'5821585690','molestie@a.org',882),(883,'4703866136','ligula@Curabitur.org',883),(884,'3432966788','diam@adipiscingnon.org',884),(885,'1293426470','ac.orci@sit.org',885),
(886,'0202443744','congue.elit.sed@risusNuncac.co.uk',886),(887,'7604618410','vulputate.eu@purusactellus.co.uk',887),(888,'2920197244','Aenean@Lorem.edu',888),(889,'5178399306','ligula.tortor@arcuvel.com',889),(890,'7876186071','cursus.Integer.mollis@Suspendissealiquet.com',890),
(891,'3587948791','eget.venenatis@elita.edu',891),(892,'6406504098','Curabitur@pedeNuncsed.ca',892),(893,'5797155404','dui@egetmollislectus.org',893),(894,'2315419398','Fusce@ante.net',894),(895,'1696524025','tortor.Nunc@non.co.uk',895),
(896,'5367609040','Curae@sed.com',896),(897,'3775147592','Vivamus@Sedauctor.org',897),(898,'7469164553','Sed.eu@sedpede.co.uk',898),(899,'0670613697','erat.eget@fringilla.com',899),(900,'2243221704','erat.volutpat.Nulla@accumsanlaoreetipsum.org',900),
(901,'5175607561','lorem.fringilla.ornare@aneque.org',901),(902,'6216657902','libero.at.auctor@Fuscediamnunc.co.uk',902),(903,'4452844220','nibh@at.com',903),(904,'8528789271','vel.est@rutrummagnaCras.co.uk',904),(905,'8299359852','vulputate@semmolestie.org',905),
(906,'2821958509','vestibulum@dolor.ca',906),(907,'7606454379','libero.nec@felis.org',907),(908,'8903423313','tellus@pedeac.net',908),(909,'2669218880','urna.Nullam@enimcondimentumeget.co.uk',909),(910,'6594024919','orci.Donec@ridiculusmus.net',910),
(911,'3467584186','elit.pharetra@lacusNulla.edu',911),(912,'3848701904','dictum@ipsumSuspendissesagittis.com',912),(913,'9214038310','turpis.non@Proin.net',913),(914,'2205218275','a@estvitaesodales.org',914),(915,'7750256041','Nunc@sagittisDuisgravida.org',915),
(916,'2637951449','sem@sollicitudin.net',916),(917,'1929673527','rutrum.Fusce.dolor@commodotincidunt.com',917),(918,'6300867955','malesuada@enimdiamvel.edu',918),(919,'2847302988','Duis@eu.com',919),(920,'3251091261','dui.Fusce@penatibuset.ca',920),
(921,'3039798083','arcu@ridiculus.net',921),(922,'7019115330','auctor@aliquamenimnec.ca',922),(923,'2585810166','feugiat.tellus@utsem.co.uk',923),(924,'9431756365','In.lorem@faucibusleo.ca',924),(925,'8613680748','euismod.urna@egestasligula.co.uk',925),
(926,'9251925894','ac.ipsum@ultricies.co.uk',926),(927,'3946744116','pharetra@Sedmolestie.com',927),(928,'8597685009','commodo.at.libero@vitae.edu',928),(929,'1574400524','euismod.mauris@egestashendrerit.co.uk',929),(930,'5400052726','lorem@rutrumjustoPraesent.co.uk',930),
(931,'9080783268','vehicula.Pellentesque@etrutrum.org',931),(932,'1893559126','metus.urna.convallis@cursuspurusNullam.ca',932),(933,'0980138074','tempor.est.ac@facilisisfacilisis.org',933),(934,'3867488142','feugiat.metus.sit@egestasSedpharetra.ca',934),(935,'4407888871','malesuada.ut.sem@dictummi.com',935),
(936,'2533244680','varius.orci.in@malesuadafringilla.co.uk',936),(937,'6025338293','aliquam@ProinmiAliquam.com',937),(938,'7592804532','libero.est.congue@nislNullaeu.co.uk',938),(939,'1137680325','consequat@nuncest.com',939),(940,'9335021967','placerat.orci.lacus@erosProinultrices.co.uk',940),
(941,'7792312520','erat.semper@egetmetus.co.uk',941),(942,'4769658617','sit.amet@sociosquadlitora.edu',942),(943,'8360330759','Curabitur.egestas.nunc@neque.org',943),(944,'3456532280','semper.cursus.Integer@estmollis.co.uk',944),(945,'1971864368','vitae.posuere.at@Sedneque.co.uk',945),
(946,'5926267496','Duis.mi.enim@utpharetrased.edu',946),(947,'0192569812','in.felis.Nulla@sociosqu.org',947),(948,'1479585256','lacus@facilisiSed.net',948),(949,'7224153294','id.blandit.at@enim.com',949),(950,'8550031508','a.arcu@tellus.edu',950),
(951,'5936915952','in@elitpede.com',951),(952,'2829801121','tincidunt.pede.ac@acmetusvitae.org',952),(953,'4673272979','Fusce@eumetus.ca',953),(954,'1186564098','libero@nec.edu',954),(955,'1220484169','Ut.tincidunt@nislelementumpurus.org',955),
(956,'2075726581','eu.odio.Phasellus@rhoncusNullamvelit.com',956),(957,'3807009874','Suspendisse.dui@Duiscursusdiam.edu',957),(958,'2018447627','arcu@turpisegestas.co.uk',958),(959,'6303157512','elit@arcuNunc.edu',959),(960,'7584782054','tempus.non.lacinia@Nullamscelerisqueneque.net',960),
(961,'4785619828','porttitor.scelerisque.neque@Aliquamornarelibero.ca',961),(962,'8344290850','luctus.Curabitur.egestas@risus.ca',962),(963,'8531684686','metus@Proindolor.co.uk',963),(964,'8626836506','tincidunt.orci.quis@auctor.net',964),(965,'6345069085','et@augue.co.uk',965),
(966,'8142616490','habitant.morbi@sitamet.edu',966),(967,'7354866010','ultrices@tortorIntegeraliquam.ca',967),(968,'2217662894','tellus@euenim.co.uk',968),(969,'6852502664','eu.arcu@nonenim.edu',969),(970,'1022540342','diam.at@Maurismagna.ca',970),
(971,'6503839578','massa.lobortis@enimMauris.edu',971),(972,'4442913835','eros@incursuset.net',972),(973,'6784306280','dictum.augue@tempuseu.org',973),(974,'3781853028','ipsum.primis.in@ut.org',974),(975,'5551741363','odio.tristique@lacusCrasinterdum.co.uk',975),
(976,'8741661339','Ut.nec.urna@Crasvehicula.edu',976),(977,'5839477206','ultricies.sem@faucibusorci.org',977),(978,'2820337567','adipiscing.ligula@Cumsociisnatoque.edu',978),(979,'0870751575','feugiat.Lorem@commodoauctorvelit.net',979),(980,'6341520318','tempor.erat.neque@dolorsit.edu',980),
(981,'3937918994','Cras.vulputate.velit@Nullamenim.net',981),(982,'2917721263','dictum.magna@sedsapienNunc.co.uk',982),(983,'1279540060','quis.diam.Pellentesque@Phasellus.com',983),(984,'4999846899','Cras.vehicula.aliquet@habitantmorbi.net',984),(985,'3038350211','metus.Aenean.sed@eratvitaerisus.com',985),
(986,'6797702120','tortor.nibh.sit@sedpede.net',986),(987,'2422374313','dolor@euismodet.co.uk',987),(988,'6053287051','Quisque.varius@Duisat.ca',988),(989,'3764567783','tellus@diameu.co.uk',989),(990,'9206173196','dolor.tempus@venenatis.net',990),
(991,'4737069893','sit.amet@consectetuerrhoncusNullam.ca',991),(992,'3781194194','dolor.sit.amet@Sed.edu',992),(993,'3265329909','odio.Phasellus.at@lacusvarius.edu',993),(994,'5216904836','molestie.tortor@rhoncusidmollis.net',994),(995,'4083916392','risus.odio@in.net',995),
(996,'4167723338','placerat.eget@adipiscing.co.uk',996),(997,'0695053487','mauris.Integer.sem@per.co.uk',997),(998,'1164625017','Vivamus.nisi@eros.edu',998),(999,'0545519516','penatibus.et.magnis@variusultrices.net',999),(1000,'6283123060','magna@nulla.org',1000);

--csexo--9
INSERT INTO csexo(id_csexo,etiqueta_sexo) VALUES (1,'M'), (2,'H');

--cocupacion--10
INSERT INTO cocupacion(id_cocupacion,nombre_ocupacion) VALUES (1,'Estudiante'),
                                                              (2,'Trabajador'),
                                                              (3,'Otro');

--ingredientes--11
INSERT INTO ingredientes(id_ingredientes, ingredientes_nombre, ingredientes_costo)
VALUES (1,'aceite',25.5),
       (2,'adereso de pollo',13.5),
       (3,'adereso ranchero',32),
       (4,'agua',3.80),
       (5,'ajo',6.7),
       (6,'alas de pollo',50.3),
       (7,'azucar',21.5),
       (8,'azucar glass',25.6),
       (9, 'bbq',45),
       (10,'cafe',34),
       (11,'carne',61),
       (12,'catsup',23.5),
       (13,'cebolla',16),
       (14,'cerezas',50),
       (15,'cerveza',18),
       (16,'champiñones',34.5),
       (17,'chiles enlatados',25),
       (18,'chocolate',27.8),
       (19,'crema chantilly',73),
       (20,'galletas oreo',63.6),
       (21,'harina',18),
       (22,'helado de chocolate',34),
       (23,'helado de vainilla',34),
       (24,'huevo',35.5),
       (25,'jamon',26.5),
       (26,'jitomate',19),
       (27,'leche',17),
       (28,'lechuga',9),
       (29,'levadura',5.5),
       (30,'limon',26.7),
       (31,'maiz',10.1),
       (32,'mantequilla',12.5),
       (33,'masa de pizza',32.5),
       (34,'mayonesa',23),
       (35,'nachos',22.5),
       (36,'pan',18.9),
       (37,'papas',20.5),
       (38,'pastor',78),
       (39,'peperoni',45),
       (40,'piña',20.1),
       (41,'pollo',61),
       (42,'queso amarillo',14.4),
       (43,'queso mozarella',23.5),
       (44,'refresco cola',31),
       (45,'refresco de limon',30.5),
       (46,'refresco de naranja',32.3),
       (47,'royal',14),
       (48,'sal',6.7),
       (49,'salchicha',31),
       (50,'salsa bufalo',40.5),
       (51,'salsa inglesa',18.9),
       (52,'tocino',42.5),
       (53,'camaron',56),
       (54,'vainilla',34);

--ingredientes_alimentos--12
INSERT INTO ingredientes_alimentos ( id_alimento, id_ingredientes,cantidad_ingredientes_alimentos)
VALUES (1,53,4),
       (1,43,2),
       (1,17,3),
       (2,11,3),
       (2,43,2),
       (2,13,3),
       (3,6,6),
       (3,9,2),
       (4,6,6),
       (4,50,2),
       (5,49,1),
       (5,21,2),
       (6,10,1),
       (6,27,1),
       (6,7,1),
       (7,15,1),
       (8,36,2),
       (8,28,2),
       (8,41,1),
       (8,26,3),
       (8,12,1),
       (9,36,2),
       (9,28,2),
       (9,25,1),
       (9,26,3),
       (9,40,1),
       (10,36,2),
       (10,28,2),
       (10,11,1),
       (10,26,3),
       (10,12,1),
       (11,36,1),
       (11,49,1),
       (11,12,2),
       (11,34,2),
       (12,27,2),
       (12,22,1),
       (13,27,2),
       (13,20,4),
       (14,27,2),
       (14,54,2),
       (15,15,2),
       (15,51,3),
       (15,30,1),
       (16,35,3),
       (16,42,2),
       (17,35,3),
       (17,42,4),
       (18,41,2),
       (18,21,2),
       (19,31,2),
       (19,32,1),
       (19,48,1),
       (20,37,1),
       (20,48,2),
       (20,1,2),
       (21,37,1),
       (21,48,2),
       (21,1,3),
       (22,21,2),
       (22,18,3),
       (22,29,1),
       (22,47,2),
       (22,27,2),
       (22,24,3),
       (22,8,3),
       (23,33,2),
       (23,16,6),
       (23,43,4),
       (24,33,2),
       (24,38,6),
       (24,43,4),
       (25,33,2),
       (25,43,6),
       (26,33,2),
       (26,25,2),
       (26,43,4),
       (26,40,2),
       (27,33,2),
       (27,39,6),
       (27,43,4),
       (28,44,1),
       (29,45,1),
       (30,46,1),
       (31,36,2),
       (31,41,1),
       (31,28,2),
       (31,2,2),
       (32,36,2),
       (32,25,1),
       (32,26,2),
       (33,4,1);

--calzado--13

INSERT INTO calzado (id_calzado,color,id_proveedor,id_ctalla,costo_renta)
VALUES(1,'negro',522,4,30),(2,'rojo',4,15,30),(3,'azul',263,9,30),(4,'blanco',1,6,30),(5,'negro',197,15,30),
(6,'rojo',536,16,30),(7,'café',443,10,30),(8,'azul',676,1,30),(9,'blanco',103,8,30),(10,'rojo',203,1,30),
(11,'azul',294,7,30),(12,'negro',243,11,30),(13,'negro',614,10,30),(14,'blanco',308,16,30),(15,'negro',116,20,30),
(16,'café',547,6,30),(17,'blanco',492,6,30),(18,'rojo',405,1,30),(19,'blanco',659,19,30),(20,'rojo',945,15,30),
(21,'rojo',403,6,30),(22,'blanco',116,4,30),(23,'rojo',539,10,30),(24,'blanco',462,9,30),(25,'rojo',217,20,30),
(26,'azul',129,10,30),(27,'azul',302,12,30),(28,'blanco',453,12,30),(29,'azul',389,9,30),(30,'negro',649,15,30),
(31,'rojo',810,7,30),(32,'negro',470,9,30),(33,'rojo',839,18,30),(34,'negro',784,4,30),(35,'blanco',96,14,30),
(36,'rojo',272,3,30),(37,'negro',588,15,30),(38,'negro',462,16,30),(39,'negro',86,4,30),(40,'negro',173,14,30),
(41,'azul',980,18,30),(42,'blanco',705,9,30),(43,'café',765,2,30),(44,'rojo',129,20,30),(45,'negro',3,15,30),
(46,'azul',411,20,30),(47,'azul',129,15,30),(48,'azul',795,3,30),(49,'azul',103,2,30),(50,'azul',474,14,30),
(51,'blanco',402,18,30),(52,'rojo',859,13,30),(53,'blanco',595,20,30),(54,'negro',420,16,30),(55,'rojo',456,8,30),
(56,'rojo',191,17,30),(57,'rojo',960,2,30),(58,'azul',135,16,30),(59,'café',149,15,30),(60,'rojo',474,3,30),
(61,'azul',946,10,30),(62,'azul',50,1,30),(63,'rojo',864,18,30),(64,'azul',844,11,30),(65,'azul',920,7,30),
(66,'café',301,14,30),(67,'azul',125,17,30),(68,'negro',360,18,30),(69,'azul',806,18,30),(70,'negro',531,12,30),
(71,'negro',605,11,30),(72,'rojo',344,17,30),(73,'rojo',719,20,30),(74,'negro',431,9,30),(75,'café',276,11,30),
(76,'azul',664,16,30),(77,'negro',994,2,30),(78,'blanco',506,17,30),(79,'café',835,7,30),(80,'negro',417,14,30),
(81,'café',381,3,30),(82,'blanco',800,15,30),(83,'negro',941,20,30),(84,'rojo',869,2,30),(85,'café',932,13,30),
(86,'rojo',928,2,30),(87,'negro',565,12,30),(88,'blanco',672,3,30),(89,'azul',34,18,30),(90,'rojo',232,9,30),
(91,'negro',523,7,30),(92,'café',746,9,30),(93,'rojo',230,19,30),(94,'café',315,11,30),(95,'rojo',411,16,30),
(96,'rojo',358,6,30),(97,'café',760,17,30),(98,'negro',135,15,30),(99,'café',369,17,30),(100,'azul',811,4,30),
(101,'rojo',443,15,30),(102,'negro',634,19,30),(103,'blanco',939,19,30),(104,'café',899,11,30),(105,'café',613,20,30),
(106,'azul',479,16,30),(107,'rojo',696,8,30),(108,'blanco',178,7,30),(109,'negro',237,8,30),(110,'azul',187,1,30),
(111,'negro',934,8,30),(112,'rojo',75,13,30),(113,'rojo',351,8,30),(114,'negro',698,8,30),(115,'azul',615,15,30),
(116,'azul',197,7,30),(117,'café',558,4,30),(118,'rojo',478,2,30),(119,'negro',68,3,30),(120,'azul',314,15,30),
(121,'blanco',472,8,30),(122,'café',509,3,30),(123,'blanco',681,18,30),(124,'café',37,13,30),(125,'negro',127,14,30),
(126,'negro',633,13,30),(127,'café',453,10,30),(128,'café',660,12,30),(129,'negro',35,4,30),(130,'café',879,11,30),
(131,'café',599,3,30),(132,'negro',139,10,30),(133,'negro',345,14,30),(134,'blanco',264,19,30),(135,'blanco',489,5,30),
(136,'azul',182,14,30),(137,'blanco',361,3,30),(138,'azul',253,15,30),(139,'rojo',251,18,30),(140,'rojo',768,8,30),
(141,'azul',503,8,30),(142,'azul',784,16,30),(143,'café',831,17,30),(144,'café',582,9,30),(145,'negro',458,2,30),
(146,'rojo',210,10,30),(147,'blanco',239,8,30),(148,'rojo',27,14,30),(149,'rojo',663,8,30),(150,'rojo',758,5,30),
(151,'rojo',849,2,30),(152,'café',723,15,30),(153,'negro',822,13,30),(154,'azul',817,1,30),(155,'azul',594,20,30),
(156,'blanco',134,15,30),(157,'café',643,5,30),(158,'negro',411,15,30),(159,'negro',347,16,30),(160,'blanco',314,14,30),
(161,'rojo',698,8,30),(162,'negro',966,1,30),(163,'café',555,6,30),(164,'negro',161,14,30),(165,'azul',359,17,30),
(166,'negro',209,9,30),(167,'negro',944,6,30),(168,'azul',992,9,30),(169,'negro',416,13,30),(170,'rojo',703,19,30),
(171,'azul',103,1,30),(172,'negro',885,18,30),(173,'negro',917,9,30),(174,'negro',697,2,30),(175,'negro',496,10,30),
(176,'blanco',725,3,30),(177,'café',548,11,30),(178,'café',848,9,30),(179,'negro',925,12,30),(180,'azul',79,9,30),
(181,'blanco',222,9,30),(182,'café',647,18,30),(183,'rojo',27,5,30),(184,'azul',627,16,30),(185,'blanco',998,15,30),
(186,'rojo',920,9,30),(187,'blanco',607,13,30),(188,'azul',451,5,30),(189,'azul',359,14,30),(190,'azul',474,16,30),
(191,'rojo',16,9,30),(192,'azul',77,3,30),(193,'rojo',832,18,30),(194,'café',535,2,30),(195,'rojo',309,4,30),
(196,'rojo',80,7,30),(197,'azul',536,6,30),(198,'rojo',524,13,30),(199,'rojo',948,1,30),(200,'negro',885,4,30),
(201,'azul',110,15,30),(202,'blanco',296,3,30),(203,'café',708,20,30),(204,'blanco',189,16,30),(205,'café',479,10,30),
(206,'azul',690,15,30),(207,'azul',489,18,30),(208,'café',635,4,30),(209,'negro',354,20,30),(210,'café',154,3,30),
(211,'rojo',939,3,30),(212,'azul',761,14,30),(213,'blanco',696,17,30),(214,'café',226,4,30),(215,'negro',188,3,30),
(216,'rojo',412,15,30),(217,'café',120,1,30),(218,'café',510,6,30),(219,'café',161,16,30),(220,'negro',956,9,30),
(221,'azul',216,7,30),(222,'azul',488,6,30),(223,'rojo',457,1,30),(224,'azul',875,9,30),(225,'rojo',370,6,30),
(226,'blanco',909,7,30),(227,'blanco',877,1,30),(228,'blanco',66,14,30),(229,'rojo',490,12,30),(230,'café',861,7,30),
(231,'azul',233,19,30),(232,'rojo',502,20,30),(233,'blanco',499,14,30),(234,'blanco',754,5,30),(235,'azul',322,5,30),
(236,'rojo',373,3,30),(237,'blanco',403,6,30),(238,'rojo',97,8,30),(239,'rojo',525,19,30),(240,'blanco',481,8,30),
(241,'azul',474,3,30),(242,'azul',987,5,30),(243,'rojo',825,6,30),(244,'azul',922,13,30),(245,'blanco',952,19,30),
(246,'rojo',176,12,30),(247,'azul',798,11,30),(248,'café',340,8,30),(249,'café',95,1,30),(250,'negro',612,6,30),
(251,'café',565,1,30),(252,'azul',80,9,30),(253,'azul',120,14,30),(254,'blanco',512,19,30),(255,'negro',683,9,30),
(256,'negro',780,18,30),(257,'blanco',248,4,30),(258,'azul',141,1,30),(259,'blanco',484,15,30),(260,'rojo',922,10,30),
(261,'negro',78,18,30),(262,'rojo',2,12,30),(263,'café',251,15,30),(264,'rojo',433,9,30),(265,'azul',513,11,30),
(266,'negro',14,6,30),(267,'rojo',948,10,30),(268,'azul',582,19,30),(269,'blanco',47,15,30),(270,'azul',139,19,30),
(271,'negro',19,8,30),(272,'blanco',959,10,30),(273,'café',231,17,30),(274,'rojo',805,4,30),(275,'blanco',858,17,30),
(276,'negro',479,13,30),(277,'café',451,10,30),(278,'azul',492,8,30),(279,'negro',30,18,30),(280,'blanco',362,11,30),
(281,'negro',661,15,30),(282,'negro',709,16,30),(283,'negro',617,4,30),(284,'café',7,12,30),(285,'negro',207,11,30),
(286,'rojo',55,13,30),(287,'negro',849,2,30),(288,'azul',693,13,30),(289,'azul',959,19,30),(290,'blanco',169,8,30),
(291,'rojo',786,2,30),(292,'azul',830,10,30),(293,'negro',901,16,30),(294,'café',905,19,30),(295,'blanco',139,15,30),
(296,'rojo',811,20,30),(297,'café',128,7,30),(298,'azul',830,17,30),(299,'negro',263,18,30),(300,'rojo',630,19,30),
(301,'azul',194,19,30),(302,'azul',15,7,30),(303,'azul',445,3,30),(304,'negro',613,2,30),(305,'azul',483,13,30),
(306,'negro',262,19,30),(307,'blanco',54,1,30),(308,'negro',600,16,30),(309,'rojo',522,18,30),(310,'azul',669,16,30),
(311,'negro',43,19,30),(312,'rojo',431,1,30),(313,'rojo',439,2,30),(314,'rojo',903,12,30),(315,'rojo',894,14,30),
(316,'negro',596,15,30),(317,'blanco',779,19,30),(318,'café',812,6,30),(319,'negro',996,15,30),(320,'rojo',899,1,30),
(321,'negro',366,13,30),(322,'azul',881,9,30),(323,'rojo',954,8,30),(324,'rojo',58,17,30),(325,'café',729,8,30),
(326,'blanco',19,6,30),(327,'azul',656,7,30),(328,'café',312,4,30),(329,'café',931,5,30),(330,'blanco',376,17,30),
(331,'rojo',609,14,30),(332,'rojo',149,12,30),(333,'café',198,8,30),(334,'blanco',392,17,30),(335,'rojo',609,10,30),
(336,'rojo',988,17,30),(337,'blanco',443,1,30),(338,'azul',775,6,30),(339,'café',189,10,30),(340,'negro',346,5,30),
(341,'azul',723,13,30),(342,'blanco',969,15,30),(343,'café',809,1,30),(344,'blanco',463,12,30),(345,'café',813,14,30),
(346,'rojo',914,1,30),(347,'negro',943,18,30),(348,'azul',15,5,30),(349,'rojo',737,6,30),(350,'azul',360,20,30),
(351,'blanco',458,12,30),(352,'café',650,8,30),(353,'rojo',252,13,30),(354,'rojo',205,11,30),(355,'azul',725,5,30),
(356,'blanco',601,16,30),(357,'blanco',497,17,30),(358,'negro',980,5,30),(359,'café',395,11,30),(360,'negro',974,20,30),
(361,'café',526,8,30),(362,'blanco',307,14,30),(363,'blanco',117,1,30),(364,'café',853,13,30),(365,'azul',128,19,30),
(366,'rojo',252,20,30),(367,'rojo',291,4,30),(368,'azul',215,13,30),(369,'rojo',427,17,30),(370,'rojo',706,18,30),
(371,'negro',748,10,30),(372,'azul',23,15,30),(373,'azul',958,2,30),(374,'azul',693,4,30),(375,'rojo',555,6,30),
(376,'azul',605,19,30),(377,'blanco',473,4,30),(378,'café',965,1,30),(379,'blanco',100,4,30),(380,'rojo',444,17,30),
(381,'blanco',943,1,30),(382,'café',421,17,30),(383,'azul',85,7,30),(384,'café',86,11,30),(385,'café',775,4,30),
(386,'azul',8,13,30),(387,'café',763,6,30),(388,'café',184,12,30),(389,'rojo',596,3,30),(390,'azul',277,15,30),
(391,'negro',876,4,30),(392,'rojo',42,15,30),(393,'café',91,8,30),(394,'negro',907,13,30),(395,'café',142,20,30),
(396,'rojo',56,3,30),(397,'blanco',491,15,30),(398,'azul',421,1,30),(399,'negro',409,7,30),(400,'café',869,9,30),
(401,'azul',52,18,30),(402,'café',871,9,30),(403,'rojo',15,5,30),(404,'café',765,11,30),(405,'café',620,9,30),
(406,'negro',213,2,30),(407,'rojo',738,16,30),(408,'blanco',472,11,30),(409,'rojo',299,14,30),(410,'café',801,13,30),
(411,'azul',182,3,30),(412,'azul',795,16,30),(413,'azul',446,8,30),(414,'rojo',792,3,30),(415,'azul',92,11,30),
(416,'negro',443,20,30),(417,'azul',703,2,30),(418,'azul',743,15,30),(419,'azul',1,4,30),(420,'blanco',189,12,30),
(421,'azul',621,20,30),(422,'rojo',276,6,30),(423,'rojo',479,16,30),(424,'blanco',348,5,30),(425,'blanco',897,20,30),
(426,'negro',80,2,30),(427,'azul',571,2,30),(428,'azul',938,5,30),(429,'café',250,4,30),(430,'negro',537,16,30),
(431,'azul',182,7,30),(432,'azul',471,18,30),(433,'azul',509,15,30),(434,'negro',337,1,30),(435,'café',529,3,30),
(436,'azul',804,14,30),(437,'rojo',407,2,30),(438,'negro',294,1,30),(439,'café',58,12,30),(440,'azul',520,13,30),
(441,'negro',768,4,30),(442,'rojo',850,1,30),(443,'blanco',337,15,30),(444,'negro',334,9,30),(445,'rojo',148,10,30),
(446,'café',349,9,30),(447,'blanco',778,5,30),(448,'blanco',331,14,30),(449,'rojo',751,17,30),(450,'azul',605,3,30),
(451,'azul',253,6,30),(452,'blanco',473,14,30),(453,'rojo',741,2,30),(454,'negro',653,20,30),(455,'café',689,3,30),
(456,'azul',694,7,30),(457,'negro',906,6,30),(458,'negro',443,18,30),(459,'azul',115,7,30),(460,'azul',968,9,30),
(461,'café',850,7,30),(462,'negro',668,11,30),(463,'negro',645,3,30),(464,'azul',755,8,30),(465,'negro',564,20,30),
(466,'azul',631,12,30),(467,'azul',693,11,30),(468,'rojo',700,15,30),(469,'negro',309,1,30),(470,'café',50,6,30),
(471,'rojo',833,2,30),(472,'negro',91,13,30),(473,'blanco',697,20,30),(474,'azul',919,15,30),(475,'blanco',76,14,30),
(476,'blanco',12,18,30),(477,'blanco',141,7,30),(478,'azul',303,4,30),(479,'negro',3,20,30),(480,'azul',533,18,30),
(481,'café',676,10,30),(482,'azul',978,14,30),(483,'rojo',825,9,30),(484,'negro',962,12,30),(485,'negro',660,1,30),
(486,'azul',482,19,30),(487,'blanco',366,14,30),(488,'rojo',211,8,30),(489,'rojo',18,5,30),(490,'rojo',256,16,30),
(491,'café',25,4,30),(492,'blanco',421,18,30),(493,'negro',746,18,30),(494,'rojo',976,17,30),(495,'café',789,3,30),
(496,'café',336,16,30),(497,'café',331,20,30),(498,'blanco',938,12,30),(499,'negro',281,17,30),(500,'rojo',188,18,30),
(501,'blanco',420,14,30),(502,'negro',472,10,30),(503,'café',366,10,30),(504,'azul',716,14,30),(505,'azul',106,20,30),
(506,'negro',24,2,30),(507,'azul',709,12,30),(508,'rojo',643,19,30),(509,'blanco',340,19,30),(510,'blanco',286,16,30),
(511,'café',345,7,30),(512,'blanco',389,14,30),(513,'azul',114,12,30),(514,'azul',648,4,30),(515,'negro',901,7,30),
(516,'blanco',244,9,30),(517,'negro',270,15,30),(518,'negro',314,6,30),(519,'blanco',790,6,30),(520,'negro',545,4,30),
(521,'café',463,17,30),(522,'azul',426,13,30),(523,'azul',529,3,30),(524,'blanco',501,9,30),(525,'rojo',637,1,30),
(526,'azul',390,15,30),(527,'café',278,18,30),(528,'café',469,15,30),(529,'café',475,17,30),(530,'rojo',103,17,30),
(531,'rojo',950,18,30),(532,'blanco',619,5,30),(533,'blanco',555,12,30),(534,'negro',223,18,30),(535,'café',442,18,30),
(536,'rojo',133,18,30),(537,'café',476,5,30),(538,'café',177,19,30),(539,'rojo',497,13,30),(540,'azul',284,14,30),
(541,'blanco',748,16,30),(542,'negro',53,3,30),(543,'azul',319,17,30),(544,'azul',439,16,30),(545,'blanco',878,1,30),
(546,'café',126,15,30),(547,'rojo',924,18,30),(548,'blanco',684,5,30),(549,'negro',968,10,30),(550,'azul',755,2,30),
(551,'café',937,20,30),(552,'azul',335,14,30),(553,'café',344,13,30),(554,'azul',21,5,30),(555,'blanco',56,8,30),
(556,'blanco',290,17,30),(557,'café',129,14,30),(558,'rojo',662,4,30),(559,'negro',24,2,30),(560,'negro',870,6,30),
(561,'negro',942,16,30),(562,'rojo',826,9,30),(563,'rojo',998,2,30),(564,'azul',600,15,30),(565,'rojo',895,20,30),
(566,'café',32,2,30),(567,'azul',662,16,30),(568,'azul',903,8,30),(569,'café',53,6,30),(570,'rojo',297,6,30),
(571,'azul',250,9,30),(572,'negro',611,7,30),(573,'azul',97,5,30),(574,'azul',690,10,30),(575,'azul',69,15,30),
(576,'blanco',311,16,30),(577,'blanco',604,12,30),(578,'azul',391,17,30),(579,'café',322,12,30),(580,'azul',961,3,30),
(581,'azul',962,16,30),(582,'negro',161,17,30),(583,'negro',237,9,30),(584,'blanco',899,9,30),(585,'café',657,18,30),
(586,'café',454,4,30),(587,'negro',246,2,30),(588,'negro',181,16,30),(589,'café',726,18,30),(590,'negro',412,5,30),
(591,'rojo',490,15,30),(592,'café',595,6,30),(593,'negro',311,2,30),(594,'azul',709,12,30),(595,'negro',967,2,30),
(596,'café',843,1,30),(597,'azul',924,7,30),(598,'azul',517,16,30),(599,'negro',588,20,30),(600,'negro',664,18,30),
(601,'rojo',451,10,30),(602,'café',463,7,30),(603,'café',371,9,30),(604,'rojo',188,2,30),(605,'negro',47,11,30),
(606,'café',844,19,30),(607,'café',338,6,30),(608,'café',803,15,30),(609,'café',250,4,30),(610,'negro',558,15,30),
(611,'rojo',80,11,30),(612,'café',596,9,30),(613,'café',413,20,30),(614,'blanco',117,4,30),(615,'azul',892,11,30),
(616,'café',734,5,30),(617,'blanco',385,12,30),(618,'blanco',404,1,30),(619,'negro',322,13,30),(620,'rojo',305,14,30),
(621,'café',334,16,30),(622,'negro',584,1,30),(623,'azul',857,19,30),(624,'rojo',455,17,30),(625,'rojo',842,9,30),
(626,'negro',116,17,30),(627,'azul',190,3,30),(628,'café',969,7,30),(629,'blanco',662,2,30),(630,'rojo',367,18,30),
(631,'blanco',357,6,30),(632,'azul',51,3,30),(633,'negro',479,4,30),(634,'café',408,19,30),(635,'blanco',388,15,30),
(636,'café',897,13,30),(637,'café',169,2,30),(638,'café',440,4,30),(639,'blanco',56,19,30),(640,'café',147,5,30),
(641,'café',40,3,30),(642,'azul',571,5,30),(643,'negro',338,11,30),(644,'café',238,2,30),(645,'negro',569,1,30),
(646,'azul',792,10,30),(647,'café',406,11,30),(648,'rojo',438,13,30),(649,'café',190,2,30),(650,'blanco',462,9,30),
(651,'negro',936,13,30),(652,'blanco',87,12,30),(653,'negro',554,8,30),(654,'blanco',332,12,30),(655,'negro',561,2,30),
(656,'blanco',573,9,30),(657,'negro',323,7,30),(658,'negro',77,20,30),(659,'café',735,3,30),(660,'rojo',744,6,30),
(661,'café',16,2,30),(662,'azul',246,13,30),(663,'negro',152,3,30),(664,'café',159,13,30),(665,'rojo',331,9,30),
(666,'café',261,16,30),(667,'negro',599,5,30),(668,'negro',767,3,30),(669,'azul',761,2,30),(670,'café',119,11,30),
(671,'rojo',38,8,30),(672,'blanco',122,16,30),(673,'azul',541,19,30),(674,'azul',218,16,30),(675,'blanco',61,16,30),
(676,'café',830,9,30),(677,'rojo',380,12,30),(678,'blanco',108,6,30),(679,'azul',867,13,30),(680,'blanco',632,7,30),
(681,'negro',872,3,30),(682,'blanco',610,8,30),(683,'azul',507,8,30),(684,'rojo',447,4,30),(685,'azul',752,2,30),
(686,'negro',728,3,30),(687,'rojo',73,20,30),(688,'café',223,17,30),(689,'café',305,18,30),(690,'azul',363,7,30),
(691,'azul',586,11,30),(692,'rojo',751,9,30),(693,'blanco',895,5,30),(694,'blanco',53,14,30),(695,'azul',311,16,30),
(696,'azul',591,3,30),(697,'negro',382,2,30),(698,'café',950,14,30),(699,'negro',343,10,30),(700,'café',549,9,30),
(701,'café',532,18,30),(702,'azul',695,10,30),(703,'blanco',225,19,30),(704,'café',181,20,30),(705,'negro',880,7,30),
(706,'negro',902,13,30),(707,'rojo',527,11,30),(708,'rojo',428,4,30),(709,'blanco',341,16,30),(710,'rojo',13,20,30),
(711,'café',428,10,30),(712,'azul',127,16,30),(713,'rojo',550,11,30),(714,'café',429,13,30),(715,'azul',639,1,30),
(716,'blanco',394,7,30),(717,'café',690,14,30),(718,'rojo',137,11,30),(719,'negro',19,19,30),(720,'negro',307,19,30),
(721,'blanco',712,17,30),(722,'azul',112,16,30),(723,'rojo',241,13,30),(724,'negro',748,10,30),(725,'café',525,9,30),
(726,'negro',765,8,30),(727,'café',17,4,30),(728,'rojo',569,17,30),(729,'azul',732,1,30),(730,'café',791,15,30),
(731,'café',497,17,30),(732,'negro',992,5,30),(733,'azul',824,5,30),(734,'café',413,19,30),(735,'café',95,16,30),
(736,'rojo',524,1,30),(737,'negro',873,8,30),(738,'azul',686,12,30),(739,'café',699,20,30),(740,'azul',939,4,30),
(741,'negro',509,11,30),(742,'negro',6,18,30),(743,'negro',757,8,30),(744,'negro',97,16,30),(745,'café',343,12,30),
(746,'negro',430,16,30),(747,'café',62,9,30),(748,'rojo',445,9,30),(749,'negro',940,19,30),(750,'negro',276,15,30),
(751,'blanco',502,17,30),(752,'café',218,3,30),(753,'blanco',825,8,30),(754,'negro',71,16,30),(755,'blanco',808,6,30),
(756,'azul',226,7,30),(757,'negro',605,13,30),(758,'negro',262,9,30),(759,'rojo',102,14,30),(760,'blanco',689,5,30),
(761,'café',601,15,30),(762,'azul',400,5,30),(763,'blanco',290,17,30),(764,'café',851,19,30),(765,'rojo',982,17,30),
(766,'café',960,19,30),(767,'rojo',409,1,30),(768,'café',342,4,30),(769,'rojo',137,4,30),(770,'rojo',747,20,30),
(771,'blanco',690,4,30),(772,'rojo',163,18,30),(773,'café',4,7,30),(774,'rojo',686,9,30),(775,'azul',459,18,30),
(776,'azul',5,10,30),(777,'rojo',377,1,30),(778,'azul',404,12,30),(779,'blanco',285,20,30),(780,'café',218,5,30),
(781,'azul',457,3,30),(782,'azul',916,11,30),(783,'azul',997,16,30),(784,'azul',795,5,30),(785,'café',167,4,30),
(786,'azul',478,20,30),(787,'café',753,13,30),(788,'café',508,2,30),(789,'azul',816,10,30),(790,'negro',834,16,30),
(791,'azul',184,2,30),(792,'café',656,16,30),(793,'café',565,13,30),(794,'café',830,10,30),(795,'café',492,16,30),
(796,'negro',801,12,30),(797,'negro',688,6,30),(798,'café',854,20,30),(799,'blanco',356,18,30),(800,'café',50,12,30),
(801,'negro',872,1,30),(802,'azul',99,11,30),(803,'negro',423,9,30),(804,'blanco',272,5,30),(805,'azul',812,9,30),
(806,'café',67,5,30),(807,'rojo',458,10,30),(808,'azul',313,12,30),(809,'rojo',500,4,30),(810,'rojo',864,18,30),
(811,'blanco',748,13,30),(812,'blanco',549,4,30),(813,'azul',346,5,30),(814,'azul',751,9,30),(815,'café',585,3,30),
(816,'negro',764,10,30),(817,'azul',634,13,30),(818,'negro',935,4,30),(819,'azul',145,9,30),(820,'café',758,1,30),
(821,'azul',439,12,30),(822,'blanco',645,13,30),(823,'rojo',712,13,30),(824,'negro',959,9,30),(825,'negro',753,9,30),
(826,'blanco',855,17,30),(827,'rojo',150,5,30),(828,'negro',458,1,30),(829,'negro',558,9,30),(830,'blanco',457,1,30),
(831,'café',159,12,30),(832,'azul',237,12,30),(833,'café',554,19,30),(834,'blanco',43,16,30),(835,'café',313,11,30),
(836,'azul',735,5,30),(837,'blanco',345,17,30),(838,'negro',346,13,30),(839,'azul',168,9,30),(840,'azul',919,14,30),
(841,'rojo',798,18,30),(842,'blanco',100,17,30),(843,'rojo',395,19,30),(844,'negro',102,17,30),(845,'rojo',692,11,30),
(846,'blanco',895,7,30),(847,'café',20,1,30),(848,'blanco',1000,20,30),(849,'azul',96,9,30),(850,'café',944,11,30),
(851,'blanco',460,20,30),(852,'rojo',755,13,30),(853,'azul',569,17,30),(854,'café',91,5,30),(855,'azul',941,4,30),
(856,'blanco',178,20,30),(857,'blanco',533,19,30),(858,'negro',479,9,30),(859,'rojo',52,8,30),(860,'café',793,15,30),
(861,'rojo',898,17,30),(862,'negro',183,3,30),(863,'rojo',723,9,30),(864,'café',178,13,30),(865,'rojo',441,1,30),
(866,'café',765,14,30),(867,'café',16,15,30),(868,'negro',840,9,30),(869,'café',126,8,30),(870,'café',220,6,30),
(871,'azul',552,3,30),(872,'azul',197,9,30),(873,'blanco',22,5,30),(874,'café',569,12,30),(875,'blanco',778,14,30),
(876,'café',820,13,30),(877,'negro',659,17,30),(878,'negro',829,12,30),(879,'azul',808,5,30),(880,'rojo',902,7,30),
(881,'blanco',102,14,30),(882,'rojo',880,17,30),(883,'café',646,13,30),(884,'azul',2,3,30),(885,'rojo',938,11,30),
(886,'rojo',388,2,30),(887,'negro',657,7,30),(888,'café',24,18,30),(889,'negro',273,2,30),(890,'blanco',819,13,30),
(891,'rojo',989,17,30),(892,'azul',479,6,30),(893,'café',581,10,30),(894,'negro',742,5,30),(895,'café',163,10,30),
(896,'negro',460,10,30),(897,'azul',606,14,30),(898,'blanco',96,18,30),(899,'rojo',131,18,30),(900,'negro',822,18,30),
(901,'azul',754,11,30),(902,'rojo',567,5,30),(903,'café',874,11,30),(904,'azul',348,5,30),(905,'café',704,12,30),
(906,'blanco',187,18,30),(907,'café',669,14,30),(908,'blanco',203,18,30),(909,'azul',772,12,30),(910,'azul',951,16,30),
(911,'blanco',973,2,30),(912,'azul',690,2,30),(913,'negro',784,8,30),(914,'blanco',399,13,30),(915,'rojo',564,15,30),
(916,'rojo',419,8,30),(917,'azul',429,11,30),(918,'azul',550,7,30),(919,'azul',74,10,30),(920,'negro',376,11,30),
(921,'rojo',745,17,30),(922,'rojo',724,5,30),(923,'rojo',608,12,30),(924,'negro',919,16,30),(925,'café',269,14,30),
(926,'rojo',878,12,30),(927,'blanco',107,11,30),(928,'blanco',295,4,30),(929,'blanco',859,20,30),(930,'blanco',868,9,30),
(931,'negro',342,18,30),(932,'café',171,18,30),(933,'rojo',965,8,30),(934,'negro',787,19,30),(935,'rojo',806,2,30),
(936,'blanco',408,7,30),(937,'rojo',903,7,30),(938,'negro',840,6,30),(939,'azul',380,14,30),(940,'café',755,1,30),
(941,'blanco',285,1,30),(942,'negro',74,13,30),(943,'azul',223,18,30),(944,'azul',423,16,30),(945,'rojo',404,2,30),
(946,'café',861,1,30),(947,'azul',678,7,30),(948,'blanco',664,17,30),(949,'negro',850,12,30),(950,'negro',325,16,30),
(951,'azul',609,15,30),(952,'negro',545,15,30),(953,'café',440,2,30),(954,'café',216,5,30),(955,'blanco',937,3,30),
(956,'café',16,17,30),(957,'café',618,14,30),(958,'blanco',736,19,30),(959,'azul',614,8,30),(960,'negro',844,2,30),
(961,'café',5,16,30),(962,'rojo',174,2,30),(963,'rojo',1,20,30),(964,'café',848,11,30),(965,'azul',991,8,30),
(966,'azul',738,15,30),(967,'rojo',285,4,30),(968,'blanco',523,4,30),(969,'rojo',591,18,30),(970,'blanco',742,11,30),
(971,'blanco',19,2,30),(972,'café',530,20,30),(973,'blanco',266,17,30),(974,'azul',370,14,30),(975,'azul',520,2,30),
(976,'blanco',282,7,30),(977,'rojo',266,4,30),(978,'negro',912,1,30),(979,'rojo',90,13,30),(980,'azul',720,14,30),
(981,'blanco',348,2,30),(982,'azul',658,2,30),(983,'rojo',635,17,30),(984,'negro',797,12,30),(985,'negro',438,1,30),
(986,'azul',179,15,30),(987,'rojo',40,20,30),(988,'blanco',303,2,30),(989,'café',283,10,30),(990,'café',234,11,30),
(991,'blanco',982,11,30),(992,'rojo',926,13,30),(993,'café',36,10,30),(994,'blanco',525,6,30),(995,'negro',918,11,30),
(996,'azul',447,4,30),(997,'azul',93,6,30),(998,'blanco',768,20,30),(999,'negro',9,7,30),(1000,'negro',416,17,30);

--empleado--14

INSERT INTO empleado (id_empleado,nombre,app,apm,rfc,fecha_nacimiento,id_ctipoempleado,id_csexo)
VALUES(1,'Remedios','Avila','Durham','971695754-00004','24/11/1964',3,2),(2,'Jaime','Vasquez','Wynn','866242852-00006','19/06/1987',3,2),
(3,'Gillian','Stein','Mcbride','656418738-00000','09/02/1977',3,2),(4,'Dieter','House','Norton','657272068-00005','21/10/1969',3,1),
(5,'Tatiana','Stark','Cummings','984797134-00009','04/02/1993',3,1),(6,'Jayme','Newman','Fleming','215803628-00001','09/06/1976',3,1),
(7,'Cathleen','Burns','Sparks','893509976-00005','28/03/1998',3,1),(8,'Karyn','Cole','Lambert','537225740-00001','06/02/1994',3,2),
(9,'Sarah','Woodard','Perkins','848222758-00007','07/01/2001',3,2),(10,'Ralph','Sullivan','Soto','043914688-00007','21/12/1992',3,1),
(11,'Philip','Morris','Barry','532955416-00005','09/01/1988',3,2),(12,'Keegan','Parrish','Horn','684496581-00001','04/04/1967',3,1),
(13,'Ryder','Schultz','Johnston','846595973-00005','14/12/1981',3,1),(14,'Lillian','Garrison','Curry','528421175-00001','21/07/1979',3,1),
(15,'Jaime','Beck','Waters','694813411-00006','20/08/1991',3,2),(16,'Armand','Vazquez','Harrell','208032300-00005','11/07/1990',3,2),
(17,'Xander','Doyle','Merrill','542572185-00008','02/10/1990',3,1),(18,'Basia','Ferguson','Bullock','978580082-00003','02/07/1994',3,2),
(19,'Charissa','Hodges','Burns','636131294-00002','13/04/1985',3,2),(20,'Isadora','Mendoza','Pruitt','303987366-00000','23/09/1986',3,1),
(21,'Vladimir','George','Haynes','519397871-00004','12/11/1980',3,1),(22,'Jeremy','Brown','Flores','471852343-00006','11/06/1970',3,2),
(23,'Devin','Bartlett','Mcguire','199391285-00004','28/05/1998',3,2),(24,'Kimberly','Bradford','Guthrie','450193941-00009','02/03/1999',3,1),
(25,'Bertha','Mack','Harmon','709681308-00009','30/01/1980',3,2),(26,'Fritz','Gates','Holman','545679094-00007','14/06/1990',3,1),
(27,'Olga','Wilder','Garza','002119105-00001','31/10/1987',3,1),(28,'Urielle','Carson','Lyons','549411114-00008','12/09/1992',3,2),
(29,'Warren','Sanders','Bell','560183030-00009','23/05/2001',3,2),(30,'Felix','Sloan','Kemp','843902149-00007','07/09/1986',3,2),
(31,'Wendy','Decker','Gross','091453977-00000','03/08/1977',3,1),(32,'Delilah','Roman','Bowers','723060646-00004','03/12/1990',3,2),
(33,'Kylee','Hayes','Wood','484682984-00006','17/01/1987',3,1),(34,'Desirae','Parker','Cantrell','673080123-00007','26/10/1970',3,1),
(35,'Piper','Mcclain','Burke','930003017-00009','13/10/1979',3,2),(36,'Ira','Valdez','Ward','095556643-00005','09/06/1995',3,2),
(37,'Nadine','Riggs','Buck','665155693-00005','24/08/1980',3,2),(38,'Xanthus','Adkins','Hogan','830518015-00003','07/10/1981',3,1),
(39,'Palmer','Mcknight','Good','232446385-00006','26/07/1970',3,1),(40,'Tatiana','Wilkins','Knapp','389283284-00005','08/02/1973',3,1),
(41,'Geoffrey','Witt','Peck','938244688-00009','10/01/1977',3,1),(42,'Mark','Beasley','Garrison','667299879-00003','01/12/1984',3,2),
(43,'Dillon','Joyce','Jacobson','072978497-00005','22/08/1989',3,2),(44,'Christopher','Kane','Walsh','093102721-00003','15/10/1997',3,2),
(45,'Austin','Haynes','Kemp','055349799-00001','29/06/1964',3,1),(46,'Genevieve','Castaneda','Woodward','262622376-00008','16/05/1979',3,1),
(47,'Megan','Holder','Thompson','041415258-00007','07/07/1992',3,1),(48,'Shelley','Briggs','York','257889543-00001','11/04/1995',3,1),
(49,'Amelia','Rutledge','Lopez','678223140-00008','30/12/1973',3,1),(50,'Allegra','Schmidt','Lane','876701905-00005','05/05/1977',3,2),
(51,'Ariel','Townsend','Mcmahon','339084568-00007','29/09/1973',3,2),(52,'Phelan','Mccormick','Wiley','541593828-00000','29/04/1972',3,2),
(53,'Alec','Short','Ratliff','221795123-00001','06/10/1997',3,2),(54,'Tanisha','Holt','Flowers','885930537-00000','17/12/1988',3,2),
(55,'Ginger','Santiago','Sykes','828547539-00001','09/11/1992',3,2),(56,'Raymond','Craig','Trevino','355537515-00007','30/06/1982',3,1),
(57,'Briar','Conley','Solis','418122412-00004','21/08/1985',3,1),(58,'Neil','Hunter','Merrill','455935155-00008','12/08/1999',3,1),
(59,'Magee','Hooper','Burns','589800663-00009','19/06/1965',3,1),(60,'Marvin','Robinson','Edwards','116297516-00001','24/03/1987',3,2),
(61,'Steel','Hicks','Padilla','507016533-00006','07/09/1973',3,2),(62,'Malachi','Lucas','Fitzgerald','779453661-00000','01/05/1990',3,1),
(63,'Abra','Alston','Livingston','695704411-00005','01/01/1999',3,2),(64,'Hu','Spence','Beard','781375894-00008','22/03/1967',3,1),
(65,'Vernon','Summers','Lane','070467519-00008','15/07/1965',3,2),(66,'Kareem','Huff','Roberson','543213367-00005','19/06/1981',3,1),
(67,'Maryam','Bullock','Durham','623820388-00006','03/05/1965',3,1),(68,'Slade','Bush','Schneider','337308597-00000','26/03/1994',3,1),
(69,'Tamara','Eaton','Patrick','258133750-00004','02/07/1980',3,2),(70,'Kadeem','Reed','Lynch','996341509-00007','15/04/1995',3,2),
(71,'Hedwig','Freeman','Powers','718178429-00004','04/10/1991',3,2),(72,'Arthur','White','Mathews','848306692-00007','15/07/1965',3,1),
(73,'Hakeem','Shepherd','Becker','554070656-00000','09/01/1998',3,2),(74,'Gregory','Bender','Conway','430057505-00009','22/12/1981',3,2),
(75,'Brielle','Rosario','Mitchell','347574717-00000','27/10/1978',3,1),(76,'Ora','Waller','Hamilton','585082373-00002','05/01/1986',3,1),
(77,'Vaughan','Robles','Barber','358236206-00001','05/11/1975',3,1),(78,'Idona','Ayers','Callahan','313541617-00004','30/10/1991',3,2),
(79,'Flynn','Vega','Harmon','103905253-00003','14/11/1966',3,1),(80,'Illana','Bond','Petersen','259922870-00003','31/08/1984',3,2),
(81,'Melodie','Dyer','Schneider','948367859-00006','08/09/1974',3,1),(82,'Benedict','Lindsay','Santana','892026931-00006','16/07/1995',3,1),
(83,'Stuart','Maxwell','Blake','182968289-00005','24/11/1995',3,1),(84,'Carson','Strong','Sheppard','661700914-00004','12/11/1998',3,1),
(85,'Sopoline','Cote','Russell','376801171-00004','29/10/1974',3,1),(86,'Burke','Miller','Hurley','520701822-00006','04/01/1982',3,1),
(87,'Quin','Brock','Fischer','917703548-00003','22/09/1996',3,1),(88,'Venus','Lang','Lyons','295101687-00008','24/12/1967',3,2),
(89,'Thane','Talley','Wallace','131601676-00003','19/06/1982',3,1),(90,'Laurel','Maxwell','Stewart','118196294-00003','22/03/1978',3,2),
(91,'Uta','Barr','Justice','407143452-00008','25/08/1987',3,2),(92,'Eliana','Church','Benjamin','417449709-00001','01/01/1986',3,1),
(93,'Hunter','Kramer','Kim','463862979-00002','27/04/1982',3,1),(94,'Meredith','Ferguson','Perry','434832564-00000','20/08/1971',3,2),
(95,'Mufutau','Henderson','Russell','367340296-00006','28/01/1983',3,2),(96,'Jesse','Everett','Wheeler','529726382-00003','02/06/2000',3,1),
(97,'Connor','Cohen','Stanton','467002622-00000','24/02/1994',3,2),(98,'William','Harrell','Swanson','136472289-00000','24/02/1967',3,2),
(99,'Yeo','Burt','Barry','801271669-00005','01/08/1975',3,2),(100,'Hannah','Riddle','Trevino','266822394-00000','08/07/1996',3,2),
(101,'Noble','Blevins','Ray','662619782-00003','11/03/1966',3,2),(102,'Carly','Henson','Carney','480044767-00006','08/01/1986',3,2),
(103,'Zia','Potts','Frederick','918901752-00009','19/06/1979',3,1),(104,'Wynne','Thompson','William','074027640-00007','02/05/1985',3,1),
(105,'Jackson','Brady','Shannon','268108057-00004','25/06/1977',3,1),(106,'Dale','Gillespie','Charles','388842221-00003','06/12/1972',3,2),
(107,'Lars','Collier','Duke','410105407-00002','14/05/1979',3,1),(108,'Jada','Dominguez','Castillo','075217224-00007','01/11/1984',3,1),
(109,'Drake','Lambert','Oconnor','883730178-00000','07/03/1967',3,2),(110,'Matthew','Norris','Kinney','136897931-00004','23/01/1969',3,1),
(111,'Francesca','Wheeler','Lopez','903150928-00005','11/09/2001',3,2),(112,'Zoe','Garner','Mccullough','889750022-00002','11/09/1965',3,1),
(113,'Samuel','Stevenson','Rios','546649625-00003','10/07/1975',3,1),(114,'Beverly','Richardson','Chavez','769830753-00000','17/06/1975',3,2),
(115,'Aurelia','Beasley','Harrell','069722007-00007','10/08/1999',3,1),(116,'Cherokee','Todd','Hogan','877416537-00000','07/08/1977',3,1),
(117,'Mary','Callahan','Newton','761297936-00004','26/02/1993',3,1),(118,'Hoyt','Powell','Joyce','613350560-00009','26/01/1995',3,1),
(119,'Jarrod','Peck','Ingram','229558994-00005','10/01/1988',3,2),(120,'Quynn','Hopkins','Morrison','987629557-00008','25/07/1971',3,2),
(121,'Ivor','Hayden','Witt','089651269-00006','10/06/1993',3,1),(122,'Tobias','Ramos','Flores','162723258-00008','15/11/1995',3,2),
(123,'Jonah','Rush','Wells','303846059-00002','25/07/1992',3,2),(124,'Ali','Clements','Brady','971819628-00001','20/07/1978',3,2),
(125,'Ralph','Dudley','Fields','151953536-00001','27/12/1970',3,2),(126,'Kelsie','Cooley','Atkins','580996221-00009','08/03/1976',3,1),
(127,'Nell','Keith','Finley','706218880-00005','29/08/1971',3,1),(128,'Norman','Snider','Talley','204145585-00004','21/02/1971',3,1),
(129,'Malik','Potter','Randall','081142291-00004','06/01/1990',3,1),(130,'Chase','Roberson','Reyes','244694998-00000','26/08/1978',3,1),
(131,'Damian','Craft','Dalton','429244296-00001','05/03/1987',3,2),(132,'Andrew','Riddle','Hahn','303550321-00002','19/08/1981',3,1),
(133,'Lucian','Gilliam','Curtis','403675390-00005','23/03/1973',3,1),(134,'Hayden','Duffy','Hoffman','923242515-00008','14/03/1996',3,2),
(135,'Cruz','Hayes','Peterson','878341882-00008','03/01/1983',3,2),(136,'Kamal','Combs','Lewis','266858422-00006','13/12/1966',3,1),
(137,'Farrah','Mcfarland','Campbell','736581851-00002','24/12/1988',3,1),(138,'Herman','Levy','Sweeney','774837033-00000','21/11/1972',3,1),
(139,'Armando','Hester','Hopper','849602081-00002','13/03/2001',3,1),(140,'Bell','Adkins','Davidson','848520904-00006','03/11/1981',3,1),
(141,'Catherine','Odonnell','Stuart','325651602-00006','16/01/1999',3,1),(142,'Gil','Herring','Gibbs','298523838-00001','10/05/1968',3,1),
(143,'Janna','Bernard','Pugh','463711820-00001','22/03/1993',3,1),(144,'Reuben','Salas','Kemp','528793185-00000','29/01/1996',3,1),
(145,'Cassidy','Fitzpatrick','Horne','582561395-00002','18/10/1992',3,1),(146,'Knox','Mcdaniel','Owens','375898640-00004','22/08/1992',3,2),
(147,'Coby','Rivera','Cash','880300363-00004','17/09/1973',3,1),(148,'Hamilton','Eaton','Ruiz','334823812-00006','23/04/1966',3,2),
(149,'Garrison','Mccullough','Cleveland','918789728-00006','02/04/1980',3,2),(150,'Dieter','Nielsen','Blackburn','209694108-00009','04/12/1973',3,1),
(151,'Tucker','Everett','Clements','444752083-00006','19/08/1972',3,2),(152,'Ila','Byrd','Oneal','269668356-00000','17/01/1986',3,1),
(153,'Sandra','Brown','Huffman','204959993-00005','31/07/1966',3,2),(154,'Vance','Mercado','Dean','060792298-00006','27/01/1996',3,2),
(155,'Shannon','Carroll','Webster','092974559-00004','09/03/1991',3,2),(156,'Guy','Landry','Sherman','667633390-00006','06/06/1996',3,2),
(157,'Lara','Talley','Vargas','554034009-00007','29/06/1968',3,2),(158,'Felix','Bird','Hensley','753343904-00003','21/11/1990',3,2),
(159,'Nadine','Ramirez','Roth','349577932-00008','29/06/1998',3,2),(160,'Emerson','Crosby','Cox','103486734-00009','28/11/1997',3,2),
(161,'Steven','Sampson','Perkins','549670669-00007','30/07/1974',3,2),(162,'Quinn','Thompson','Conner','417395316-00009','04/12/1992',3,2),
(163,'Brendan','Mcbride','Schultz','000009662-00008','09/06/1979',3,2),(164,'Phyllis','Pennington','Wyatt','096872502-00008','19/11/2000',3,2),
(165,'Brooke','Small','Macdonald','143846574-00000','10/12/1965',3,1),(166,'Uriel','Blackburn','Young','914397625-00007','09/06/1971',3,2),
(167,'Sandra','York','Wilkinson','457365484-00007','13/02/1972',3,1),(168,'Barclay','Goodwin','Boone','146903604-00008','14/05/1969',3,2),
(169,'Erica','Gamble','Willis','432379592-00004','28/06/1970',3,1),(170,'Rudyard','Willis','Hendrix','731066601-00006','14/04/1982',3,2),
(171,'Mira','Boyer','Rutledge','574185013-00004','18/05/1980',3,2),(172,'Pascale','Gilliam','Winters','014485411-00004','28/09/1975',3,2),
(173,'Destiny','Acosta','Knox','809030729-00002','29/11/1973',3,2),(174,'Burton','Whitley','Benson','532667375-00002','28/08/1998',3,1),
(175,'Dominic','Mcleod','Harmon','947425757-00004','09/02/1997',3,2),(176,'Elijah','King','Lopez','216471342-00008','09/04/1986',3,2),
(177,'Cadman','Gates','Frye','620139956-00002','08/11/2000',3,2),(178,'Conan','Bernard','Rowland','770502136-00003','07/10/1995',3,2),
(179,'Glenna','Blake','Spears','957632904-00000','15/01/1977',3,1),(180,'Sybill','Hess','Wells','939535837-00008','18/06/1976',3,1),
(181,'Denise','Perry','Doyle','343759304-00003','02/02/1968',3,1),(182,'Nina','Turner','West','014409528-00008','07/04/1999',3,2),
(183,'Ira','Harrington','Cervantes','217831247-00002','01/03/1996',3,2),(184,'Jolie','Banks','Booth','645004292-00001','17/10/1989',3,2),
(185,'Bree','Carr','Sosa','719207870-00002','14/06/1985',3,1),(186,'Cecilia','Freeman','Dodson','982225955-00003','13/10/1971',3,1),
(187,'Lionel','Summers','Cook','694108127-00002','23/02/1984',3,2),(188,'Larissa','Leach','Hanson','807252622-00004','07/11/1997',3,2),
(189,'Reuben','Buckley','Ryan','880075122-00007','28/08/1972',3,1),(190,'Kim','Moran','Bates','543839864-00005','25/07/1968',3,2),
(191,'Robert','Dejesus','Beasley','932452691-00003','12/03/1980',3,2),(192,'Mollie','Rhodes','Dudley','759906787-00008','19/08/1990',3,2),
(193,'Merritt','Terrell','Edwards','960350023-00003','01/02/2000',3,2),(194,'Nigel','Faulkner','Hahn','265623355-00004','27/04/1996',3,2),
(195,'Coby','Owens','Witt','064593825-00009','23/12/1981',3,1),(196,'Jack','Moran','Clark','397868746-00009','30/01/1965',3,2),
(197,'Melodie','Rhodes','Hardin','273384412-00006','24/03/1968',3,2),(198,'Clinton','Lara','Booker','847756061-00002','06/06/2001',3,1),
(199,'Audrey','Riley','Lindsey','881644702-00006','24/08/1969',3,2),(200,'Deborah','Pennington','Vincent','762025542-00007','18/09/2001',3,1),
(201,'Uriah','Bennett','Prince','811568450-00001','22/10/1985',1,2),(202,'Alyssa','Fitzgerald','Horne','364120543-00004','11/12/1979',1,1),
(203,'Brock','Whitfield','Horn','839964350-00004','15/03/1967',1,2),(204,'Caesar','Hess','Mcleod','472329564-00000','13/05/1985',2,2),
(205,'Mark','Fowler','Ratliff','992591784-00002','07/02/1986',2,2),(206,'Chastity','Carver','Orr','403259971-00006','31/01/1974',2,1),
(207,'Francis','Ball','Lindsay','393619291-00007','24/11/1978',2,1),(208,'Patrick','Wagner','Guerrero','858573157-00006','24/08/1993',2,1),
(209,'Zenia','Stafford','Meyer','756571667-00002','25/08/1981',2,1),(210,'Acton','Allen','Mcmahon','529304149-00006','24/04/1990',1,2),
(211,'Rae','Barber','Clark','577252232-00001','09/12/1997',1,2),(212,'Rhona','Dominguez','Mclaughlin','316056779-00002','05/08/1977',2,2),
(213,'Roth','Wilder','Espinoza','360228423-00008','09/07/1975',1,1),(214,'Brenda','Dean','Vaughn','436747323-00000','26/12/1988',2,2),
(215,'Claire','Lancaster','Bradshaw','437981053-00006','04/09/1977',2,1),(216,'Slade','Lowery','Walters','391395563-00003','13/08/1984',1,2),
(217,'Joel','Ball','House','833956659-00001','28/08/1997',2,2),(218,'Unity','Brooks','Cline','643244346-00000','11/08/1992',2,2),
(219,'Shelby','Horne','Morgan','239869589-00006','08/05/1965',2,1),(220,'Rafael','Carson','Perez','136201571-00009','23/05/1969',1,1),
(221,'Francesca','Blair','Butler','376042107-00007','28/01/1973',2,1),(222,'Jack','Ruiz','Hutchinson','839936788-00000','17/08/1992',2,1),
(223,'Cheryl','Foley','Mullins','813437050-00004','21/10/1971',1,2),(224,'Myra','Colon','Lamb','984283390-00008','21/11/1973',1,1),
(225,'Tatiana','Dean','Spence','870581493-00000','23/07/1969',2,2),(226,'Vincent','Hendrix','Pratt','573289311-00009','04/02/1970',1,1),
(227,'Clayton','Navarro','Hogan','983346438-00002','07/03/1994',2,2),(228,'Ella','Hampton','Parks','335398236-00000','27/11/1983',1,2),
(229,'Elmo','Perry','Ray','165831835-00005','14/03/1970',1,1),(230,'Palmer','Dalton','Santana','395499635-00005','23/03/1981',2,1),
(231,'Eagan','Fox','Jordan','322738071-00008','14/06/1990',2,2),(232,'Blake','Evans','Mccall','145833877-00007','20/05/1982',1,1),
(233,'Upton','Delaney','Zamora','901399147-00007','16/07/1977',2,2),(234,'Adam','Lynch','Quinn','230779191-00009','18/05/1967',2,2),
(235,'Bethany','Conner','Browning','575902002-00006','09/11/1968',1,2),(236,'Brent','Bray','Zamora','828424234-00007','30/09/1994',2,2),
(237,'Magee','Goodman','Brennan','387572670-00009','18/09/1966',2,2),(238,'Magee','Branch','Rojas','640965323-00002','07/03/1966',1,2),
(239,'Sade','Graham','Walters','471499525-00007','08/03/1992',1,2),(240,'Pamela','Rose','Owens','677334344-00004','26/07/1985',1,2),
(241,'Nolan','Hensley','Frost','801042169-00004','22/01/1966',1,1),(242,'Murphy','Harrell','Miranda','815554738-00006','20/01/1985',1,1),
(243,'Colin','Fry','Charles','283733269-00007','03/07/1990',2,1),(244,'Callie','Thompson','Russell','440996239-00008','20/06/1973',1,2),
(245,'Melodie','Brock','Bernard','756600466-00004','14/12/1985',2,2),(246,'Julie','Sampson','Holden','038776456-00006','15/05/1991',2,2),
(247,'Ezekiel','Grant','Todd','901805176-00004','14/08/2001',1,2),(248,'Wade','Dunn','Branch','864925029-00000','17/06/1969',1,1),
(249,'Violet','Justice','Perez','664322427-00009','14/11/1970',1,2),(250,'Ursa','Mitchell','Rodriquez','870248309-00003','15/06/1981',1,2),
(251,'Cameron','Dennis','Kidd','042018705-00006','25/02/1999',2,1),(252,'Germane','Cross','Solomon','644947988-00007','29/05/1990',2,2),
(253,'Dean','Lester','Skinner','194482980-00001','10/06/1966',2,2),(254,'Tobias','Houston','Allison','166634378-00003','07/07/1970',2,2),
(255,'Xander','Morton','Wolfe','600676381-00004','15/05/1989',1,2),(256,'Tasha','Clay','Dean','749717377-00008','29/03/1973',1,1),
(257,'Galena','Norton','Jackson','397810516-00005','22/02/2001',1,1),(258,'Calvin','Finch','Merrill','171167521-00003','01/11/1975',1,1),
(259,'Ethan','Gutierrez','Garrett','648772655-00003','08/09/1972',1,2),(260,'Bree','Carter','Rogers','663121150-00002','23/05/1969',2,1),
(261,'Kevin','Marsh','Holland','337371595-00006','25/10/1998',2,1),(262,'Zoe','Rojas','Clayton','128816501-00000','04/11/1968',1,2),
(263,'Alan','Wiggins','Owens','571851880-00005','25/05/1977',1,1),(264,'Joelle','Stevens','Herman','766738413-00000','25/02/1999',1,2),
(265,'Tarik','Buck','Jenkins','809176027-00005','14/08/1964',1,2),(266,'August','Sloan','Oneil','711264333-00008','27/12/1990',2,1),
(267,'Grady','Blackwell','Mays','036162980-00001','30/03/1967',2,2),(268,'Imani','Brady','Reid','616731113-00000','29/03/1993',1,2),
(269,'Silas','Bonner','Moore','763585734-00000','29/09/1979',2,1),(270,'Vielka','Cooper','Marsh','667939300-00006','27/04/1982',1,2),
(271,'Robert','Dodson','Weeks','384896882-00006','18/06/1979',2,2),(272,'Harper','Michael','Hartman','335460713-00001','22/09/1992',2,1),
(273,'Ebony','Brooks','Newton','015221823-00006','10/08/1988',2,1),(274,'Regina','Benton','Sykes','238565295-00009','29/09/1984',2,1),
(275,'Karina','Charles','Carver','130254253-00003','24/09/1979',2,2),(276,'Burton','Smith','Hendrix','798153383-00004','14/12/1974',1,1),
(277,'Stone','Reyes','Skinner','243844297-00008','24/10/1972',2,1),(278,'Quinn','Higgins','Ross','849453683-00005','23/01/1988',2,2),
(279,'Avram','Harvey','Dominguez','092471044-00005','13/01/1998',1,1),(280,'Allegra','Mendez','Olsen','521164251-00006','02/09/1972',2,2),
(281,'Tana','William','Figueroa','606156818-00001','18/02/1972',1,1),(282,'Ian','Shelton','Mclaughlin','753587633-00003','06/08/1978',2,2),
(283,'Cleo','Mcguire','Murray','041849977-00008','16/11/1973',2,1),(284,'Cameron','Snider','Johnson','502537566-00007','14/05/1982',1,1),
(285,'Maile','Mccullough','Kirby','488902933-00008','16/01/1979',1,2),(286,'Ivor','Johns','Brock','107455669-00005','27/04/1971',1,2),
(287,'Akeem','Franco','Stafford','313422479-00003','16/09/1983',2,2),(288,'Guy','Haynes','Skinner','094877305-00006','10/03/1969',2,2),
(289,'Kaseem','Bernard','Jackson','576428924-00004','01/01/1964',1,1),(290,'Cyrus','Lindsay','Kirby','891732018-00009','30/06/1967',1,1),
(291,'Jena','Moreno','Rodriquez','897181798-00009','18/06/1974',2,2),(292,'Erica','Tyson','Finch','506597079-00009','12/12/1978',1,1),
(293,'Hilda','Fuentes','Raymond','051534899-00003','05/05/1975',1,1),(294,'Boris','Kirkland','Hansen','460617814-00005','30/07/1979',1,2),
(295,'Lani','Cherry','Olsen','854009305-00004','30/12/2000',1,1),(296,'Ciara','Oneill','Rosario','659275309-00006','01/10/1980',2,2),
(297,'Tanek','Cochran','Sanchez','778168534-00007','08/01/1969',1,1),(298,'Elaine','Sosa','Garza','161045117-00009','16/11/1971',2,2),
(299,'Fleur','Summers','Watson','994223758-00008','08/10/1971',2,1),(300,'Fallon','Bates','Mcfarland','069515211-00006','02/03/1999',2,2),
(301,'Jerry','Christian','Bean','937629517-00007','04/11/1967',5,2),(302,'Neville','Gonzalez','Oliver','317886364-00007','13/04/1986',4,1),
(303,'Keefe','Daniel','Mcbride','915002612-00009','03/11/1971',4,1),(304,'Edward','Farrell','Johns','415171750-00003','10/05/1989',5,2),
(305,'Elliott','Woodard','Francis','004440178-00004','15/11/1967',4,2),(306,'Martina','Lowery','Dawson','803169176-00002','09/06/1967',5,1),
(307,'Heidi','Meadows','Stephenson','369383898-00003','15/06/1964',5,2),(308,'Rhoda','Holland','Patrick','010499077-00005','15/03/1978',5,1),
(309,'Cole','Mcclure','Christensen','477646228-00007','20/05/1972',4,1),(310,'Sigourney','Davidson','Powell','662632843-00006','22/08/1977',5,2),
(311,'Ryder','Moss','Berger','308070168-00007','10/06/1966',4,2),(312,'Amelia','Duran','Berger','960950509-00005','26/12/1983',5,2),
(313,'Daniel','Wallace','Roy','966471708-00000','20/03/1984',5,1),(314,'Unity','George','Keller','881016372-00008','10/01/1974',4,2),
(315,'Calvin','Whitaker','Justice','342982618-00007','24/05/1991',5,2),(316,'Teegan','Oliver','Campos','215754045-00007','30/07/1973',5,2),
(317,'Carissa','Lucas','Bass','228671442-00009','25/12/1995',5,1),(318,'Teegan','England','Frye','403219918-00006','26/02/1996',5,2),
(319,'Hasad','Burgess','French','045341864-00002','17/08/1994',4,2),(320,'Cade','Colon','Ratliff','077834885-00004','12/06/2000',4,2),
(321,'Kai','Swanson','House','803537109-00008','28/08/1996',4,1),(322,'Keane','Compton','Winters','340197060-00007','30/01/1988',4,2),
(323,'Baxter','Ayala','Brooks','551714108-00000','19/09/1985',4,2),(324,'Beatrice','Fields','Chang','083236141-00004','25/03/1992',4,1),
(325,'Quincy','Garrison','Hays','621132463-00004','05/11/2001',5,2),(326,'Reed','Eaton','Wise','279903256-00006','10/07/1972',4,1),
(327,'Rashad','Wilson','Dean','709260665-00001','01/06/1999',5,2),(328,'Micah','Oconnor','Finley','528530272-00004','13/11/1994',5,2),
(329,'Adrienne','Rhodes','Fitzgerald','982174989-00003','03/07/2000',4,1),(330,'Lewis','Newman','Velazquez','266721448-00006','20/08/1968',4,2),
(331,'Tara','Pickett','Baldwin','429431349-00001','12/02/1989',4,2),(332,'Ira','Bird','Wilson','040767303-00007','14/08/1977',4,2),
(333,'Fulton','Irwin','Hughes','046033429-00005','04/04/1965',5,2),(334,'Dexter','Riddle','Kirkland','975502543-00005','29/10/2001',4,2),
(335,'Raymond','Salinas','Ryan','791407067-00002','29/03/1988',5,2),(336,'Cheryl','Ware','Benson','767611338-00009','17/03/1979',5,1),
(337,'Jade','Greer','Hudson','590600565-00006','04/06/1989',4,2),(338,'Marcia','Baird','Downs','280228644-00009','26/05/1977',4,1),
(339,'Kasimir','Gillespie','Middleton','127781169-00009','08/02/1967',4,1),(340,'Adele','Gould','Perry','378367395-00001','16/09/1997',5,2),
(341,'Hall','Lowery','Guerra','260940069-00008','07/02/1987',5,2),(342,'Joshua','Mcdaniel','Wiggins','481359172-00006','19/09/1998',4,2),
(343,'Mariam','Carlson','Stone','388374779-00006','22/09/1980',5,2),(344,'Curran','Stanley','Washington','080930605-00003','25/10/2001',4,1),
(345,'Keaton','Fitzpatrick','Tanner','190722116-00000','31/08/2000',5,2),(346,'Destiny','Watkins','Sloan','633619168-00006','23/09/1977',4,2),
(347,'Jessamine','Nieves','Hawkins','316241413-00004','23/03/1974',5,1),(348,'Graham','Riddle','Williamson','024510836-00000','07/10/1986',4,1),
(349,'Malik','James','Francis','508341443-00002','18/05/1984',5,1),(350,'Madison','Stevens','Peterson','291534220-00004','12/09/1972',4,1),
(351,'Aidan','Bowen','Frank','214131047-00000','18/03/1974',5,2),(352,'Kirk','Hardy','Chambers','229007992-00006','12/10/1999',5,2),
(353,'Reagan','Alford','Huffman','425110004-00008','06/08/1972',4,1),(354,'Zelenia','Andrews','Rice','138406400-00000','26/02/1992',4,2),
(355,'Ariana','Horn','Palmer','742698202-00006','19/04/1990',5,2),(356,'Graiden','Robertson','Chang','966205700-00000','16/09/1984',5,2),
(357,'Russell','Goff','Flynn','710843467-00006','19/05/1988',4,2),(358,'Vielka','Wade','Shannon','412664955-00009','30/09/1968',5,2),
(359,'Mira','Flowers','Wynn','376142469-00000','20/09/1969',4,1),(360,'Marny','Mccullough','Bird','467258422-00006','08/06/1995',4,1),
(361,'Castor','Battle','Gould','738191949-00002','28/09/1986',4,1),(362,'Tanner','Barton','Bolton','013436159-00001','09/07/1997',5,2),
(363,'Quemby','Murphy','Dennis','779172956-00004','10/05/1993',4,2),(364,'Serina','Blake','Shannon','293772166-00006','13/04/1985',5,1),
(365,'Brett','Michael','Solis','668339419-00008','20/10/1968',4,2),(366,'Fitzgerald','Kelley','Bass','014360713-00003','18/03/1995',5,2),
(367,'Marah','Burt','Herman','001802792-00000','23/07/1980',5,1),(368,'Harding','Williamson','Nieves','150769073-00001','23/04/1964',5,1),
(369,'Ingrid','Merritt','Lawson','503560682-00000','02/04/1986',5,1),(370,'Thaddeus','Cummings','Hall','298272733-00007','30/10/1986',5,2),
(371,'Stephen','Buchanan','Burns','520829292-00009','21/05/2000',5,2),(372,'Arsenio','Porter','Lynch','595404815-00002','24/06/1975',4,1),
(373,'Randall','Sanchez','Sims','691647465-00000','24/03/1980',5,1),(374,'Julian','Dominguez','Rhodes','881796205-00006','07/02/1969',5,1),
(375,'Noel','Buckner','Adams','271834186-00006','14/09/1971',5,2),(376,'Brent','Wilcox','Roman','007220080-00001','09/10/1999',4,1),
(377,'Alexandra','Bell','Charles','195336359-00003','13/03/1996',5,1),(378,'Sean','Weiss','Glover','951369636-00000','24/04/1986',4,1),
(379,'Tyrone','Burton','Hoffman','645104167-00004','20/11/1972',5,1),(380,'Sebastian','Perez','Perez','979697935-00000','06/10/1979',5,1),
(381,'Oprah','Francis','Wilkins','380751800-00000','04/11/1964',5,2),(382,'Omar','Sykes','Middleton','007239999-00001','11/10/1988',5,2),
(383,'Cassandra','Fisher','Hull','626733471-00009','07/09/1965',5,1),(384,'Rudyard','Wooten','Craft','536076052-00003','17/04/1965',5,2),
(385,'Rooney','Clark','Kaufman','525322418-00001','11/06/1995',4,1),(386,'Hillary','Logan','Compton','789577509-00001','09/06/1972',5,2),
(387,'Megan','Jordan','Stephens','229033170-00007','21/03/1977',4,1),(388,'Taylor','Fischer','Pennington','047003025-00005','03/10/1979',5,2),
(389,'Chloe','Hines','Stokes','517652749-00006','13/01/1989',5,1),(390,'Rooney','Gomez','Wilder','184473486-00001','02/07/1988',4,1),
(391,'Mariam','Copeland','Donovan','128273372-00002','30/06/1997',4,1),(392,'Tasha','Travis','Arnold','803056472-00001','04/04/1983',5,2),
(393,'Elijah','Fowler','Hendricks','010805349-00007','24/05/2000',5,1),(394,'Willa','Moran','Williams','757597554-00000','14/04/1968',5,1),
(395,'Cruz','Mccormick','Bryan','356875229-00003','14/08/1974',5,1),(396,'Chastity','Martinez','Knox','484711494-00001','27/05/1976',4,1),
(397,'Amir','Wiley','Kirk','157952318-00002','24/11/1978',5,2),(398,'Kessie','Everett','Howe','111099909-00009','29/11/1974',4,1),
(399,'Kaye','Oneill','Kim','964723035-00009','16/06/1994',4,1),(400,'Murphy','Carlson','Burris','651628539-00009','14/05/1976',5,1),
(401,'Mohammad','Malone','Buckley','784460545-00006','08/10/1971',2,1),(402,'Kenyon','Sharp','Glover','880486246-00007','10/10/1983',1,2),
(403,'Susan','Langley','Dunlap','504578691-00009','12/02/1981',2,1),(404,'Orson','Herrera','Nichols','338497654-00008','11/01/1990',2,2),
(405,'Hyatt','Head','Lamb','169035037-00004','09/06/1987',2,2),(406,'Maris','Puckett','Sharp','841275258-00009','24/02/1977',2,2),
(407,'Lenore','Pickett','Warren','054942685-00006','19/07/1986',1,2),(408,'Nolan','Lamb','Luna','957739105-00006','01/05/1981',2,1),
(409,'Deirdre','Vaughn','Lynn','920470549-00006','04/05/1997',2,2),(410,'Felix','Collins','Mendez','506041151-00008','15/08/1972',1,1),
(411,'Valentine','Erickson','Valencia','092620368-00008','22/04/1987',2,1),(412,'Hayden','Case','Cantrell','375432002-00000','16/02/1982',2,1),
(413,'Flavia','Richmond','Deleon','795468347-00005','17/03/1968',1,1),(414,'Indira','Forbes','Craft','967653429-00001','28/08/1972',1,2),
(415,'Kitra','Gutierrez','Fitzgerald','468292503-00009','01/10/1990',1,1),(416,'Kiona','York','Garza','126573351-00007','23/02/1993',2,1),
(417,'Lee','Dale','Stevenson','618430706-00001','14/12/1996',2,2),(418,'Holmes','Stewart','Horn','168590040-00007','30/05/1980',2,1),
(419,'Gavin','Mullen','Leach','657626644-00006','27/03/1998',2,1),(420,'Bradley','Cabrera','Hyde','288917321-00003','10/02/1968',1,1),
(421,'Remedios','Cotton','Young','130076904-00007','25/12/1965',2,2),(422,'Macon','Wolfe','Farrell','130620743-00000','04/05/1965',1,2),
(423,'Kay','Wood','Fernandez','530662923-00008','24/08/1987',2,1),(424,'Ahmed','Hamilton','Chen','395473861-00007','17/05/1968',1,2),
(425,'Risa','Olsen','Byers','073218000-00005','12/07/1968',1,2),(426,'MacKenzie','Snow','Hogan','862448578-00008','18/10/1979',2,2),
(427,'Irma','Foley','Christian','007926272-00001','14/10/1972',1,2),(428,'Azalia','Macdonald','Prince','448803171-00009','28/05/1969',2,2),
(429,'Jin','Hess','Alston','067374660-00008','25/07/1997',2,2),(430,'Ezra','Nixon','Forbes','251163507-00006','18/05/1978',2,1),
(431,'Jesse','Guy','Burton','298910977-00008','19/08/1988',2,2),(432,'Tasha','Macdonald','Arnold','640305678-00008','18/02/1995',1,2),
(433,'Igor','Ramirez','Spence','557390077-00005','31/08/2000',2,2),(434,'Branden','Farley','Hays','988241675-00004','25/08/1966',2,1),
(435,'Coby','Lester','Keith','002243426-00000','10/06/1978',2,1),(436,'Rhiannon','Coffey','Tyson','787048172-00003','12/04/1976',1,2),
(437,'Harper','Pitts','Cook','801937541-00002','01/05/1991',2,2),(438,'Nash','Miranda','Graves','148470412-00005','17/11/1981',1,1),
(439,'Christian','Best','Meadows','970155701-00000','07/09/1977',1,1),(440,'Ashton','Jacobs','Lawrence','876590019-00009','22/06/1976',1,1),
(441,'Jonah','Combs','Trujillo','985733161-00006','24/04/1980',2,2),(442,'Rigel','Gray','Baldwin','462978024-00000','06/11/1965',1,1),
(443,'Jenna','Vazquez','Bauer','957894793-00000','24/05/1968',2,1),(444,'Nichole','Langley','Ferrell','278831524-00006','05/01/1969',1,2),
(445,'Timon','Wright','Chen','848424172-00007','28/01/1996',1,2),(446,'Bradley','Brady','Aguilar','497545681-00007','18/11/1966',2,2),
(447,'Lani','Stokes','Skinner','514337484-00000','21/06/1970',1,1),(448,'Chaim','Dunlap','Hayden','693075541-00005','01/09/1992',1,2),
(449,'Barry','Clayton','Dillon','051160703-00008','12/12/1978',1,2),(450,'Mikayla','Mullins','Vaughn','955904578-00007','26/07/1990',1,2),
(451,'Cameron','Ball','Williamson','478382989-00000','20/04/1964',2,1),(452,'Cynthia','Clarke','Ellison','124846403-00002','26/02/1972',1,1),
(453,'Raymond','Clayton','Chambers','172301863-00004','05/02/1980',2,1),(454,'Melanie','Hardin','Dotson','731705620-00003','04/03/1967',1,2),
(455,'Brittany','Bass','Osborn','717042543-00008','07/02/1991',2,2),(456,'Nathan','Bright','Barrera','589467273-00001','04/09/1964',1,1),
(457,'Oleg','Carroll','Vega','959486036-00004','06/11/1969',2,1),(458,'Len','Roach','Armstrong','362181554-00001','23/11/1990',1,1),
(459,'Merritt','Ramsey','Hickman','788263978-00009','26/10/1980',2,2),(460,'Kitra','Zimmerman','Dillon','431715127-00004','09/12/1979',2,2),
(461,'Guinevere','Stanley','Barker','152254728-00008','27/09/1977',2,2),(462,'Amelia','Santiago','Wilkerson','077762839-00007','08/12/1984',2,2),
(463,'Yeo','Jacobson','Wynn','917841330-00009','01/04/1999',1,1),(464,'Jerry','Bryan','Lee','953738515-00006','18/06/1997',1,2),
(465,'Jael','Ray','Holder','387891757-00008','07/11/1994',2,2),(466,'Cynthia','Marquez','Tillman','379483944-00003','10/05/1992',1,2),
(467,'Nicholas','Spencer','Lowery','940397193-00001','22/12/1974',1,1),(468,'Brenda','Vasquez','Jones','464276641-00006','05/07/1977',1,2),
(469,'Darryl','Mercer','Armstrong','775998768-00003','03/03/2001',1,2),(470,'Nelle','Harvey','Flores','148219660-00005','24/03/1984',2,1),
(471,'Kennan','Bernard','Ward','618901680-00008','05/12/1968',2,2),(472,'Angela','Mathis','Hansen','549407781-00000','23/01/1972',2,2),
(473,'Cadman','Mccormick','Langley','335438305-00005','26/07/1981',2,1),(474,'Idona','Whitney','Mccarthy','911424877-00007','16/05/1985',1,1),
(475,'Walter','Strickland','Caldwell','323189647-00007','06/04/2001',2,1),(476,'Diana','Gallagher','Christian','533271193-00005','27/11/1982',2,2),
(477,'Raja','Francis','Garza','650048069-00001','31/03/1977',1,1),(478,'Elliott','Mcknight','Preston','566574257-00002','21/09/1982',2,2),
(479,'Lacota','Cole','Morrow','654231729-00009','05/01/1978',1,2),(480,'Leilani','Ford','Gross','646115170-00003','29/05/1995',2,1),
(481,'Kylie','Carney','Holmes','574916268-00000','21/01/1995',2,1),(482,'Jelani','Whitley','Richardson','770346807-00009','10/10/1982',1,1),
(483,'Montana','Russell','Cline','757938741-00001','26/11/1984',1,1),(484,'Ina','Murray','Gallegos','812531481-00008','21/04/1965',2,2),
(485,'Imogene','Macias','Cochran','913396321-00006','07/01/1986',1,2),(486,'Paki','Hewitt','Hart','265225912-00004','09/02/1981',1,1),
(487,'Kevyn','Mcmahon','Ashley','148166952-00009','11/02/1968',2,2),(488,'Ursula','Zimmerman','Richmond','165127457-00001','30/03/1982',2,2),
(489,'Walter','Ratliff','Battle','330486234-00009','20/02/1968',1,2),(490,'Slade','Oconnor','Brennan','201239639-00002','04/09/1988',1,2),
(491,'Talon','Greer','Delacruz','139247423-00003','22/01/1986',2,2),(492,'Gareth','Flynn','Herrera','160639910-00001','03/04/1972',1,1),
(493,'Deirdre','Maxwell','Fischer','455798504-00003','26/06/1964',1,1),(494,'Orlando','Cleveland','Guerra','842739682-00008','10/03/1964',1,1),
(495,'Kenyon','Cummings','Le','239805039-00009','12/08/1984',1,2),(496,'Alisa','Hickman','Whitney','205386105-00006','03/07/1982',1,1),
(497,'Kane','Jordan','Shepard','689333045-00003','30/05/1980',1,2),(498,'Taylor','Shaw','Morrison','307663005-00006','12/04/1966',2,1),
(499,'Kaseem','Fowler','Copeland','815833488-00001','24/06/1993',2,2),(500,'Stella','Salazar','Espinoza','287196745-00007','01/08/2000',1,1),
(501,'Nash','Harvey','Maynard','803507847-00009','10/11/1997',5,1),(502,'Graham','Pope','Russell','449418599-00006','23/02/1990',4,1),
(503,'Orson','Finley','Collins','386471510-00001','29/04/1989',4,1),(504,'Yoshi','Lowe','Vega','160922969-00003','10/05/1992',4,2),
(505,'Hammett','Whitaker','Briggs','102331188-00007','26/08/1979',5,2),(506,'Gareth','Carlson','Saunders','084346147-00006','27/10/1967',5,2),
(507,'Scarlett','Medina','Blevins','540572310-00006','26/03/1977',4,2),(508,'Cassady','Farmer','Myers','537849614-00004','22/02/1976',5,2),
(509,'Carissa','Morse','Santana','902076454-00005','20/05/1980',5,2),(510,'Damian','Gomez','Dyer','562817221-00004','10/03/1997',4,2),
(511,'Lyle','Oneal','Dunn','644721235-00005','03/09/1987',5,2),(512,'Tatyana','Knowles','Webster','956190623-00002','27/03/1991',5,1),
(513,'Wang','Daugherty','Barker','690196316-00002','05/09/1994',5,2),(514,'Maxwell','Fisher','Bartlett','456861194-00003','08/10/1978',5,2),
(515,'Ivor','Stanton','Boyer','620437483-00006','18/04/1982',5,1),(516,'Lucy','David','Suarez','598226330-00002','16/10/1969',5,2),
(517,'Roary','Davis','Chen','598863561-00000','29/09/1996',4,1),(518,'Kirsten','Pruitt','Ochoa','477829030-00006','29/06/1992',4,2),
(519,'Britanni','Stanton','Allison','569942295-00001','25/09/1997',4,2),(520,'Barry','Bean','Hull','444022149-00009','04/11/1982',4,2),
(521,'Emma','Wilkins','Gutierrez','481815231-00008','15/01/1983',4,2),(522,'Marny','Hays','Logan','369026612-00001','04/09/1983',5,1),
(523,'Melyssa','Head','Kane','936942051-00009','22/12/1994',5,1),(524,'Garrison','Dunn','Jenkins','276244571-00002','12/05/1972',4,2),
(525,'Aspen','Nelson','Terrell','209768738-00004','22/12/1965',4,1),(526,'Chelsea','Reynolds','Kinney','293175485-00003','27/07/1971',4,1),
(527,'Justina','Kirkland','Goodman','346039092-00009','22/03/1986',4,1),(528,'Brandon','Horne','Tucker','785153107-00004','22/11/2000',5,2),
(529,'Callie','Warner','Green','116970518-00001','20/02/1992',4,2),(530,'Addison','Simpson','Dillon','051220598-00000','05/08/1990',5,2),
(531,'Prescott','Cohen','Maddox','038686143-00009','10/05/1995',5,2),(532,'Elmo','Vance','Mendoza','520691544-00008','20/10/1982',5,1),
(533,'Connor','Mann','Lott','921406344-00009','30/10/1990',4,1),(534,'Vladimir','Barton','Irwin','685210528-00004','16/07/1998',4,1),
(535,'Gannon','Watkins','Glenn','499460210-00002','25/07/1979',4,1),(536,'Ursula','Gentry','Lamb','424781920-00006','29/12/1998',5,2),
(537,'Delilah','Sharp','Dyer','496658345-00004','11/04/1969',5,1),(538,'Brianna','Dudley','Baxter','898085600-00002','23/06/2001',5,1),
(539,'Sacha','Merritt','Lowe','573143716-00005','30/06/1991',5,2),(540,'Sarah','Gregory','Roman','291607521-00007','09/10/1975',5,1),
(541,'Dale','Hartman','Gallagher','925197170-00002','19/08/1994',5,1),(542,'Garth','Barton','Pierce','102865151-00009','28/11/1977',5,1),
(543,'Nero','Preston','Prince','598258606-00006','24/11/1984',4,1),(544,'Raja','Waters','Anthony','496544867-00005','23/11/1998',4,1),
(545,'Eugenia','Thompson','Stein','602559585-00008','25/01/1996',4,1),(546,'Janna','Rios','Bass','221838337-00006','21/12/2001',4,1),
(547,'Thor','Callahan','Bender','741176739-00000','09/03/1988',4,1),(548,'Adria','Cortez','Sosa','011121522-00004','12/03/1975',4,1),
(549,'Barclay','Small','Cantrell','029288636-00003','25/04/1985',4,1),(550,'Alice','Heath','Blanchard','786234492-00001','31/01/1966',5,1),
(551,'Leilani','Rich','Kirby','039125299-00006','03/09/1996',4,2),(552,'Burke','Wells','Bradley','385172259-00009','16/06/1973',5,2),
(553,'Derek','Jimenez','Mueller','350808044-00001','17/09/2000',4,1),(554,'Hillary','Snow','Britt','638806497-00001','10/07/1991',4,2),
(555,'Hammett','Mcneil','Woods','339563207-00002','29/11/1991',5,2),(556,'Knox','Graves','Thompson','688176858-00001','09/06/1999',4,1),
(557,'Melanie','Larson','Griffin','338120827-00005','08/12/1964',4,1),(558,'Indira','Haney','Robinson','385825815-00009','19/07/1964',4,2),
(559,'Lana','Warner','Carson','671659563-00009','02/03/1970',4,2),(560,'Keaton','Moody','Rice','657779484-00002','23/02/1986',5,1),
(561,'Barrett','Vincent','Morrow','324853316-00002','02/03/1972',5,1),(562,'Freya','Pratt','Diaz','737651604-00008','20/12/1985',4,2),
(563,'Aretha','Klein','Carroll','147838593-00001','11/04/1972',5,2),(564,'Demetria','Ortega','Brewer','541854154-00005','16/12/1969',4,1),
(565,'Garrison','Robertson','Camacho','035068535-00000','22/10/1978',5,2),(566,'Winter','Mcguire','Graham','530046622-00003','17/08/1983',4,1),
(567,'Joy','Campos','Hale','032586299-00003','05/12/1983',4,2),(568,'Aidan','Meyers','Holt','549066884-00004','10/07/2001',4,2),
(569,'Uriel','Hatfield','Duran','974239600-00006','11/09/1994',4,1),(570,'Yuli','Russell','Finch','175895879-00005','15/11/1964',5,2),
(571,'Cathleen','Callahan','Sutton','891721839-00001','05/10/1995',5,2),(572,'Lucius','Blackburn','Valdez','912112638-00008','12/10/1975',4,1),
(573,'Kathleen','Frank','Blair','428255103-00007','01/10/1986',5,2),(574,'Sonya','Hogan','Leblanc','865159081-00005','21/04/1975',4,2),
(575,'Raja','Gaines','Chavez','658147665-00009','21/09/1991',5,2),(576,'Josiah','Schneider','Todd','044457299-00004','08/04/1967',5,2),
(577,'Reed','Wall','Hodges','008506040-00008','10/03/1981',4,1),(578,'Avye','Norton','Stevenson','530764125-00007','26/12/1988',5,1),
(579,'Jordan','Griffith','Lane','587139296-00004','18/10/1982',4,1),(580,'Flynn','Melton','Gonzales','301234019-00000','14/07/1971',5,2),
(581,'Shoshana','Perez','Keller','748218088-00007','22/05/1994',4,1),(582,'Brent','Blake','Peterson','960932549-00004','07/05/1981',5,1),
(583,'Ursa','Orr','Sloan','976575332-00003','07/08/1974',4,1),(584,'Shay','Peterson','Richmond','460355308-00004','01/02/1970',5,2),
(585,'David','Schroeder','Leach','726543804-00009','31/10/1997',5,2),(586,'Mason','Greene','Vaughn','722050952-00000','04/12/1989',5,2),
(587,'Blair','Owens','Fulton','687728766-00001','19/09/1970',5,1),(588,'Buckminster','Ochoa','Carpenter','227876307-00009','29/04/1978',4,1),
(589,'Nell','Blevins','Ochoa','350043816-00007','22/04/2000',5,2),(590,'Laith','Wolf','Goodwin','946683901-00007','23/11/1993',5,1),
(591,'Kieran','Bailey','Gibson','607039971-00009','05/07/1981',4,1),(592,'Peter','Dalton','Pickett','359254109-00002','03/09/1970',5,1),
(593,'May','Foreman','Hodges','197760713-00002','28/02/1977',4,2),(594,'Channing','Durham','Bender','564431500-00003','22/08/1964',4,1),
(595,'Wayne','Oneil','Daugherty','998886840-00003','01/05/1972',5,2),(596,'Quinlan','Lamb','Daugherty','788832327-00001','05/08/1975',4,1),
(597,'Buckminster','Bowers','Hooper','859123366-00006','16/01/1966',5,2),(598,'Whilemina','Clemons','Fuentes','680916871-00006','24/04/2000',4,1),
(599,'Wynne','Washington','Holt','116302449-00008','15/09/1975',4,2),(600,'Quentin','Burnett','Salazar','842540353-00005','04/11/1983',4,2),
(601,'Rama','Giles','Griffith','607703824-00005','18/04/1965',2,2),(602,'Winifred','Larsen','Norman','717721468-00006','26/12/1999',2,2),
(603,'Hollee','Blair','Stokes','543133342-00005','28/03/1967',2,2),(604,'Brendan','Avila','Bowman','126360585-00007','15/02/1965',1,1),
(605,'Risa','Torres','Davidson','448643197-00008','22/11/1993',1,1),(606,'Urielle','Fitzpatrick','Summers','315376376-00002','19/08/1988',2,1),
(607,'Whitney','Silva','Neal','914029376-00003','14/05/1977',1,1),(608,'Tanya','Barrera','Rivera','769888876-00000','16/04/1977',1,1),
(609,'Gay','Moran','Hamilton','603310152-00005','14/02/1993',2,2),(610,'Yardley','Cole','Moses','811692177-00009','09/01/1992',1,2),
(611,'Kyle','Bowers','Cruz','763229689-00008','16/06/1979',2,2),(612,'Laurel','Hancock','Franks','463770909-00000','17/04/1964',2,2),
(613,'Cassidy','Everett','Hall','517353942-00009','17/04/1964',2,1),(614,'Jenette','Ayala','Richmond','918085317-00009','28/02/1993',1,2),
(615,'Wade','Coleman','Myers','850244864-00003','19/06/1995',1,2),(616,'Kylan','Contreras','Chambers','661824755-00002','15/02/2000',1,1),
(617,'Casey','Tanner','Koch','781859558-00004','06/06/1997',1,2),(618,'Maxine','Harrison','Lloyd','935122259-00002','07/05/1971',2,1),
(619,'Branden','Schroeder','Baird','559466107-00005','18/05/1981',1,2),(620,'Cassady','Emerson','Meyer','529858383-00001','26/07/1988',1,2),
(621,'Tanisha','Watkins','Galloway','920229390-00009','15/11/1966',1,2),(622,'Paki','Burns','Harper','418053740-00001','09/03/2001',2,1),
(623,'Emi','Frye','Morris','969865427-00005','31/12/1974',2,1),(624,'Hamilton','David','Johns','233690049-00009','02/01/1978',2,2),
(625,'Sierra','Britt','Parks','755962909-00007','14/10/1980',1,1),(626,'Amery','Murray','Dennis','669859043-00004','13/02/1996',2,1),
(627,'Maile','Copeland','Justice','398652586-00007','24/10/1973',2,1),(628,'Thaddeus','Knowles','Lewis','208353649-00006','22/12/1987',2,2),
(629,'Nathaniel','Fuller','Adams','730908175-00005','18/08/1971',1,1),(630,'Thane','Kirk','Harper','684333461-00003','02/06/1969',1,2),
(631,'Robert','Patrick','Espinoza','350876660-00001','02/08/1973',2,2),(632,'Seth','Hester','Mooney','693500969-00003','12/09/1971',1,2),
(633,'Jeanette','Jackson','Heath','526158191-00001','05/04/2000',1,2),(634,'Jescie','Browning','Gutierrez','382527620-00001','08/02/1970',1,1),
(635,'Wayne','Sanchez','Adams','236462248-00006','15/02/1987',1,1),(636,'Kay','Knight','Yates','280344821-00002','14/11/1988',2,1),
(637,'Nolan','Carr','Harrington','458037835-00006','10/12/1993',1,2),(638,'Zephania','Leblanc','Ayala','331884734-00004','14/11/1967',1,2),
(639,'Alana','Raymond','Barron','497754945-00002','09/12/1998',1,1),(640,'Davis','Ballard','Meyer','116340944-00002','12/01/1973',2,1),
(641,'Jaquelyn','Byrd','Cline','824909295-00001','18/02/1994',1,2),(642,'Kerry','Vinson','Meadows','630152056-00002','25/04/1982',1,1),
(643,'Nadine','England','Mccarty','132061029-00006','31/03/1965',1,1),(644,'Zephania','Blevins','Woods','345411078-00008','30/09/1971',1,2),
(645,'Caleb','Tate','Cabrera','793000126-00003','26/02/1971',1,1),(646,'Erasmus','Carroll','Rasmussen','405112327-00003','03/12/1983',2,2),
(647,'Cedric','Gibbs','Norris','145720678-00005','30/01/2001',2,2),(648,'Keelie','Blackburn','Hogan','767071756-00005','14/05/1975',2,2),
(649,'Patrick','Swanson','Reeves','219516721-00004','06/02/1992',2,1),(650,'Mira','Bishop','Lynch','721680122-00000','19/11/2001',1,2),
(651,'Kessie','Chambers','Andrews','664350949-00007','10/11/1986',2,1),(652,'Jocelyn','Yates','Cooley','724957188-00001','23/12/1967',2,2),
(653,'Ivan','Kinney','Mills','855982567-00007','24/01/1965',1,2),(654,'Eden','Nunez','Caldwell','706419421-00005','08/02/1968',2,1),
(655,'Elijah','Wong','Buckner','679827865-00008','16/10/1979',1,2),(656,'Gisela','Hendrix','Boone','316072636-00004','23/04/1974',2,2),
(657,'Regina','Sullivan','Brock','743866261-00006','13/01/1990',1,1),(658,'Emery','Kennedy','Harrell','135145944-00009','19/03/1971',1,1),
(659,'Zoe','Sexton','Becker','899201420-00002','30/12/1984',2,1),(660,'Ann','Morales','Simon','777741323-00003','09/10/1999',1,2),
(661,'Russell','Mccoy','Saunders','505691790-00008','14/03/1996',2,2),(662,'Scott','Dickson','Mills','684373244-00004','12/03/1976',2,1),
(663,'Phelan','Elliott','Roberson','912052834-00005','14/08/1973',1,1),(664,'Haviva','Rogers','Swanson','490295144-00003','21/01/2001',2,2),
(665,'Brennan','Hebert','Valentine','899294961-00003','03/12/1978',1,1),(666,'Priscilla','Day','Lang','570198606-00008','07/04/1965',2,2),
(667,'Aladdin','Mcfadden','Fitzgerald','217967801-00002','28/06/1999',1,1),(668,'Kuame','Gould','Curry','793776683-00005','02/09/1988',1,1),
(669,'Mira','Walton','Dillard','375465945-00000','16/09/1998',1,2),(670,'Camden','Rollins','Simpson','820829497-00008','21/05/1975',2,1),
(671,'Wesley','Eaton','Lucas','035255603-00009','24/10/1999',1,1),(672,'Karly','Atkins','Rosales','836826677-00004','28/08/1968',1,2),
(673,'Raymond','Goodman','Huber','287287551-00009','11/04/1999',1,2),(674,'Jenna','Mullen','Melendez','856606439-00003','25/08/1987',2,1),
(675,'Alana','Gaines','Mckinney','875556821-00002','24/12/1999',1,2),(676,'Yoko','Bush','Graves','744367582-00007','22/04/1981',1,1),
(677,'Cameron','Ward','Torres','213941958-00000','11/11/1992',2,2),(678,'Hollee','Harvey','Bush','578133910-00005','06/06/1976',2,1),
(679,'Ava','Wright','Hood','397336140-00009','24/07/1994',1,2),(680,'Ahmed','Joseph','Roman','163741606-00004','11/08/1965',2,2),
(681,'Odysseus','Butler','Cross','629288291-00004','07/05/1986',2,1),(682,'Madeline','Sharp','Valenzuela','183596873-00004','19/01/1981',1,1),
(683,'Risa','Garner','Collier','799937537-00006','03/01/1982',2,2),(684,'Colin','William','Baird','457300622-00000','04/09/1982',2,1),
(685,'Shad','Curtis','Vincent','893288779-00000','28/03/1970',2,2),(686,'Buffy','Craig','Randall','638462507-00002','13/03/1995',2,2),
(687,'Colette','Peck','Robbins','787004662-00005','16/01/1972',2,2),(688,'Lydia','Shepherd','Mcclain','691597843-00008','01/02/1978',1,2),
(689,'Sharon','Lawson','Ortiz','961114766-00002','27/04/1990',1,1),(690,'Destiny','Nichols','Mckinney','165811845-00008','20/02/1996',2,1),
(691,'Ivory','Shelton','Zimmerman','474424546-00007','11/01/1970',2,2),(692,'Malachi','Johnson','Marquez','264746728-00007','02/01/2001',2,2),
(693,'Kai','Abbott','Patton','622152601-00002','03/05/1979',1,2),(694,'India','Larsen','Nunez','488221458-00000','25/06/1996',1,1),
(695,'Hoyt','Valdez','Murphy','807324686-00003','23/07/1966',2,2),(696,'Upton','Ramirez','Franks','899288716-00009','04/01/1970',2,1),
(697,'Whilemina','Davis','Sanders','999288442-00000','08/03/1992',1,1),(698,'Len','Cash','Kemp','080781529-00005','26/09/1975',1,2),
(699,'Barbara','Brewer','Klein','472193317-00006','28/05/1972',1,1),(700,'Kane','Bridges','Duncan','887816007-00009','31/08/1986',1,2),
(701,'Jarrod','Aguirre','Price','154625768-00002','11/09/1993',5,2),(702,'Kerry','Thompson','Swanson','493667216-00003','22/03/1990',4,1),
(703,'Timon','Conway','Monroe','902984616-00000','29/12/1995',4,1),(704,'Grady','Vaughan','Schneider','584477186-00004','08/12/1972',5,1),
(705,'Janna','Rose','Cleveland','761114859-00009','07/03/1992',4,2),(706,'Rhona','Raymond','Mooney','899241608-00004','01/08/1993',4,1),
(707,'Lacey','Tate','Young','577707409-00006','29/05/1986',4,2),(708,'Adena','Hubbard','Morris','532913076-00008','17/09/1972',4,2),
(709,'Claudia','Bean','Harris','304913544-00009','24/11/1996',5,1),(710,'Erich','Acosta','Norton','226972321-00005','10/02/1983',4,2),
(711,'Lisandra','Middleton','Buchanan','695004226-00004','29/12/1978',4,2),(712,'Jarrod','Rowland','Frye','911725919-00003','28/02/1994',5,1),
(713,'Regan','Leonard','Davidson','792697351-00007','11/06/1967',4,1),(714,'Virginia','Carlson','Blackburn','049546864-00007','01/04/1964',5,2),
(715,'Cherokee','Castaneda','Casey','082137415-00004','01/08/1987',5,2),(716,'Zeph','Harrell','Ayers','457432144-00006','13/01/1974',5,2),
(717,'Kiara','Frye','Boone','980464010-00001','19/05/1974',4,2),(718,'Zelenia','Stein','Fuentes','015763899-00000','08/02/1976',4,1),
(719,'Nichole','Blackburn','Salas','064751258-00001','24/07/2001',4,1),(720,'Quin','Mccarty','Pope','734542319-00003','25/01/1987',4,2),
(721,'Hilary','Sanchez','Sweet','137103768-00008','26/09/1994',4,2),(722,'Wynne','Cash','Larson','937104784-00007','27/11/1988',5,2),
(723,'Deborah','Chandler','Ball','855183802-00005','29/08/1999',4,1),(724,'Castor','Duke','Craig','259440287-00003','15/12/1984',4,2),
(725,'Rosalyn','Gilmore','Skinner','852657048-00009','12/05/1991',4,2),(726,'Hamish','Dennis','Gordon','143215952-00001','02/08/1980',4,1),
(727,'Lillith','Gregory','Middleton','293780763-00000','18/12/1984',4,2),(728,'Cole','Bell','Sims','938499704-00006','04/04/1998',5,1),
(729,'Noah','Martin','Morin','508667904-00009','18/07/1964',5,2),(730,'Amena','Rowe','Hunter','715951059-00008','23/04/2000',4,2),
(731,'Eleanor','Meyers','Blair','807854815-00006','20/05/1985',4,2),(732,'Maris','Stewart','Kirk','296917578-00001','28/03/2000',5,1),
(733,'Natalie','Rivas','Hayden','364641027-00008','02/03/1999',5,2),(734,'Grant','Fitzpatrick','Haney','714783040-00005','07/06/1986',4,1),
(735,'Ralph','Coffey','Nicholson','297075343-00006','30/04/1966',4,2),(736,'Hayes','Sawyer','Stanley','530697705-00008','04/03/1996',4,1),
(737,'Phillip','Cantrell','Brown','556879708-00007','03/10/1976',4,1),(738,'Francesca','Morton','Barnett','839041431-00009','19/10/1964',5,2),
(739,'Aaron','Dawson','Warren','385154638-00006','09/05/1964',4,1),(740,'Evangeline','Meadows','Ray','425894813-00004','30/09/1966',4,2),
(741,'Ciara','Downs','Mcgowan','138584560-00005','22/08/1972',4,2),(742,'Sara','Finch','Hutchinson','894021625-00005','16/05/1981',4,2),
(743,'Rashad','Cervantes','Durham','020611604-00008','06/10/1979',5,2),(744,'Priscilla','Page','Alexander','503277741-00008','10/07/2000',4,2),
(745,'Aline','Valencia','Lawson','439961848-00009','24/05/1970',4,1),(746,'Amanda','Wiley','Miranda','751874470-00006','06/10/1988',4,2),
(747,'Thaddeus','Koch','Velazquez','942205899-00001','04/09/1999',4,2),(748,'Beck','Savage','Schultz','181740002-00009','29/12/1975',5,2),
(749,'Uriah','Fisher','Short','186543583-00006','11/02/1993',4,1),(750,'Hyacinth','Crosby','Ashley','360373344-00009','15/07/1981',5,2),
(751,'Dakota','Stout','Blackwell','205956659-00002','21/06/1982',4,2),(752,'Ariana','Savage','Glass','487975351-00007','09/05/1964',5,1),
(753,'Phyllis','Hickman','Cruz','441506359-00005','04/06/1999',5,2),(754,'Ian','Owens','Gibson','609222468-00009','23/09/1999',4,2),
(755,'Alexis','Mays','Wong','979874104-00008','13/09/1972',5,1),(756,'Louis','Luna','Gibbs','775222136-00001','24/05/1984',4,1),
(757,'Deborah','Neal','Nunez','235605466-00004','11/06/1972',5,1),(758,'Vera','Clarke','Spence','459858015-00009','25/12/1980',5,1),
(759,'Heather','Barron','Velasquez','924490808-00004','27/04/1999',5,2),(760,'Xerxes','Conway','Carey','523114833-00008','29/09/1981',4,1),
(761,'Giacomo','Armstrong','Pennington','780022778-00002','25/01/1989',5,1),(762,'Ella','Green','Justice','309148476-00000','24/11/1972',5,1),
(763,'Lynn','Shannon','Gill','465709848-00001','01/03/1992',5,1),(764,'Gay','Lynch','Sanchez','721584662-00002','11/03/1991',5,1),
(765,'Marsden','Whitfield','Brown','730159290-00008','14/12/1983',5,2),(766,'Alexander','Dillon','Ochoa','757548177-00000','21/04/1986',5,1),
(767,'Alan','Johnston','Davis','078348968-00005','16/07/1981',5,1),(768,'Elaine','Maddox','Chase','100013531-00007','19/12/1971',5,2),
(769,'Pearl','Macias','Bates','031566490-00004','01/07/1979',4,2),(770,'Dacey','Chang','Sellers','456668516-00002','24/10/1980',5,2),
(771,'Lawrence','Sykes','Stephenson','606519916-00005','22/02/1971',4,1),(772,'Riley','Patton','Watson','122902612-00003','07/12/1974',5,2),
(773,'Ferris','Frederick','Bean','987096302-00003','16/09/1989',5,2),(774,'Timon','Cooley','Gray','511913410-00003','02/12/1965',4,1),
(775,'Sybill','Byrd','Gilliam','835531666-00005','16/12/1994',4,1),(776,'Montana','Logan','Watts','806725768-00006','29/01/1983',4,1),
(777,'Imelda','Clark','Weeks','845274422-00003','22/10/1998',4,1),(778,'Jordan','Chapman','Leblanc','095563268-00002','04/11/1996',5,2),
(779,'Piper','Downs','Fitzgerald','503969743-00007','02/07/1967',4,2),(780,'Galena','Deleon','Donovan','805105657-00003','18/03/1984',5,1),
(781,'Ferdinand','Harrington','Matthews','267122380-00004','02/06/1989',4,2),(782,'Jolene','Rocha','Humphrey','849421532-00003','21/10/1989',4,2),
(783,'Yoshio','Herrera','Jenkins','065947772-00003','26/10/1987',5,1),(784,'Chandler','Carroll','Velasquez','308267574-00009','28/04/1967',5,2),
(785,'Hilel','Cook','Petty','528968084-00004','06/01/1968',5,1),(786,'Dai','Stark','Glover','495067407-00009','07/07/1974',5,2),
(787,'Sonya','Armstrong','Sargent','778904201-00002','18/01/1974',5,1),(788,'Ruth','Snyder','Galloway','625050208-00002','27/11/1976',5,2),
(789,'Renee','Richardson','Mullins','472121953-00005','16/05/1993',5,2),(790,'Denton','Cameron','Baker','134002013-00008','06/11/1970',4,2),
(791,'Wang','Andrews','Simpson','198437089-00008','31/01/1968',4,2),(792,'Tasha','Potts','Summers','117911941-00005','05/05/1995',4,2),
(793,'Alexandra','Cross','Summers','556677573-00009','11/02/1983',5,1),(794,'Jonas','Nicholson','Guzman','182792101-00004','26/10/1992',5,1),
(795,'Anastasia','Hardin','Emerson','188568364-00007','06/06/1995',4,2),(796,'Leslie','Jarvis','Bright','877651471-00006','08/04/1982',4,2),
(797,'Colby','Franco','Simpson','260854674-00009','13/08/1964',5,1),(798,'Nadine','Montoya','Carter','415988211-00009','23/03/1992',4,1),
(799,'Florence','Holmes','Martin','333281780-00002','01/04/1976',4,2),(800,'Boris','Finch','Carson','407771641-00005','20/07/1973',5,2),
(801,'Tad','George','Poole','202208773-00004','12/02/1973',2,1),(802,'Chastity','Benton','Santos','359283728-00004','12/08/1980',1,2),
(803,'Ira','Jenkins','Alexander','245824735-00006','31/03/1997',2,1),(804,'Cade','Page','Hays','062420658-00007','15/02/1998',2,2),
(805,'Cassandra','Chandler','Todd','229974605-00003','28/06/1999',1,2),(806,'Kaseem','Hammond','Hendricks','811815604-00004','01/08/2001',2,2),
(807,'Ava','Barnes','French','726456015-00007','10/03/1980',2,1),(808,'Dolan','Pittman','Lloyd','281986364-00004','29/12/1993',2,1),
(809,'Amos','Perkins','Casey','935105379-00009','23/10/1975',2,1),(810,'Orson','Waters','Blackburn','575166368-00002','07/09/1997',2,1),
(811,'Akeem','Simpson','Acosta','242060770-00003','24/06/1981',1,1),(812,'Sade','Wright','Potter','912159225-00008','28/05/1989',2,1),
(813,'Colette','Dean','Hood','078169901-00002','23/03/1984',2,2),(814,'Indigo','Carney','Schmidt','671682748-00007','17/02/1998',2,1),
(815,'Lareina','Howe','Camacho','522839380-00006','24/03/1986',1,2),(816,'Bevis','Richard','Gilliam','677055386-00002','27/08/1999',1,1),
(817,'Breanna','Chase','Olsen','982824419-00005','01/11/1967',1,1),(818,'Kellie','Mcgee','Robles','507518025-00006','16/07/1964',1,1),
(819,'Amery','Finch','Houston','273910232-00001','09/11/1968',2,1),(820,'Theodore','Carroll','Skinner','493260046-00005','27/12/1993',2,2),
(821,'Hakeem','Lane','Cochran','142535756-00001','08/11/1971',2,1),(822,'Lunea','Bruce','Macdonald','066240227-00000','09/10/1984',2,1),
(823,'George','Bruce','Cervantes','685790487-00001','27/11/1994',1,1),(824,'Leilani','Nixon','Rowe','186375010-00003','08/03/1998',1,1),
(825,'Jakeem','Hebert','Strong','423834639-00001','09/01/1984',1,1),(826,'Alice','Rasmussen','Love','144842432-00003','13/08/1988',1,1),
(827,'Dominique','Mcfadden','Conway','765891940-00007','11/11/1981',2,2),(828,'Abraham','Mays','Hurst','524735321-00001','03/06/2000',2,1),
(829,'Oliver','Peters','Newman','982480931-00004','01/10/1966',1,1),(830,'Vielka','Warner','Sandoval','697939460-00005','29/11/1999',2,1),
(831,'Alexa','Vasquez','Wilson','913834719-00001','27/06/1966',1,2),(832,'Cally','Galloway','Daugherty','346000706-00009','21/08/1976',2,2),
(833,'Ina','Klein','Dudley','342674728-00007','25/04/1995',2,1),(834,'Echo','Reyes','Levy','700944861-00009','06/04/1972',1,1),
(835,'Shaeleigh','Pittman','Glover','797765443-00008','11/04/1971',1,1),(836,'Hammett','Barry','Ball','793867789-00000','12/05/1988',2,1),
(837,'Adrian','Dotson','Gray','767206238-00002','18/07/1982',2,2),(838,'Rhona','Alford','Marsh','929244853-00008','08/02/1989',2,1),
(839,'Xerxes','Barron','Roman','579802968-00001','19/08/1981',1,2),(840,'Hop','Irwin','Mccarty','880557525-00008','16/09/1989',2,2),
(841,'Carly','Summers','Joseph','048606636-00008','08/02/1995',2,1),(842,'James','Price','Cochran','809604531-00008','26/06/1979',1,1),
(843,'Philip','Strong','Dorsey','406709725-00005','27/06/1976',2,2),(844,'Sage','Townsend','Moses','329779946-00006','29/09/1974',2,2),
(845,'Octavius','Little','Coffey','556668978-00001','04/10/2001',2,2),(846,'Martin','Adkins','Johns','929149342-00008','30/05/1984',2,2),
(847,'Marsden','Lamb','Burch','016951345-00004','17/08/1967',2,2),(848,'Zelenia','Hickman','Stevenson','929748325-00008','20/02/1997',2,2),
(849,'Amal','Bridges','Hampton','234230837-00002','19/06/1987',2,2),(850,'Slade','Hewitt','Delgado','349039511-00002','28/04/1999',2,1),
(851,'Flynn','Burris','Banks','569922248-00004','01/08/1998',1,1),(852,'Freya','Gates','Rhodes','685323347-00003','31/08/1978',2,1),
(853,'Ciaran','Browning','Stark','730836244-00006','30/01/1967',1,2),(854,'Yetta','Austin','Williams','142846534-00006','27/09/2000',1,2),
(855,'Illana','Olsen','Rosales','178326278-00003','04/07/1988',1,2),(856,'Noel','Poole','Mcclain','491882908-00008','15/08/1984',1,2),
(857,'Ishmael','Hale','Maddox','770028280-00004','08/09/1983',2,2),(858,'Fletcher','Mcdonald','Ballard','248206310-00000','10/09/1968',1,1),
(859,'Anthony','Sykes','May','315305631-00006','15/08/1993',1,1),(860,'Regan','Barnett','Greene','318641420-00001','04/09/1992',1,1),
(861,'Barrett','Wong','Phelps','614238269-00003','17/05/1995',1,1),(862,'Duncan','Berry','Russo','027739713-00009','17/11/1970',1,1),
(863,'Nigel','Conway','Potts','924525025-00004','24/03/2001',1,1),(864,'Piper','Zimmerman','Boyer','799825104-00000','26/12/1996',2,2),
(865,'Quon','Alston','Brock','897665485-00008','05/10/1972',2,1),(866,'Linus','Forbes','Baird','815745484-00007','19/01/1981',2,2),
(867,'Nora','Peterson','Mckenzie','892709601-00009','25/05/1984',1,2),(868,'Camden','Lamb','Faulkner','121541882-00001','05/01/1969',1,2),
(869,'Buffy','Tanner','Lara','858224702-00002','27/02/2000',1,1),(870,'Jerome','Case','Whitehead','440004893-00002','24/07/1995',1,1),
(871,'Adria','Wright','Adams','161712443-00001','27/09/2001',2,2),(872,'Lareina','Steele','Giles','287251284-00009','22/09/2000',1,1),
(873,'Chaney','Trevino','Rush','462805268-00002','12/06/1970',2,1),(874,'Prescott','Sloan','Baird','975342007-00005','01/11/1969',1,2),
(875,'Rudyard','Todd','Mccarthy','168957231-00009','13/12/1989',2,1),(876,'Helen','Evans','Patel','999820145-00004','04/03/1989',1,2),
(877,'Armando','Powell','Park','368221107-00007','04/04/1970',2,2),(878,'Adria','Knight','Mason','339452286-00000','18/01/1999',2,2),
(879,'Uriah','Dudley','Nolan','154721625-00007','09/03/1991',2,1),(880,'Sara','Blackburn','Hull','891297053-00003','21/06/1998',1,2),
(881,'Teegan','Charles','Powers','000590521-00001','16/01/1997',2,1),(882,'Ina','Gilmore','Patel','414938324-00004','10/09/1976',1,2),
(883,'Stephanie','Owens','Hardin','923028807-00009','21/01/1974',1,2),(884,'Stone','Craig','Miller','759600059-00001','06/07/1995',2,1),
(885,'Clarke','Ellison','Mueller','741458210-00001','16/01/1970',2,2),(886,'Carly','Simpson','Gibbs','273354621-00008','24/07/1965',1,1),
(887,'Lisandra','Sampson','Martin','411345044-00001','28/08/1981',2,2),(888,'Hermione','Carlson','Wyatt','161215819-00004','02/03/1988',2,2),
(889,'Jasper','Hayes','Kelly','393516059-00002','02/04/1994',1,1),(890,'Selma','Ferguson','Bishop','496351073-00002','13/01/1987',1,1),
(891,'Aiko','Mayer','Rasmussen','351990601-00004','24/09/1973',2,2),(892,'Alvin','Whitfield','Richards','072840515-00000','05/12/1990',1,2),
(893,'Daquan','Roth','Quinn','672585197-00003','09/06/1985',2,1),(894,'Chase','Moore','Cain','517125282-00007','14/05/1972',2,2),
(895,'Mara','Hubbard','Tran','157842683-00003','30/03/1965',1,2),(896,'Sage','Dixon','Spence','639571215-00008','28/07/1998',2,1),
(897,'Phelan','Carroll','Vasquez','375631702-00004','29/10/1966',2,1),(898,'Samantha','Compton','Osborne','010680197-00000','28/05/1978',2,1),
(899,'Shea','Haynes','Santos','885939835-00009','02/04/1986',1,1),(900,'Tad','Christian','Alford','566914776-00000','10/04/1983',1,2),
(901,'Calvin','Rhodes','Sykes','694749805-00008','12/12/1976',5,1),(902,'Jescie','Gamble','Cobb','602878944-00001','09/07/1973',5,1),
(903,'Gemma','Santana','Conley','904493442-00001','09/10/1986',5,2),(904,'Steel','Tanner','Kinney','095868477-00001','26/08/1976',5,2),
(905,'Imogene','Adams','Briggs','993911247-00001','09/07/1986',4,2),(906,'Judah','Orr','Robles','650977432-00006','20/03/1984',4,1),
(907,'Giselle','Murray','Fisher','999841216-00008','21/11/1980',5,2),(908,'Abraham','Melton','Crane','004802716-00003','03/11/1977',4,2),
(909,'Julian','Schroeder','Chan','327268157-00002','25/01/1977',4,1),(910,'Curran','Orr','Garza','836073080-00001','22/09/1986',4,2),
(911,'Yasir','Grant','Preston','074665068-00008','04/09/1984',5,1),(912,'Ezekiel','Jensen','Whitaker','866183379-00001','14/09/1975',4,1),
(913,'William','Merrill','Phillips','242393007-00008','04/01/1978',5,1),(914,'Sarah','Knight','Mcgee','964416937-00008','10/07/1974',4,1),
(915,'Noelani','Edwards','Madden','016946204-00001','19/06/1974',5,2),(916,'Giselle','Pate','Lindsay','517972584-00000','11/03/1995',5,2),
(917,'Jonah','Ingram','Ellison','344294202-00009','06/07/1975',5,2),(918,'Suki','Delacruz','Gilliam','772346615-00002','29/03/1974',4,2),
(919,'Jenna','Benson','Edwards','265195636-00005','08/01/1981',5,2),(920,'Jakeem','Cotton','Hurley','802677872-00003','27/12/1987',5,2),
(921,'Leslie','Wallace','Dorsey','184612000-00002','28/04/1975',5,2),(922,'Lester','Arnold','Duke','083106260-00009','03/10/1992',4,2),
(923,'Maxine','Crane','Graves','234990802-00006','12/11/1965',5,2),(924,'Athena','Gallegos','Sloan','793449620-00004','20/04/1992',4,2),
(925,'Jocelyn','Wooten','Mayo','280195488-00000','24/06/1993',5,1),(926,'Jonas','Gomez','Mcneil','482253192-00009','31/05/1974',4,2),
(927,'Erica','Newton','Austin','895837946-00006','13/08/2000',4,1),(928,'Kenneth','Donovan','Bishop','144276391-00006','25/08/1998',4,1),
(929,'Serena','Steele','Contreras','226433779-00007','22/11/2000',4,2),(930,'Elliott','Simon','Adams','929181055-00005','15/06/1988',5,1),
(931,'Charissa','Conley','Garrett','412665713-00001','30/04/1978',4,1),(932,'Debra','Herring','Gross','153424163-00001','01/03/1997',4,2),
(933,'Nichole','Russo','Nunez','120575162-00009','02/07/1987',4,1),(934,'Hyacinth','Williamson','Blanchard','991294968-00003','03/01/1968',4,2),
(935,'Chadwick','Britt','Hawkins','778956706-00007','24/04/1994',4,2),(936,'Jael','Dunlap','Houston','002343630-00006','25/01/2000',5,1),
(937,'Gillian','Baker','Foreman','416001295-00003','26/04/1996',4,2),(938,'Martin','Parsons','Mcgowan','611877671-00002','17/11/1972',5,1),
(939,'Steel','Glover','Galloway','145055042-00009','18/04/1984',4,2),(940,'Idola','Ratliff','Savage','204800783-00001','21/05/2000',5,2),
(941,'Rosalyn','Howe','Morton','321100968-00007','04/05/1987',5,2),(942,'Kaye','Mayer','Flowers','244874079-00001','02/03/1972',4,1),
(943,'Austin','Donaldson','Doyle','511006546-00002','16/04/1975',4,2),(944,'Hakeem','Bell','Weber','385908702-00009','25/05/1981',4,1),
(945,'Garrison','Hahn','Bauer','740348263-00006','15/09/1981',5,1),(946,'Preston','Gardner','Estes','679810283-00003','11/12/2001',4,1),
(947,'Ciara','Avila','Burnett','579537168-00000','16/05/1973',5,2),(948,'Amal','Garrison','Burke','262850621-00000','06/04/1965',5,1),
(949,'Garrett','Burton','Adkins','705153070-00002','18/01/1994',4,1),(950,'Odysseus','Holman','Hodges','727460123-00001','12/03/1984',5,2),
(951,'Adria','Sutton','Beck','506759687-00003','30/06/1995',5,2),(952,'Lawrence','Calderon','Woodward','951463611-00008','22/01/1978',5,1),
(953,'Melyssa','Christian','Mooney','353539877-00004','17/07/1999',5,1),(954,'Simon','Barton','Obrien','741991707-00000','16/02/1988',4,1),
(955,'Blossom','Arnold','Bradley','560972424-00009','06/09/1994',5,1),(956,'Sacha','Sears','James','127833598-00007','17/11/1987',5,1),
(957,'Carlos','Nash','Hull','613329416-00002','28/07/2000',5,1),(958,'Griffin','Patrick','Greene','922328620-00005','11/12/1968',4,2),
(959,'Aquila','Vincent','Porter','971229422-00003','03/03/1982',5,2),(960,'Carter','Garner','Bryant','693326860-00006','18/09/1997',4,2),
(961,'Colin','Espinoza','Carver','489941591-00005','24/04/1988',5,1),(962,'Jaden','Mullins','Potter','563348929-00008','04/02/1984',4,2),
(963,'Eugenia','Mueller','Weeks','227243052-00007','03/12/1971',5,1),(964,'Aiko','Coleman','Guerrero','674170170-00007','17/01/1973',4,2),
(965,'Merritt','Levine','Moss','120758107-00003','03/12/1993',5,2),(966,'Robin','Dillon','Haney','910040435-00000','13/01/1969',4,2),
(967,'Robert','Cox','Small','384532701-00008','17/05/1988',4,2),(968,'Kirk','Lara','Mejia','513208868-00002','04/09/1994',5,1),
(969,'Ryan','Maddox','Nolan','662118025-00003','01/07/1967',4,2),(970,'Galvin','Chandler','Morse','603390048-00008','14/07/1997',5,2),
(971,'Briar','Brock','Small','019393248-00000','02/09/1971',4,1),(972,'Vaughan','Vincent','Mayo','040196651-00000','12/06/1977',5,1),
(973,'Jolene','Conway','Mccarty','775280605-00004','14/11/1999',5,2),(974,'Samantha','Dejesus','Marks','864782503-00006','10/04/1983',5,1),
(975,'Malik','Allison','Rich','872197355-00003','20/08/1964',5,1),(976,'Austin','Callahan','Howard','443727110-00001','03/05/1966',5,1),
(977,'Carson','Marsh','Espinoza','916821556-00005','18/11/1998',5,1),(978,'Brendan','Walter','Silva','906231337-00005','02/08/1976',4,1),
(979,'Kitra','Walls','Galloway','702497520-00008','03/08/1978',5,1),(980,'Dean','Carson','Orr','838225365-00009','17/07/1980',4,2),
(981,'Linus','Higgins','English','108533415-00007','04/11/1965',4,2),(982,'Chaim','Navarro','Goodwin','726886559-00004','24/02/1998',5,1),
(983,'Ocean','Avila','Tanner','801795147-00009','31/03/1995',5,2),(984,'Jin','Osborne','Henderson','552765489-00000','24/11/1992',5,2),
(985,'Cora','Francis','Mathews','425474749-00008','17/07/1994',5,1),(986,'Herrod','Irwin','Levy','249000696-00008','07/11/1968',4,1),
(987,'Aidan','House','Campbell','043971902-00002','13/10/1976',4,2),(988,'Melodie','Riggs','Ramirez','584165237-00002','09/07/1979',5,2),
(989,'Jin','Obrien','Burton','738426329-00004','09/01/1993',5,1),(990,'Sheila','Wheeler','Clayton','540274859-00003','20/03/1977',5,1),
(991,'Suki','Merrill','Nash','701094211-00003','06/05/1971',4,2),(992,'David','Dickerson','Odonnell','408796928-00005','18/11/1988',4,1),
(993,'Reece','Petersen','Garrison','715730958-00009','04/10/1982',5,1),(994,'Maggie','Haney','Schwartz','276338498-00005','04/05/1990',4,1),
(995,'September','Bowman','Mejia','486054422-00002','30/01/1964',5,1),(996,'Ali','Bridges','Munoz','475899316-00008','30/10/1976',5,2),
(997,'Riley','Rosario','Hudson','897926176-00008','17/05/1991',5,2),(998,'Rosalyn','Burch','Whitfield','285175436-00002','23/08/1998',4,1),
(999,'Cedric','Knapp','Dodson','554763060-00007','21/07/1989',5,2),(1000,'Leonard','Carlson','Holcomb','267927747-00001','25/05/1964',4,2);

--cliente--15
INSERT INTO cliente (id_cliente,nombre,app,fechanacimiento,id_ocupacion,id_csexo)
VALUES (1,'Ethan','Riley','1996-04-19',3,1),
 (2,'Uriel','Mack','1982-07-08',3,1),
 (3,'Wade','Maynard','1952-07-01',2,1),
 (4,'Autumn','Tran','1976-01-31',3,1),
 (5,'Reese','Guzman','1969-09-16',1,2),
 (6,'Christine','Davenport','1965-06-27',3,2),
 (7,'Lillith','Fox','1984-08-05',2,2),
 (8,'Aaron','Butler','1988-03-02',3,1),
 (9,'Cameron','Rosales','1979-12-26',2,1),
 (10,'Carlos','Dotson','1957-01-15',2,1),
 (11,'Casey','Nelson','1989-03-31',1,2),
 (12,'Fulton','Reese','1984-06-15',2,2),
 (13,'Raya','Hale','1982-05-15',2,2),
 (14,'Reed','Sellers','1985-06-17',1,2),
 (15,'Lenore','Foley','1999-01-04',3,1),
 (16,'Finn','Ramirez','1960-11-07',3,1),
 (17,'Shay','Parker','1984-02-19',2,1),
 (18,'Lance','Espinoza','1985-07-19',3,1),
 (19,'Sylvia','Shields','1976-06-29',2,2),
 (20,'Geoffrey','Dickson','1977-09-27',1,1),
 (21,'Paki','Baldwin','1996-05-29',3,1),
 (22,'Garth','Watts','1989-07-28',1,2),
 (23,'Echo','Shepherd','1975-11-23',1,1),
 (24,'Orla','Copeland','1996-07-21',2,2),
 (25,'Tatum','Stout','1996-06-10',3,2),
 (26,'Danielle','Cain','1988-09-06',3,2),
 (27,'Conan','Mcintyre','1994-08-20',3,1),
 (28,'Troy','Jenkins','1954-04-03',2,1),
 (29,'Hilda','Wood','2002-05-03',3,2),
 (30,'Kelly','Hurley','1963-02-13',2,2),
 (31,'Grady','Snider','1987-02-14',3,2),
 (32,'Damian','Atkinson','1993-09-16',1,1),
 (33,'Doris','Gilbert','1984-10-10',3,1),
 (34,'Yael','Maxwell','1953-04-28',1,1),
 (35,'Nash','Meyers','1963-05-16',2,1),
 (36,'Vaughan','Robbins','1973-09-20',3,1),
 (37,'Jameson','Lott','1976-12-10',3,2),
 (38,'Brianna','Garza','1964-08-14',3,1),
 (39,'Britanni','Pate','1950-06-01',3,1),
 (40,'Marshall','Fuller','1996-12-26',2,1),
 (41,'Dolan','Mcintosh','1982-04-02',1,2),
 (42,'Keith','Carson','1977-09-07',3,1),
 (43,'Kasimir','Tillman','1968-05-29',3,2),
 (44,'Jane','Lawrence','1953-12-28',1,1),
 (45,'Quentin','Mckay','1951-09-28',3,1),
 (46,'Hayfa','Tyson','1974-12-11',1,2),
 (47,'Hiram','Castro','1988-10-17',2,1),
 (48,'Kyra','Barlow','1962-08-11',2,1),
 (49,'Gemma','Pearson','1978-02-12',2,1),
 (50,'Tyrone','Rosales','2001-05-12',1,2),
 (51,'Candice','Bennett','1951-09-29',3,2),
 (52,'Lisandra','Johns','2001-10-26',3,2),
 (53,'Alyssa','Dale','1955-10-09',2,1),
 (54,'Urielle','Hays','1953-03-29',2,1),
 (55,'Maggy','Vang','1972-06-12',3,2),
 (56,'Alexander','Nelson','2001-11-15',3,2),
 (57,'Lydia','Hubbard','1991-01-02',1,1),
 (58,'Beau','Love','1979-03-30',1,2),
 (59,'Hakeem','Fowler','1976-07-09',1,2),
 (60,'Sophia','Gentry','1959-08-17',3,1),
 (61,'Sylvia','Lawson','1959-01-18',3,2),
 (62,'Lydia','Charles','1980-03-16',2,1),
 (63,'Stone','Ball','1992-12-17',2,1),
 (64,'Chanda','Kirby','1973-09-08',3,1),
 (65,'Lydia','Robinson','1967-02-08',2,1),
 (66,'Raja','Graham','1962-06-06',1,2),
 (67,'Carlos','Anthony','1960-09-01',2,1),
 (68,'Lavinia','Brennan','1984-01-16',1,1),
 (69,'Mechelle','Roberts','1960-05-11',1,2),
 (70,'Carol','Shepard','1951-02-22',2,2),
 (71,'Yardley','Bishop','1992-06-16',3,2),
 (72,'Flynn','Brooks','1983-04-20',1,2),
 (73,'Chava','Hartman','1984-08-18',2,1),
 (74,'Meredith','Bartlett','1997-02-18',2,2),
 (75,'Karleigh','Boone','1997-02-14',3,1),
 (76,'Evelyn','Stephenson','1964-10-03',1,2),
 (77,'Kylan','Schneider','1981-09-30',1,2),
 (78,'Quin','Vega','1975-06-13',2,1),
 (79,'Daphne','Horton','1978-07-23',3,2),
 (80,'Chase','Chaney','1954-11-21',3,2),
 (81,'Idola','Mckay','1985-06-05',3,2),
 (82,'Eric','Barron','2000-03-25',1,2),
 (83,'Zephr','Craig','1950-12-09',1,2),
 (84,'Stephanie','Sharpe','1979-01-16',3,1),
 (85,'Karyn','Mcintyre','1983-08-07',3,2),
 (86,'Peter','Hudson','1999-06-26',1,1),
 (87,'Levi','White','1952-02-29',3,2),
 (88,'Sean','Mooney','1981-06-11',2,2),
 (89,'Harper','Hurst','1954-02-16',2,1),
 (90,'Xandra','Fleming','1972-06-24',2,2),
 (91,'Adam','Buck','1996-05-17',1,2),
 (92,'Dai','Moreno','1965-04-26',3,1),
 (93,'Jack','Norton','1984-12-17',2,1),
 (94,'Jillian','Osborn','1998-02-25',2,1),
 (95,'Carlos','Beck','1951-11-08',3,2),
 (96,'Michelle','Tucker','1974-05-07',3,2),
 (97,'Ursula','Shields','1965-04-03',2,2),
 (98,'Liberty','Cameron','1979-02-21',1,1),
 (99,'Cecilia','Walls','1957-07-30',1,2),
 (100,'Yoshio','Owens','1954-08-20',3,1),
 (101,'Elmo','Francis','1974-02-24',3,1),
 (102,'Kevin','Ramos','1958-04-14',2,2),
 (103,'Genevieve','Cox','1952-12-07',2,1),
 (104,'Jacqueline','Garrison','1981-08-29',3,1),
 (105,'Ivana','Goodman','2002-10-13',1,2),
 (106,'Ursula','Torres','1974-04-17',2,1),
 (107,'Brady','Salinas','1967-03-01',3,1),
 (108,'Hayfa','Shannon','1953-11-23',3,1),
 (109,'Eric','Mercer','2002-08-07',1,2),
 (110,'Celeste','Nixon','1959-04-20',3,1),
 (111,'Warren','Flowers','1977-01-29',3,1),
 (112,'Hashim','Shaw','1987-07-12',2,2),
 (113,'Idona','Mcconnell','1958-01-25',2,1),
 (114,'Alexandra','Bradford','1980-01-25',3,1),
 (115,'Lane','Bartlett','1997-05-18',3,2),
 (116,'Cynthia','Pierce','1993-06-11',2,1),
 (117,'Martin','Hill','1996-01-22',1,1),
 (118,'Lillian','Murray','1950-06-27',2,2),
 (119,'Sydney','Hughes','1992-12-21',2,2),
 (120,'Ocean','Vance','1988-06-12',2,2),
 (121,'Shelby','Blankenship','1989-07-07',2,2),
 (122,'Maile','Mason','1988-01-19',3,2),
 (123,'Cyrus','Boyer','1971-02-02',2,1),
 (124,'Sybil','Patel','1997-12-30',2,2),
 (125,'Orla','Stanton','1987-10-18',1,2),
 (126,'Solomon','Mcleod','1969-11-12',2,2),
 (127,'Elaine','Santiago','1958-12-07',3,1),
 (128,'Noble','Mann','1969-09-04',3,1),
 (129,'Martena','Gibson','1989-11-30',3,2),
 (130,'Rachel','Burt','1971-05-26',2,2),
 (131,'Jacob','Gamble','1964-11-30',3,2),
 (132,'Jerry','Porter','1986-09-08',3,1),
 (133,'Randall','Bryan','1984-04-02',1,2),
 (134,'Kennan','Ratliff','1969-09-20',1,2),
 (135,'Tyler','Lott','1966-01-20',1,2),
 (136,'Omar','Dawson','1967-11-08',2,1),
 (137,'Sebastian','Gardner','1972-05-10',1,1),
 (138,'Thaddeus','Harrison','1992-05-16',1,1),
 (139,'Alden','Church','1985-04-14',3,2),
 (140,'Kenyon','Carpenter','1985-06-11',3,1),
 (141,'Brett','Scott','1961-11-19',1,2),
 (142,'Hakeem','Lott','1986-06-22',1,1),
 (143,'Lee','Ballard','1967-07-02',1,1),
 (144,'Brenda','Serrano','1963-01-10',3,2),
 (145,'Richard','Lowe','1960-10-28',1,1),
 (146,'Octavius','Patterson','1999-09-29',1,2),
 (147,'Whoopi','Carpenter','1996-05-05',1,2),
 (148,'Martina','Martinez','1990-07-02',2,2),
 (149,'Emmanuel','Snider','1977-12-15',2,1),
 (150,'Eaton','Fuller','1981-06-19',3,1),
 (151,'Quincy','Kent','1974-03-14',1,2),
 (152,'Hamilton','Pena','1975-04-09',1,2),
 (153,'Jacob','Prince','1985-09-12',2,2),
 (154,'Wylie','Schmidt','1993-10-11',3,1),
 (155,'Mara','Aguilar','1996-09-20',2,2),
 (156,'Hedy','Guzman','1958-08-25',2,1),
 (157,'Kitra','Garner','1997-10-15',2,2),
 (158,'Brock','Harrison','1971-08-06',2,1),
 (159,'Adrienne','Mcdowell','1962-03-23',3,1),
 (160,'Lesley','Lancaster','1977-10-14',3,2),
 (161,'Macaulay','Harris','1972-02-09',3,2),
 (162,'Dexter','Drake','1971-05-22',3,2),
 (163,'Clark','Christensen','1997-07-05',3,2),
 (164,'Arsenio','Cooley','1952-02-01',3,1),
 (165,'Herman','Mayer','1964-01-14',1,1),
 (166,'Lana','Taylor','1975-05-06',3,2),
 (167,'Myles','Maldonado','1994-12-15',2,2),
 (168,'Kiona','Wade','1978-05-18',2,1),
 (169,'Ima','Mcfarland','1981-04-19',2,1),
 (170,'Melinda','Knight','1951-07-10',1,2),
 (171,'Dahlia','Bell','1964-06-05',3,2),
 (172,'Lavinia','Velazquez','1997-11-23',1,1),
 (173,'Cedric','Fitzpatrick','1991-12-14',3,2),
 (174,'Justine','Hull','1958-08-20',1,2),
 (175,'Avye','Wong','1951-12-02',2,2),
 (176,'Mollie','Rodriguez','1989-07-24',1,2),
 (177,'Denise','Adkins','1953-04-10',3,1),
 (178,'Sybill','Jefferson','1966-02-08',2,2),
 (179,'Lee','Hooper','1951-06-23',1,1),
 (180,'Graiden','Gutierrez','1985-07-30',1,2),
 (181,'Gemma','Benton','1962-08-29',1,1),
 (182,'Chancellor','Willis','1951-08-17',1,1),
 (183,'Tobias','Simon','1968-02-01',1,1),
 (184,'Cara','Reeves','1964-09-07',1,2),
 (185,'Amal','Fitzpatrick','1975-05-11',2,1),
 (186,'Shana','Jacobs','1976-01-31',3,1),
 (187,'Drake','Bowen','1959-05-08',3,1),
 (188,'Daniel','Barnett','1972-07-12',1,1),
 (189,'Hannah','Hewitt','1973-05-16',1,1),
 (190,'Samson','Justice','1995-06-01',2,2),
 (191,'Alice','Norton','1971-08-27',2,1),
 (192,'Kelly','Alford','1952-03-20',2,2),
 (193,'Mara','Frank','1993-11-28',2,1),
 (194,'Indigo','Daniel','1977-08-22',3,2),
 (195,'Sasha','Dejesus','1974-05-03',1,2),
 (196,'Rosalyn','Cortez','1980-10-23',1,1),
 (197,'Elmo','Mcconnell','1964-12-29',3,1),
 (198,'Channing','Floyd','1959-05-13',2,2),
 (199,'Maia','Knowles','1950-11-03',1,1),
 (200,'Colette','Brennan','1961-04-25',2,2),
 (201,'Shellie','Hernandez','1988-02-03',3,2),
 (202,'Melinda','Delacruz','1988-05-18',1,2),
 (203,'Shafira','Sweet','1952-08-12',1,1),
 (204,'Pamela','Ross','1965-11-30',3,2),
 (205,'Igor','Santana','1961-05-01',2,1),
 (206,'Lev','Kinney','1965-02-15',1,1),
 (207,'Octavius','Colon','1973-11-03',3,2),
 (208,'Gage','Clay','1975-06-17',3,2),
 (209,'Amanda','Rollins','1977-04-05',2,1),
 (210,'Ariel','Sandoval','1966-10-21',2,1),
 (211,'Brody','Cummings','1983-04-25',2,1),
 (212,'Daphne','Mccoy','1996-12-12',1,1),
 (213,'Kennedy','Castaneda','2002-04-08',3,1),
 (214,'Yuli','Rodgers','1968-02-07',1,2),
 (215,'Emerald','Combs','1969-10-08',1,2),
 (216,'Tucker','Ferrell','1953-02-10',2,2),
 (217,'Otto','Buckley','1993-06-15',3,2),
 (218,'Quin','Church','1994-03-10',2,2),
 (219,'Ivana','Coffey','1977-06-19',1,1),
 (220,'Myles','Blevins','1975-12-01',2,2),
 (221,'Fiona','Thomas','1992-09-08',3,2),
 (222,'Magee','Wilkins','2000-09-19',1,1),
 (223,'Renee','Burke','1985-07-29',1,2),
 (224,'Phillip','Joseph','1952-04-18',2,1),
 (225,'Jordan','Brooks','1989-06-29',1,1),
 (226,'Lewis','Rollins','1984-06-20',2,2),
 (227,'Kristen','Pate','1987-06-24',1,2),
 (228,'Suki','Schwartz','1952-04-08',1,2),
 (229,'Upton','Clay','2000-12-13',2,1),
 (230,'Lani','Floyd','1978-05-25',3,2),
 (231,'Sydnee','Hamilton','1970-01-31',3,1),
 (232,'Zenia','Noel','1957-10-19',3,2),
 (233,'Ariana','Mcfarland','2002-04-15',1,1),
 (234,'Arsenio','Hampton','1975-08-14',2,2),
 (235,'Nerea','Herring','1987-06-21',2,1),
 (236,'Ocean','Barrera','1972-03-05',3,1),
 (237,'Hadley','Cruz','1966-11-20',2,2),
 (238,'Lila','Coffey','1991-01-26',3,2),
 (239,'Quyn','Patrick','1986-01-04',1,1),
 (240,'Karina','Sparks','1979-03-14',3,2),
 (241,'Angelica','Everett','1958-03-23',3,2),
 (242,'Aurelia','Love','1990-03-30',3,1),
 (243,'Summer','Odonnell','1972-07-22',2,1),
 (244,'Slade','Graham','1966-08-26',3,1),
 (245,'Amir','Parrish','1967-05-27',1,2),
 (246,'Jack','Fleming','1971-03-21',1,2),
 (247,'Simone','Avila','1996-12-28',1,2),
 (248,'TaShya','Riley','2001-02-20',2,2),
 (249,'Aristotle','Ashley','1966-12-10',3,1),
 (250,'Abra','Jacobs','1958-05-19',1,1),
 (251,'Stewart','Frank','1980-02-26',3,1),
 (252,'Noelle','Dillon','1988-05-05',1,1),
 (253,'Hasad','Gill','1965-12-18',2,2),
 (254,'Mason','Black','1980-05-30',2,1),
 (255,'Nash','Brennan','1967-10-03',2,2),
 (256,'Erich','Franco','1975-08-31',1,2),
 (257,'Sybil','Murray','1999-12-27',1,2),
 (258,'Yolanda','Ferguson','1991-07-13',3,2),
 (259,'Edward','Carney','1971-10-19',2,2),
 (260,'Brady','Richard','1975-11-30',1,1),
 (261,'Melodie','Dominguez','1993-10-15',1,1),
 (262,'Gregory','Witt','1992-06-12',1,2),
 (263,'Cedric','Salinas','1995-12-03',1,1),
 (264,'Raven','Horn','1954-07-17',2,1),
 (265,'Kendall','Nielsen','1990-09-06',1,1),
 (266,'George','Mckee','1965-09-29',1,1),
 (267,'Sloane','Medina','1989-11-13',2,2),
 (268,'Sydnee','Hardin','1958-08-16',3,2),
 (269,'Caryn','James','1965-09-13',3,1),
 (270,'Silas','Boyd','1958-07-22',2,2),
 (271,'Madison','Powell','1964-12-17',3,1),
 (272,'Noble','Monroe','1969-05-24',3,1),
 (273,'Hashim','Meyer','1980-11-17',1,2),
 (274,'Steven','Stone','1996-05-05',1,2),
 (275,'Timothy','Beasley','1959-07-03',3,1),
 (276,'Griffith','Barker','1969-04-05',2,2),
 (277,'Eleanor','Figueroa','1971-10-11',2,2),
 (278,'TaShya','Goff','1964-04-27',2,2),
 (279,'Stephen','Shaw','1965-02-02',2,2),
 (280,'Alisa','Pierce','1970-03-17',1,1),
 (281,'Xavier','Alford','1979-05-21',2,1),
 (282,'Rebecca','Tucker','1977-10-13',1,1),
 (283,'Wylie','Quinn','1992-01-16',2,1),
 (284,'Graham','Hanson','1979-09-04',1,2),
 (285,'Cody','Nieves','1989-01-19',2,1),
 (286,'Abbot','Bird','1990-03-27',2,1),
 (287,'Regina','Crawford','1996-09-17',2,2),
 (288,'Chandler','Cummings','1989-01-20',1,1),
 (289,'Ora','Buckley','1976-11-12',1,1),
 (290,'Kelsie','Love','1965-03-28',1,2),
 (291,'Phillip','Mays','1984-10-23',2,1),
 (292,'Oliver','Fields','1986-04-02',1,2),
 (293,'Ivor','Adkins','1966-10-18',3,1),
 (294,'Magee','Fitzpatrick','1967-01-31',2,1),
 (295,'Ethan','Barr','1995-10-28',1,2),
 (296,'May','Stein','1977-03-16',3,1),
 (297,'Samuel','Rosario','1992-10-21',3,2),
 (298,'Ivan','Rice','1992-02-24',3,1),
 (299,'Vance','Warren','1951-03-19',3,2),
 (300,'Linda','Mosley','1986-09-01',2,2),
 (301,'Holmes','Larsen','1998-08-19',1,2),
 (302,'Barclay','Mason','1976-04-27',3,2),
 (303,'Hannah','Hood','1964-03-18',1,1),
 (304,'Gay','Herrera','1999-06-20',1,1),
 (305,'Orlando','Osborne','1994-04-06',3,2),
 (306,'Nathaniel','Kent','1970-10-12',2,1),
 (307,'Upton','Newman','1966-05-02',2,2),
 (308,'Ruby','Mcmahon','1984-12-11',2,1),
 (309,'Graiden','Bates','1997-06-15',3,1),
 (310,'Lamar','Kirk','1966-02-18',1,2),
 (311,'Anastasia','Luna','1998-06-07',2,1),
 (312,'Alexander','Kirkland','1973-12-01',2,1),
 (313,'Althea','Potter','1969-04-30',2,1),
 (314,'Asher','Kramer','1997-04-26',3,1),
 (315,'Aidan','Meadows','1955-05-12',1,1),
 (316,'Naomi','Wilder','1968-05-30',1,1),
 (317,'Eaton','Bruce','1990-11-01',3,1),
 (318,'Chantale','Chase','1952-12-08',1,1),
 (319,'Wynter','Bright','1987-01-16',3,2),
 (320,'Eric','Vance','1991-04-14',1,2),
 (321,'Irene','Foley','1961-03-23',3,1),
 (322,'Amery','Palmer','1977-07-28',1,2),
 (323,'Yen','Mcclain','1957-04-09',1,2),
 (324,'Lucian','Duran','1966-02-18',1,2),
 (325,'Brynne','Nieves','1994-11-17',3,1),
 (326,'Brian','Yang','1984-01-24',1,1),
 (327,'Damian','Hughes','1973-08-07',3,1),
 (328,'Jada','Mcintyre','2000-08-20',1,1),
 (329,'Dale','Todd','1997-01-31',1,2),
 (330,'Selma','Walter','1979-12-04',2,2),
 (331,'Carolyn','Fernandez','2001-06-07',3,1),
 (332,'Fallon','Best','1986-06-15',2,2),
 (333,'Kimberley','Dale','1998-12-17',2,2),
 (334,'Rudyard','Howell','1959-05-26',2,1),
 (335,'Sharon','Medina','1982-07-26',1,2),
 (336,'Brooke','Henry','1974-09-02',2,1),
 (337,'Nina','Brewer','1987-08-18',1,1),
 (338,'Lucius','Holden','1997-05-26',3,1),
 (339,'Denise','Cervantes','1975-12-06',3,1),
 (340,'Fredericka','Schneider','1959-12-16',3,1),
 (341,'Kevin','Summers','1976-11-28',1,1),
 (342,'Garrett','Odom','1981-06-14',1,2),
 (343,'Gary','Glass','2002-03-28',1,2),
 (344,'Donna','Yang','1973-08-06',3,1),
 (345,'Moses','Bowers','2001-11-28',3,2),
 (346,'Marshall','Ruiz','1985-11-16',1,2),
 (347,'Dillon','Jimenez','1978-06-05',3,2),
 (348,'Shelly','Noble','1982-11-16',2,2),
 (349,'Kylynn','Warner','1977-01-01',1,1),
 (350,'Tate','Vang','1994-02-24',3,1),
 (351,'Skyler','Zamora','1998-08-15',2,2),
 (352,'Hadassah','Cervantes','1994-03-25',1,1),
 (353,'Josiah','Waters','1968-01-13',1,1),
 (354,'Chadwick','Roth','1966-04-15',1,2),
 (355,'Dacey','Fitzpatrick','1993-10-31',2,1),
 (356,'Steven','Flores','1980-07-11',1,2),
 (357,'Wilma','Clements','1972-12-04',3,2),
 (358,'Katelyn','Blake','1962-02-14',2,1),
 (359,'Montana','Nieves','1951-03-09',3,1),
 (360,'Pascale','Moreno','1988-04-26',1,2),
 (361,'Juliet','Rivers','1951-07-18',3,1),
 (362,'Herman','Mack','1956-06-25',1,1),
 (363,'Ainsley','Adkins','1996-01-02',3,1),
 (364,'Jemima','Michael','1961-06-26',2,1),
 (365,'Autumn','Bentley','1967-09-03',1,1),
 (366,'Arsenio','Stokes','1967-04-28',1,2),
 (367,'Leigh','Barnes','1957-04-08',2,2),
 (368,'Alvin','Pennington','1984-03-30',1,1),
 (369,'Vivian','Brock','1973-10-22',2,2),
 (370,'Macey','Frye','1972-01-22',1,2),
 (371,'Emery','Gilliam','1960-09-19',1,2),
 (372,'Shana','Dawson','1998-07-11',3,2),
 (373,'Nolan','Shaw','1954-12-29',1,2),
 (374,'Raymond','Berry','1971-01-15',2,1),
 (375,'Hope','Mcdowell','1997-01-09',1,1),
 (376,'Thane','Riddle','1986-01-06',3,2),
 (377,'Logan','Gamble','1985-05-26',1,1),
 (378,'Thane','Bean','1978-12-05',1,2),
 (379,'Hop','Singleton','1983-10-26',3,2),
 (380,'Candice','Hensley','1950-11-24',2,1),
 (381,'Scarlet','Reed','2001-06-21',2,2),
 (382,'Paki','Underwood','1980-06-17',3,2),
 (383,'Kitra','Mcintyre','1979-07-29',2,1),
 (384,'Lev','Mcclain','1994-06-15',3,1),
 (385,'Upton','Dawson','1984-01-04',1,2),
 (386,'Lucas','Thomas','1964-09-21',2,1),
 (387,'Grant','Riddle','1986-01-02',2,2),
 (388,'Armando','Cortez','1957-05-15',3,1),
 (389,'Declan','Keller','1991-03-19',3,1),
 (390,'Zahir','Potts','1972-06-11',1,2),
 (391,'Cleo','Gould','1961-11-20',1,2),
 (392,'Nevada','Harding','1958-11-23',3,1),
 (393,'Yoko','Joseph','1972-08-13',3,2),
 (394,'Jerry','Galloway','1987-05-16',2,2),
 (395,'Guy','Snow','1976-12-17',3,2),
 (396,'Yardley','Woodward','1965-10-13',2,2),
 (397,'Ahmed','Frederick','1980-07-01',1,2),
 (398,'Mechelle','Turner','1969-10-11',1,2),
 (399,'Emmanuel','James','1970-02-27',2,2),
 (400,'Graham','Taylor','1995-09-15',3,2),
 (401,'September','Mckenzie','1968-02-16',1,2),
 (402,'Lane','Frye','1966-01-21',2,2),
 (403,'Camilla','Fernandez','1999-08-04',2,1),
 (404,'Kendall','Santos','1966-11-12',1,2),
 (405,'Abigail','Rowland','1987-02-21',3,2),
 (406,'Ruby','Lester','1976-03-04',3,2),
 (407,'Anne','Johnson','1969-03-20',1,1),
 (408,'Uriah','Randall','1973-04-05',3,1),
 (409,'Kaden','Rollins','1983-08-11',1,2),
 (410,'Nita','Mack','1977-11-05',2,1),
 (411,'Natalie','Walters','1978-12-02',3,2),
 (412,'Jerome','Alvarez','1953-07-24',3,2),
 (413,'Shea','Rodgers','1985-09-21',2,1),
 (414,'Aidan','Mckee','2002-01-22',2,2),
 (415,'Slade','Christensen','1982-09-11',1,2),
 (416,'Jolie','Carter','1978-08-17',2,2),
 (417,'Branden','Doyle','1970-03-14',1,2),
 (418,'Laura','Pena','1980-01-27',2,1),
 (419,'Emily','Marquez','2000-07-05',2,1),
 (420,'Mariko','Raymond','1978-02-17',3,2),
 (421,'Cade','Maldonado','1959-09-09',2,2),
 (422,'Iola','Rasmussen','1952-10-08',2,2),
 (423,'Tyrone','Manning','1991-07-08',3,2),
 (424,'Jameson','Stanton','1987-05-13',2,2),
 (425,'Shannon','Herrera','1980-03-04',1,1),
 (426,'Ora','Myers','1965-05-09',2,1),
 (427,'Maggie','Stevens','1964-01-28',2,1),
 (428,'Arsenio','Clayton','1969-11-28',1,2),
 (429,'Melanie','Mccormick','1979-09-11',2,1),
 (430,'Zoe','Hyde','1984-12-17',2,1),
 (431,'Ebony','Ashley','1959-09-30',2,1),
 (432,'Ruth','Faulkner','1953-03-19',2,2),
 (433,'Ali','Vargas','1997-02-07',1,2),
 (434,'Willow','Mclean','1954-05-04',1,2),
 (435,'Lara','Goodwin','1982-10-06',3,1),
 (436,'Zane','Jenkins','1996-02-28',1,1),
 (437,'Neil','Herman','1963-07-14',1,1),
 (438,'Oliver','Abbott','1963-12-22',1,2),
 (439,'Dean','Randall','1966-10-12',2,2),
 (440,'Micah','Cherry','1957-02-07',3,2),
 (441,'Delilah','Price','2002-09-23',1,1),
 (442,'Keith','York','1979-10-22',1,1),
 (443,'Bruce','Moses','1972-04-03',2,2),
 (444,'Hakeem','Campos','1958-01-26',3,1),
 (445,'Lewis','Hubbard','1961-03-11',3,1),
 (446,'Summer','Sosa','1953-07-26',1,1),
 (447,'Wesley','Frederick','1962-11-07',3,2),
 (448,'Katelyn','Barron','1980-12-18',2,1),
 (449,'Joel','Patrick','1998-01-06',2,1),
 (450,'Arden','Dawson','1987-04-07',2,1),
 (451,'Abdul','Hardy','1957-02-24',3,2),
 (452,'Keefe','Wise','1996-01-27',2,1),
 (453,'Jolie','Lucas','1968-04-13',3,2),
 (454,'Carolyn','Hampton','1957-01-14',3,1),
 (455,'Micah','Bryan','1958-03-14',3,2),
 (456,'Jessica','Wooten','1985-05-05',2,1),
 (457,'Norman','Melton','1970-07-30',1,1),
 (458,'Natalie','Rodriquez','1988-04-14',3,1),
 (459,'Kyla','Barker','1966-01-08',3,1),
 (460,'Scarlett','Clayton','1975-12-08',3,1),
 (461,'Remedios','Meadows','1959-08-08',2,1),
 (462,'Heidi','Blake','1979-08-28',2,1),
 (463,'Richard','Hoffman','1980-02-24',2,2),
 (464,'Kennan','Gordon','1992-07-25',2,1),
 (465,'David','Benson','1950-11-16',3,2),
 (466,'Nolan','Valenzuela','1993-05-24',3,2),
 (467,'Keane','Beard','1974-03-03',2,1),
 (468,'Tanner','Mendoza','1967-02-19',2,1),
 (469,'Mechelle','Gonzales','1964-03-11',2,1),
 (470,'Orson','Joseph','1993-10-21',1,2),
 (471,'September','Compton','1970-10-11',2,1),
 (472,'Eugenia','Cannon','1982-08-18',1,1),
 (473,'Keely','Ross','1950-09-06',2,1),
 (474,'Lillian','Gould','1988-07-14',2,2),
 (475,'Austin','Downs','1972-02-21',1,1),
 (476,'Justina','Petersen','1969-07-23',3,1),
 (477,'Jarrod','Parsons','1975-08-02',1,1),
 (478,'Priscilla','Joyce','1961-03-23',3,2),
 (479,'Deacon','Williamson','1996-01-30',1,2),
 (480,'Amaya','Ellison','1996-08-27',3,1),
 (481,'Whoopi','Nichols','1994-12-31',2,1),
 (482,'Christen','Mejia','1991-09-08',3,2),
 (483,'Warren','Edwards','1957-11-13',3,2),
 (484,'Jack','Gregory','1951-06-03',3,2),
 (485,'Ayanna','Jacobson','1971-04-21',2,2),
 (486,'Philip','Hammond','1972-05-09',2,1),
 (487,'Melanie','Hogan','1986-08-23',3,2),
 (488,'Upton','Bates','1976-06-10',3,2),
 (489,'Cherokee','Glenn','1951-09-26',2,1),
 (490,'Wing','Carey','1976-07-24',1,1),
 (491,'Quynn','Hart','1980-06-30',3,2),
 (492,'Indigo','Rosales','1957-10-07',2,1),
 (493,'Dalton','Winters','1963-02-03',1,1),
 (494,'Faith','Gross','1952-11-28',1,1),
 (495,'Idona','Buckner','2002-10-23',2,1),
 (496,'Wylie','Wilcox','1991-11-09',3,1),
 (497,'Zelenia','Zimmerman','2002-01-02',2,2),
 (498,'Elijah','Fletcher','1986-02-12',3,1),
 (499,'Xandra','Walters','1950-06-19',1,1),
 (500,'Kirsten','Whitehead','1961-07-16',3,2),
 (501,'Laurel','Sweet','1969-12-27',2,1),
 (502,'Forrest','Dickson','1980-01-08',3,2),
 (503,'Ivor','Burton','1962-03-25',1,2),
 (504,'Linda','Walter','1982-09-01',3,2),
 (505,'Theodore','Vasquez','1971-11-23',1,2),
 (506,'Kaden','Maddox','1977-02-19',3,2),
 (507,'Shelby','Small','1968-03-17',1,1),
 (508,'Kaden','Marsh','1984-05-23',2,2),
 (509,'Daphne','Norris','1964-12-31',2,2),
 (510,'Kelly','Beard','1968-10-10',1,2),
 (511,'Dolan','Hudson','1984-03-18',2,1),
 (512,'Harding','Clarke','1965-05-28',2,2),
 (513,'Galvin','Sykes','1977-09-15',1,2),
 (514,'Eric','Brown','1986-10-12',1,1),
 (515,'Luke','Bishop','1988-10-08',3,1),
 (516,'Whitney','Diaz','1991-10-25',1,1),
 (517,'Wayne','Dillon','1991-03-07',1,1),
 (518,'Jin','York','1994-04-03',2,1),
 (519,'Graham','Diaz','1954-02-01',3,2),
 (520,'Carson','Hardy','1950-09-25',3,1),
 (521,'Alyssa','Myers','2001-02-16',1,1),
 (522,'Emerald','Bowman','1984-08-10',2,1),
 (523,'Beatrice','Lynn','1991-03-05',1,1),
 (524,'Sage','Townsend','1991-08-10',2,2),
 (525,'Haviva','Dyer','1965-03-11',2,2),
 (526,'Shad','Mcdowell','1975-11-22',3,1),
 (527,'Dustin','Donaldson','1978-10-20',1,1),
 (528,'Rae','Fuentes','1989-10-03',1,1),
 (529,'Wylie','Dyer','1993-11-12',2,1),
 (530,'Elton','Hurley','1999-08-18',1,2),
 (531,'Priscilla','Kennedy','1996-12-09',1,2),
 (532,'Elmo','Beard','1957-02-25',2,1),
 (533,'Macy','Ewing','1973-04-28',3,2),
 (534,'Patrick','Hansen','1963-11-20',3,1),
 (535,'Kareem','Berg','1964-10-10',2,2),
 (536,'Anjolie','Holmes','2002-02-06',2,1),
 (537,'Fritz','Ashley','1988-02-15',2,2),
 (538,'Phelan','Roberson','2000-09-26',2,2),
 (539,'Maggie','Ashley','1966-08-24',2,1),
 (540,'Iliana','Christian','1980-02-11',2,2),
 (541,'Rose','Richard','1952-08-31',2,2),
 (542,'Yoshio','Burton','1963-09-01',2,1),
 (543,'Oliver','Gaines','1971-01-24',1,2),
 (544,'Walker','Mann','1997-05-11',1,2),
 (545,'Dieter','Graves','1996-08-08',1,2),
 (546,'Vaughan','Greer','1996-07-02',3,2),
 (547,'Cadman','Lopez','1992-04-12',2,1),
 (548,'Cullen','Yates','1963-08-11',3,1),
 (549,'Jasper','Atkinson','1979-07-09',3,2),
 (550,'Ivy','Chapman','2002-09-01',3,1),
 (551,'Avram','Simon','1957-06-13',2,1),
 (552,'Zephania','Hanson','1990-11-13',3,2),
 (553,'Janna','Lee','1982-01-07',3,1),
 (554,'Jackson','Sampson','1957-01-25',2,1),
 (555,'Colby','Mccarthy','1999-07-22',2,2),
 (556,'Sandra','Weaver','1985-12-02',3,1),
 (557,'Macaulay','Ellis','1967-08-19',3,1),
 (558,'Myra','Hurst','1978-08-09',2,2),
 (559,'Matthew','Ballard','1961-11-07',3,1),
 (560,'Linus','Marsh','1987-10-01',1,1),
 (561,'MacKenzie','Johns','1981-04-25',2,2),
 (562,'Castor','Mejia','1993-07-13',2,2),
 (563,'Jonah','Slater','1964-05-25',2,1),
 (564,'Berk','Mckee','1966-04-14',3,1),
 (565,'Ralph','Black','1961-09-01',3,1),
 (566,'Hamilton','Christian','1991-12-23',3,2),
 (567,'Holmes','Bright','1980-09-16',3,2),
 (568,'Tate','Glass','1956-09-19',1,1),
 (569,'Quemby','May','1973-05-26',3,2),
 (570,'Michelle','Riley','1995-06-12',2,1),
 (571,'Brynn','Bean','2002-03-13',2,1),
 (572,'Dawn','Herman','1974-11-19',1,1),
 (573,'Whoopi','Rowe','1990-11-19',1,1),
 (574,'Tucker','Salazar','1967-11-04',1,2),
 (575,'Yolanda','Noble','1963-11-11',3,2),
 (576,'Leroy','Cruz','1953-07-24',2,2),
 (577,'Keiko','Nash','1971-02-24',2,1),
 (578,'John','Stuart','1970-02-22',3,1),
 (579,'Dai','Hancock','1973-07-02',3,2),
 (580,'Tate','Fletcher','1984-05-05',1,2),
 (581,'Nyssa','Beasley','2002-03-23',2,1),
 (582,'Shad','Oliver','1994-04-03',3,1),
 (583,'Alfonso','Joyce','1986-12-13',3,2),
 (584,'Sybill','Poole','1951-07-08',2,2),
 (585,'Keegan','Gates','1963-09-24',2,1),
 (586,'Ross','Emerson','1963-06-17',1,1),
 (587,'Hermione','Alvarado','1998-05-18',1,1),
 (588,'Prescott','Hurst','1994-08-01',2,1),
 (589,'Margaret','Butler','1955-09-01',3,2),
 (590,'Rhonda','Colon','1989-09-26',2,1),
 (591,'Ryan','Mckenzie','1963-10-26',3,1),
 (592,'Candice','Burton','1980-09-30',1,2),
 (593,'Hiram','Mcclure','1967-06-26',1,2),
 (594,'Anika','Franco','1992-03-03',2,1),
 (595,'Davis','Lewis','1992-10-25',3,2),
 (596,'Xandra','Ross','1993-07-21',2,1),
 (597,'Yasir','Brock','1957-12-15',1,2),
 (598,'Heather','Randall','1985-03-18',3,1),
 (599,'Calista','Porter','1981-04-04',2,2),
 (600,'Doris','Nelson','1952-08-06',1,1),
 (601,'Zachery','Goodman','1965-05-30',3,1),
 (602,'Branden','Mccullough','1974-05-18',1,1),
 (603,'Louis','Bird','1978-01-09',2,1),
 (604,'Farrah','Woodward','1964-08-10',2,2),
 (605,'Xaviera','Harding','1989-10-28',1,2),
 (606,'Nelle','Alexander','1982-11-18',1,1),
 (607,'Zane','Cole','1975-11-21',2,2),
 (608,'Francis','Steele','2002-10-08',2,1),
 (609,'Axel','Johnston','1970-02-05',2,1),
 (610,'Graham','Gross','1999-03-28',2,1),
 (611,'Jack','Hart','1980-05-24',3,1),
 (612,'Jorden','Reid','1958-02-15',1,2),
 (613,'Timothy','Ruiz','1986-12-17',2,2),
 (614,'Cyrus','Burke','1996-05-23',2,1),
 (615,'Kenyon','Jenkins','1988-05-20',1,1),
 (616,'Maggie','Combs','1968-11-08',3,2),
 (617,'Holmes','Stevenson','1964-07-19',1,1),
 (618,'Tamara','Bentley','1950-09-16',3,2),
 (619,'Germane','Wiley','1979-07-16',1,2),
 (620,'Oliver','Coffey','1996-01-22',3,1),
 (621,'Imani','Calderon','1954-03-07',3,2),
 (622,'Doris','Albert','1995-06-07',1,2),
 (623,'Stephen','Hardy','1977-11-19',3,1),
 (624,'Alec','Mercado','1969-10-21',2,1),
 (625,'Silas','Hinton','1971-10-11',3,2),
 (626,'Jordan','Franklin','1955-06-08',1,1),
 (627,'Zoe','Fernandez','1957-12-24',3,2),
 (628,'Ross','Dalton','1984-09-26',2,1),
 (629,'Xenos','Blackburn','1988-02-26',1,2),
 (630,'Whoopi','Maldonado','1964-12-21',1,2),
 (631,'Donovan','Harris','1970-01-19',3,1),
 (632,'Scott','Vazquez','1990-01-22',2,2),
 (633,'Ulric','Hooper','1995-12-26',1,1),
 (634,'Macey','Le','1950-05-01',2,1),
 (635,'Alana','Kemp','1982-04-05',3,1),
 (636,'Desiree','White','1989-04-03',1,1),
 (637,'Gil','Shields','1985-07-14',2,1),
 (638,'Zelda','Nelson','1971-07-19',1,2),
 (639,'Elton','Pennington','1995-05-15',2,2),
 (640,'John','Savage','1991-10-19',2,2),
 (641,'Nathan','Richard','1953-05-26',2,2),
 (642,'Madeson','Mckee','1952-04-19',3,2),
 (643,'Addison','Nixon','2001-06-20',2,2),
 (644,'Jameson','Robbins','1979-10-25',1,2),
 (645,'Quintessa','Strickland','1986-10-09',1,2),
 (646,'Jacqueline','Shields','1958-11-27',3,1),
 (647,'Cedric','Larson','1995-04-23',3,1),
 (648,'Cole','Hutchinson','1999-12-25',2,2),
 (649,'Meredith','Langley','1961-09-09',1,1),
 (650,'Thomas','Alvarado','1970-12-11',2,1),
 (651,'Xanthus','Payne','1968-08-16',1,1),
 (652,'Maxwell','Collins','1951-06-21',3,2),
 (653,'Rashad','Bush','1991-07-08',2,1),
 (654,'Nigel','Avila','1970-12-16',2,2),
 (655,'Octavia','Wallace','1998-09-16',2,2),
 (656,'Joel','Vega','1953-11-25',3,2),
 (657,'Halla','Odom','1999-11-05',2,1),
 (658,'Darrel','Britt','1976-05-17',3,1),
 (659,'Ashton','Klein','1993-12-14',1,2),
 (660,'Vladimir','Hendricks','1987-10-31',3,2),
 (661,'Selma','Cain','1986-03-10',3,1),
 (662,'Florence','Hansen','1965-03-07',3,1),
 (663,'Willa','Bentley','1972-04-21',1,2),
 (664,'Todd','Vega','1979-02-06',3,1),
 (665,'Jarrod','Oliver','1965-07-04',1,2),
 (666,'Laura','Boyd','1998-08-14',2,2),
 (667,'Kareem','Zamora','1996-10-02',3,2),
 (668,'Sierra','Snow','1975-02-08',2,2),
 (669,'Mariko','Chase','2000-04-09',1,2),
 (670,'Leslie','Horn','1967-01-13',2,2),
 (671,'Deborah','Garner','1972-12-28',3,2),
 (672,'Rhonda','Glenn','1962-01-18',1,1),
 (673,'Brandon','Greer','1990-10-13',3,2),
 (674,'Bianca','Herring','1969-11-21',2,2),
 (675,'Abdul','Erickson','1972-02-23',1,2),
 (676,'Rahim','Roach','1986-12-21',1,2),
 (677,'Juliet','Morales','1998-11-04',3,2),
 (678,'Macy','Vaughn','1974-04-16',2,1),
 (679,'Quintessa','Bullock','1958-09-26',1,2),
 (680,'Karen','Spencer','1981-07-10',1,2),
 (681,'Regina','Shelton','1958-06-15',3,2),
 (682,'Aristotle','Battle','1980-09-10',1,2),
 (683,'Meghan','Austin','1957-05-15',2,2),
 (684,'Melodie','Mooney','1968-03-24',3,2),
 (685,'Kai','Salas','1999-01-17',1,2),
 (686,'Amena','Hayes','1972-12-22',2,1),
 (687,'Adrian','Terrell','1957-04-24',2,2),
 (688,'Breanna','Valencia','1950-06-23',3,1),
 (689,'Alexis','Raymond','1979-12-13',1,2),
 (690,'Dennis','Harrell','1990-08-27',1,1),
 (691,'Byron','Holcomb','1960-02-25',3,2),
 (692,'Kyla','Ashley','1955-07-12',2,1),
 (693,'Upton','Herman','1951-07-04',1,2),
 (694,'Alma','Baker','1953-05-06',2,1),
 (695,'Ursa','Schroeder','1976-02-08',2,2),
 (696,'Kenyon','Mitchell','1994-02-14',1,2),
 (697,'Gregory','Navarro','1953-02-16',2,1),
 (698,'Xander','Hart','1981-03-26',2,1),
 (699,'Kameko','Macias','1998-02-07',1,2),
 (700,'Linda','Malone','1986-09-11',3,2),
 (701,'Burton','Oneil','1979-10-20',1,2),
 (702,'Ezekiel','Tate','1975-07-26',1,2),
 (703,'Ronan','Sheppard','1977-04-27',2,2),
 (704,'Olga','Frye','1971-03-24',3,1),
 (705,'Emily','Conley','1961-07-20',2,2),
 (706,'Kim','Zamora','1959-10-02',3,1),
 (707,'Macey','Skinner','1984-09-05',1,1),
 (708,'Megan','Hensley','1981-11-15',3,1),
 (709,'Hector','Decker','1994-09-13',2,2),
 (710,'Megan','Duncan','1983-08-18',3,1),
 (711,'Deborah','Beck','1983-03-26',1,1),
 (712,'Wendy','Rodgers','1997-12-18',1,1),
 (713,'Adam','Bartlett','1951-12-10',1,1),
 (714,'Oleg','Jones','1951-06-26',1,2),
 (715,'Dana','Garrett','1966-12-10',1,1),
 (716,'Stone','Whitfield','1998-01-11',2,2),
 (717,'Kieran','Melton','1970-06-29',2,1),
 (718,'Octavia','Sargent','1989-09-09',2,2),
 (719,'Xaviera','Day','1956-10-12',2,2),
 (720,'Imani','Roberson','1952-12-11',2,1),
 (721,'Noel','Vaughn','1996-01-27',3,1),
 (722,'Ronan','Heath','2001-06-20',2,2),
 (723,'Colin','Sexton','1983-11-25',1,1),
 (724,'Hunter','Holland','1972-09-12',1,2),
 (725,'Ulric','Hartman','1963-09-22',2,2),
 (726,'Calvin','Stevens','1994-01-01',3,1),
 (727,'Alfonso','Adkins','1960-09-28',2,1),
 (728,'Montana','Mccarthy','1994-02-10',3,2),
 (729,'Sylvia','Oliver','1952-06-21',3,1),
 (730,'Pearl','Morrison','1958-06-22',3,1),
 (731,'Abdul','Stone','1957-11-06',2,2),
 (732,'Stacey','Rivera','1964-06-10',2,2),
 (733,'Willow','Gamble','1976-01-09',1,1),
 (734,'Barclay','Hill','1995-11-03',3,1),
 (735,'Tanner','Mejia','1951-03-20',3,1),
 (736,'Keith','Mercer','1951-09-25',1,2),
 (737,'Clayton','Bender','2001-07-13',1,2),
 (738,'Carly','Matthews','1952-08-31',3,1),
 (739,'Steven','Gamble','1992-08-08',3,2),
 (740,'Evelyn','Meyer','1974-11-10',2,1),
 (741,'Lara','Mcknight','1992-03-03',2,2),
 (742,'Elmo','Tanner','1954-07-26',1,2),
 (743,'Talon','Gordon','1956-10-16',3,2),
 (744,'Russell','Maynard','1988-06-25',3,2),
 (745,'Laura','Frederick','1995-05-23',2,2),
 (746,'Olympia','Schwartz','1969-02-12',2,1),
 (747,'Phillip','Mcfadden','1978-04-29',2,2),
 (748,'Debra','Bruce','1964-10-28',3,1),
 (749,'Nora','Hughes','1989-11-01',2,1),
 (750,'Samuel','Robertson','1967-06-04',2,2),
 (751,'Selma','Valencia','1951-12-31',1,1),
 (752,'September','Skinner','1982-07-08',1,2),
 (753,'Cassandra','Weiss','1984-05-12',1,1),
 (754,'Shea','Clay','1980-11-16',2,1),
 (755,'Margaret','Rojas','1973-07-03',3,2),
 (756,'Janna','Stone','1986-03-03',3,1),
 (757,'Barry','Daniels','1951-01-24',2,2),
 (758,'Lareina','Arnold','1979-01-13',3,2),
 (759,'Yuli','Patton','1950-08-21',3,2),
 (760,'Sasha','Burke','1952-08-13',1,2),
 (761,'Rajah','Joyce','1954-07-21',1,2),
 (762,'Hamish','Davis','1983-07-27',2,2),
 (763,'Rhea','Carver','1983-05-01',2,1),
 (764,'Carson','Herring','1969-04-14',3,2),
 (765,'Macon','Castillo','1987-04-06',2,2),
 (766,'Yolanda','Owens','1980-03-23',2,2),
 (767,'Zeus','Sanders','1962-08-25',3,2),
 (768,'Dai','Wiley','1958-06-03',2,1),
 (769,'Isaiah','Mcdaniel','1950-09-07',1,1),
 (770,'Caesar','Joyce','1957-02-01',2,1),
 (771,'Regan','Roth','1995-05-03',2,1),
 (772,'Daniel','Montgomery','1969-10-12',1,1),
 (773,'Mary','Hoover','1988-05-30',1,1),
 (774,'Dora','Sanchez','1988-03-07',3,1),
 (775,'Illiana','Gillespie','1999-12-16',3,1),
 (776,'Amity','Frazier','1988-09-05',2,2),
 (777,'Patrick','Good','1998-09-06',3,1),
 (778,'Ursula','Park','1986-05-11',3,1),
 (779,'Seth','Dyer','1988-11-30',1,1),
 (780,'Yuli','Wall','1983-12-21',2,1),
 (781,'Quin','Lloyd','1963-04-05',2,2),
 (782,'Tiger','Berger','1968-08-30',3,2),
 (783,'Brianna','Gamble','1953-11-17',2,1),
 (784,'Casey','Conway','1993-07-09',1,1),
 (785,'May','Marquez','1959-08-12',2,1),
 (786,'Sara','Delgado','2002-01-31',1,2),
 (787,'Beck','Mcgee','1978-05-19',2,2),
 (788,'Haley','Anthony','1975-07-23',2,2),
 (789,'Edward','Hunt','1982-01-23',3,1),
 (790,'Catherine','Rios','1965-07-13',3,1),
 (791,'Sara','Ray','1970-07-13',2,2),
 (792,'Hu','Carrillo','1973-12-04',3,1),
 (793,'Phoebe','Garner','1975-01-31',2,1),
 (794,'Chase','Gay','1996-01-06',2,2),
 (795,'Bruce','Ford','1963-06-24',2,2),
 (796,'Rajah','Campos','1989-04-18',3,1),
 (797,'Caleb','Short','1995-12-12',3,2),
 (798,'Ori','Bolton','1963-02-06',2,1),
 (799,'Kay','Glenn','1993-12-04',3,2),
 (800,'Quentin','Holcomb','1974-11-18',3,1),
 (801,'Tarik','Schneider','1971-10-12',2,1),
 (802,'Germane','Harmon','1984-09-26',1,2),
 (803,'Madeson','Anderson','1967-01-12',2,2),
 (804,'Libby','Morris','1950-07-14',1,1),
 (805,'Isabelle','Mclean','1954-12-12',3,2),
 (806,'Cameron','Douglas','1994-11-12',3,2),
 (807,'Elmo','Carpenter','1998-05-21',2,1),
 (808,'Maile','Mcleod','1965-05-01',1,1),
 (809,'Ebony','Merrill','1953-12-30',1,1),
 (810,'Eugenia','Dillard','1984-01-12',2,2),
 (811,'Indigo','Waller','1976-01-30',3,2),
 (812,'Jocelyn','Booker','1951-04-08',1,1),
 (813,'Wyatt','Weeks','1992-11-23',3,1),
 (814,'Doris','Yang','1969-12-28',2,1),
 (815,'Lucy','Aguirre','1986-07-31',2,2),
 (816,'Fletcher','Moon','1976-02-26',1,2),
 (817,'Desirae','Trujillo','1951-07-01',2,2),
 (818,'Hall','Carpenter','1983-09-04',2,1),
 (819,'Audrey','Hall','2000-10-05',2,1),
 (820,'Mufutau','Lawrence','1976-03-20',2,2),
 (821,'Orlando','Morse','1983-10-29',3,2),
 (822,'Richard','Oneal','1974-06-21',2,2),
 (823,'Felix','Cooper','1997-11-10',1,2),
 (824,'Zelenia','Atkinson','1992-04-01',1,2),
 (825,'Faith','Lyons','1955-03-28',2,1),
 (826,'Wynter','Ewing','1991-06-06',2,2),
 (827,'Leonard','Day','1989-04-28',3,2),
 (828,'Alan','Summers','1955-05-18',2,1),
 (829,'Dane','Talley','1970-02-10',2,1),
 (830,'Emi','Dean','1954-11-05',3,1),
 (831,'Slade','Suarez','1994-02-28',2,1),
 (832,'Judith','Horne','1988-11-23',1,2),
 (833,'Leilani','Glover','1985-05-27',1,2),
 (834,'Libby','Burks','1952-03-10',2,1),
 (835,'Olympia','Bass','2001-01-03',2,1),
 (836,'Kirsten','Trujillo','1986-04-20',3,1),
 (837,'Fritz','Battle','1985-01-01',2,2),
 (838,'Brendan','Moore','1962-10-28',2,2),
 (839,'Ignacia','Roach','1961-01-06',1,2),
 (840,'Tyrone','Mccullough','1959-03-22',1,1),
 (841,'Fritz','Mcdowell','1961-12-21',3,2),
 (842,'Jaden','Swanson','1962-07-26',2,2),
 (843,'Rudyard','Crawford','1952-05-24',1,1),
 (844,'Keegan','Hanson','1985-04-07',3,1),
 (845,'Gail','Jackson','1993-03-15',2,1),
 (846,'Whoopi','Stanley','1953-12-24',2,1),
 (847,'Mona','Kaufman','1985-03-08',2,1),
 (848,'Lucius','Terrell','1962-03-02',1,2),
 (849,'Brenna','Compton','1972-01-01',2,1),
 (850,'Haley','Yang','1971-03-20',1,1),
 (851,'Raja','Todd','1957-11-11',3,2),
 (852,'Halla','Floyd','1993-05-16',3,2),
 (853,'Joseph','Collier','1959-02-05',1,1),
 (854,'Keaton','Mckay','1959-10-23',2,2),
 (855,'Regina','Pickett','2002-11-16',1,1),
 (856,'Trevor','Murphy','1977-04-21',1,2),
 (857,'Willow','Fischer','1996-12-08',3,2),
 (858,'Kyle','Lester','1978-01-06',1,1),
 (859,'Idona','Mclaughlin','1989-08-10',1,1),
 (860,'Isaiah','Hebert','1965-08-20',2,1),
 (861,'Armando','Hicks','1956-09-29',3,1),
 (862,'Zorita','Velez','1973-04-01',3,1),
 (863,'Alea','Contreras','1978-08-17',2,1),
 (864,'Matthew','Rosario','2000-01-25',3,2),
 (865,'Lael','Calderon','1952-05-10',2,2),
 (866,'Cameran','Dillon','1952-04-21',3,1),
 (867,'Aileen','Chan','1959-04-19',2,1),
 (868,'Ima','Brooks','1996-08-24',2,2),
 (869,'Wayne','Wall','2002-12-10',1,1),
 (870,'Blake','Berger','2000-04-30',2,1),
 (871,'Zia','Blair','1981-10-27',3,2),
 (872,'Kerry','Robertson','1961-06-01',3,2),
 (873,'Beck','Hutchinson','1998-01-04',2,2),
 (874,'Whitney','Williamson','1994-08-26',3,1),
 (875,'Nerea','Blevins','1965-04-07',3,2),
 (876,'Simon','Abbott','1972-05-05',2,1),
 (877,'Odysseus','Spencer','1953-02-24',3,1),
 (878,'Chase','Christian','1972-07-15',3,1),
 (879,'Mohammad','Finch','1976-05-28',1,1),
 (880,'Raphael','Figueroa','1968-05-05',2,1),
 (881,'Garth','Herring','1974-01-05',2,2),
 (882,'Conan','Diaz','1964-04-30',1,2),
 (883,'Ashely','Barnes','1974-01-22',1,2),
 (884,'James','Espinoza','1992-02-26',1,2),
 (885,'Neve','Montoya','1957-08-17',2,2),
 (886,'Serina','Koch','1988-08-12',2,1),
 (887,'Alvin','Aguirre','1955-06-17',1,1),
 (888,'Tyler','Hudson','1969-11-27',1,1),
 (889,'Sean','Dillard','1986-05-16',2,1),
 (890,'Kaye','Brewer','1973-08-31',1,1),
 (891,'Fleur','Gibbs','1997-03-04',3,1),
 (892,'Irma','Oneil','1954-07-31',3,1),
 (893,'Winter','Snyder','1963-01-22',2,1),
 (894,'Savannah','Harding','1961-12-19',3,2),
 (895,'Idola','White','1969-09-25',1,2),
 (896,'Ignatius','Dyer','1996-02-20',3,1),
 (897,'Driscoll','Landry','1975-01-09',1,2),
 (898,'Marvin','Guerra','1986-08-05',3,2),
 (899,'Timon','Delaney','1992-02-09',2,2),
 (900,'Hasad','Irwin','1986-10-05',2,2),
 (901,'Rina','Stout','1967-11-22',3,1),
 (902,'Wade','Wheeler','1989-04-12',3,1),
 (903,'Sade','Barker','1960-09-16',3,1),
 (904,'Anthony','Mack','1991-06-08',3,1),
 (905,'Edward','Page','1973-05-11',3,2),
 (906,'Whilemina','Nelson','2002-02-16',1,1),
 (907,'Zenia','Bray','1973-12-11',2,1),
 (908,'Kermit','Bailey','1996-01-21',2,2),
 (909,'Bernard','Alvarez','1992-02-14',1,1),
 (910,'Rose','Mclean','1973-07-11',3,2),
 (911,'Belle','Bentley','1963-05-08',2,1),
 (912,'Kuame','Jacobs','2000-02-14',2,1),
 (913,'Yetta','Mueller','1985-02-19',2,2),
 (914,'Jermaine','Acosta','1995-03-24',1,1),
 (915,'Jasper','Leblanc','1980-01-20',2,2),
 (916,'Yeo','Jackson','1993-04-28',1,2),
 (917,'Zoe','Bryant','1951-04-18',3,2),
 (918,'Joseph','Avila','1978-04-03',1,2),
 (919,'Regan','Moses','1953-03-16',3,2),
 (920,'Vincent','Boyd','1963-06-12',3,1),
 (921,'Sage','Villarreal','1954-04-01',1,2),
 (922,'Remedios','Fitzpatrick','1995-11-04',1,1),
 (923,'Martha','French','1964-11-24',2,2),
 (924,'Kane','Gay','1998-10-29',2,2),
 (925,'Tobias','Haley','1983-12-18',3,2),
 (926,'Kenneth','Mcclain','1993-03-02',3,2),
 (927,'Mikayla','Cherry','1969-09-14',3,2),
 (928,'Joel','Langley','1951-01-01',2,2),
 (929,'Lysandra','Haney','1951-10-06',2,2),
 (930,'Jenna','Leonard','1996-02-18',1,1),
 (931,'Lucius','Stanley','1960-07-15',2,1),
 (932,'Aurelia','Fields','1954-11-02',1,2),
 (933,'Holmes','Harper','1988-11-06',1,1),
 (934,'Armando','Boone','1980-06-17',2,1),
 (935,'Xanthus','Sims','1992-01-26',3,2),
 (936,'Ila','Moreno','1992-01-11',3,1),
 (937,'Cheyenne','Stewart','1996-01-24',1,2),
 (938,'Todd','Fuller','1985-01-09',1,1),
 (939,'Ocean','Noble','1965-06-30',3,1),
 (940,'Alfreda','Newton','1970-02-01',1,2),
 (941,'Hu','Chang','1960-04-18',3,2),
 (942,'Kirestin','Wiley','1984-09-29',2,2),
 (943,'Beck','Avila','1962-08-16',3,1),
 (944,'Marshall','Snider','1987-01-27',1,2),
 (945,'Caldwell','Carson','1990-04-11',3,2),
 (946,'Kermit','Battle','1951-05-13',1,2),
 (947,'Kyle','Woodward','1990-08-17',2,1),
 (948,'Inga','Levy','1957-11-06',3,2),
 (949,'Nathan','Byers','1952-06-28',1,2),
 (950,'Ebony','Dalton','1993-04-13',1,2),
 (951,'Gray','Mercer','1970-05-25',1,1),
 (952,'Abigail','Shannon','1999-01-24',2,1),
 (953,'Drew','Meyers','1951-01-01',1,1),
 (954,'Roth','Christensen','1976-12-21',2,2),
 (955,'Fuller','Harrison','1987-09-03',1,2),
 (956,'Maxwell','Frank','1994-12-01',3,1),
 (957,'Adria','Cummings','1965-08-09',1,1),
 (958,'Donna','Oneal','1955-01-14',1,2),
 (959,'Indira','Levine','1955-07-01',2,2),
 (960,'Kyla','Hendrix','1994-12-02',3,2),
 (961,'Carly','Valencia','2000-12-16',1,2),
 (962,'Shellie','Navarro','1955-09-07',3,1),
 (963,'Colorado','Hartman','1976-04-20',1,2),
 (964,'Ann','Mccoy','1999-04-21',1,2),
 (965,'Hilary','Roberson','1981-04-10',3,1),
 (966,'Solomon','Kerr','1963-12-22',2,2),
 (967,'Mark','Chan','1978-08-15',3,1),
 (968,'Shafira','Norris','1958-07-20',2,2),
 (969,'Luke','Garner','1966-11-07',3,1),
 (970,'Germane','Ratliff','1986-05-31',3,1),
 (971,'Hope','Nixon','1952-06-15',3,1),
 (972,'Kato','Mendoza','1972-07-04',3,2),
 (973,'Castor','Cotton','1992-04-14',3,2),
 (974,'Kevin','Glenn','1975-08-25',2,2),
 (975,'Garrett','Aguirre','1990-07-21',1,2),
 (976,'Tamekah','Nguyen','1954-02-24',3,2),
 (977,'Timothy','Bonner','1963-12-06',1,2),
 (978,'Vladimir','Alford','1957-03-23',3,1),
 (979,'Perry','Morrow','2000-06-14',3,2),
 (980,'Vivian','Reyes','1979-10-09',1,1),
 (981,'Colin','Daniel','1958-01-25',1,1),
 (982,'Aretha','Lowe','1955-02-12',1,2),
 (983,'John','Holland','1968-01-06',3,2),
 (984,'Hiram','Meadows','1985-01-26',2,1),
 (985,'Emery','Hall','1993-05-25',1,1),
 (986,'Heather','Mcfadden','1985-05-03',1,2),
 (987,'Adele','Oliver','1957-08-31',3,2),
 (988,'Paula','Haynes','1967-08-01',1,1),
 (989,'Scarlet','Oliver','1976-10-12',3,2),
 (990,'Clio','Merritt','1991-11-16',1,1),
 (991,'Victor','Huff','1973-05-01',1,2),
 (992,'Rajah','Rodriguez','1987-03-08',1,1),
 (993,'Jessica','Gilbert','1978-07-07',2,1),
 (994,'Nigel','Hardin','1967-12-11',2,1),
 (995,'Emery','Rhodes','1961-04-08',2,2),
 (996,'Nolan','Morris','1986-12-17',3,2),
 (997,'Bo','Strong','1957-07-20',1,2),
 (998,'Heather','Shannon','1975-09-17',2,1),
 (999,'Felix','Lopez','1995-04-07',2,2),
 (1000,'Gregory','Carrillo','1963-07-14',1,2);

--correo--16
INSERT INTO correo (id_correo,correo_cliente,id_cliente)
VALUES (1,'libero.Donec.consectetuer@duiFusce.net',1),(2,'arcu.Nunc@Quisquenonummy.com',2),(3,'porta.elit@pede.co.uk',3),(4,'posuere@risus.net',4),(5,'dolor.elit.pellentesque@pulvinararcu.co.uk',5),
(6,'et.ipsum.cursus@tinciduntvehicularisus.net',6),(7,'Proin@Aliquamultrices.com',7),(8,'vel@vehicula.com',8),(9,'commodo.auctor@mus.edu',9),(10,'Praesent@tellusNunc.com',10),
(11,'tincidunt.Donec@sollicitudin.ca',11),(12,'posuere.at.velit@necanteMaecenas.net',12),(13,'tincidunt.adipiscing@at.ca',13),(14,'tristique@nunc.net',14),(15,'cursus@intempus.com',15),
(16,'eros.Proin@loremvitaeodio.co.uk',16),(17,'Phasellus@risusDonecnibh.com',17),(18,'taciti.sociosqu@est.edu',18),(19,'et.lacinia@urnaVivamusmolestie.org',19),(20,'dapibus.quam.quis@adipiscingelitAliquam.co.uk',20),
(21,'non@mattis.net',21),(22,'et@nonummy.org',22),(23,'et.malesuada@diam.edu',23),(24,'sed.leo@Integersemelit.ca',24),(25,'lorem.lorem.luctus@tellusAenean.com',25),
(26,'elit@Nunc.com',26),(27,'erat.eget@ridiculusmus.net',27),(28,'enim.diam.vel@Nunc.net',28),(29,'ornare.lectus.ante@eleifend.ca',29),(30,'non.nisi.Aenean@Praesent.net',30),
(31,'Curabitur.consequat.lectus@vehiculaPellentesquetincidunt.co.uk',31),(32,'dolor.Fusce@Donecelementumlorem.edu',32),(33,'elit.fermentum.risus@eros.com',33),(34,'diam@Quisqueornaretortor.ca',34),(35,'lobortis@magnaPraesentinterdum.net',35),
(36,'nec.urna.et@lacinia.ca',36),(37,'accumsan@fames.net',37),(38,'sit.amet@sociisnatoque.org',38),(39,'lectus.Cum@penatibuset.net',39),(40,'non@Nunc.co.uk',40),
(41,'Pellentesque@sedsem.ca',41),(42,'elit.sed@Aenean.ca',42),(43,'mauris@arcuvel.org',43),(44,'risus.Quisque.libero@massa.org',44),(45,'purus.Maecenas@dolorvitae.com',45),
(46,'neque.sed.dictum@Vivamus.org',46),(47,'mus@interdum.org',47),(48,'egestas.rhoncus@orciadipiscing.ca',48),(49,'Nunc.quis@erosnectellus.co.uk',49),(50,'justo.nec.ante@ut.org',50),
(51,'et.nunc.Quisque@nunc.co.uk',51),(52,'ac@etrutrum.edu',52),(53,'metus.Vivamus@aliquam.ca',53),(54,'sed.hendrerit.a@cursuset.org',54),(55,'euismod.ac.fermentum@in.co.uk',55),
(56,'mattis.semper@luctus.com',56),(57,'Duis.risus@nisi.com',57),(58,'massa@tortor.co.uk',58),(59,'magnis@Proinvelit.org',59),(60,'Class.aptent@risusvarius.co.uk',60),
(61,'rhoncus.Donec@miloremvehicula.net',61),(62,'Integer.vitae@velturpis.edu',62),(63,'dui@Nullatinciduntneque.org',63),(64,'sapien.gravida.non@pellentesquemassa.co.uk',64),(65,'pellentesque.a@esttempor.edu',65),
(66,'ac.ipsum@adipiscing.org',66),(67,'lectus.sit@aliquetnec.ca',67),(68,'vel.arcu@afacilisis.net',68),(69,'leo.Morbi@ridiculusmus.com',69),(70,'velit@nislelementum.ca',70),
(71,'dignissim@fermentumvelmauris.com',71),(72,'gravida.Aliquam.tincidunt@egetipsumSuspendisse.net',72),(73,'Nunc.mauris.Morbi@est.edu',73),(74,'tincidunt.orci.quis@lacinia.edu',74),(75,'nec.ante.blandit@ornare.net',75),
(76,'ultrices.posuere@Donecconsectetuermauris.ca',76),(77,'at.lacus@Maurisutquam.org',77),(78,'ornare@senectusetnetus.com',78),(79,'vehicula@Donecnibh.org',79),(80,'Quisque.imperdiet.erat@Craseu.org',80),
(81,'ornare.libero.at@neccursusa.co.uk',81),(82,'ipsum.ac.mi@Mauris.net',82),(83,'viverra.Maecenas@elitpretium.ca',83),(84,'cursus.non.egestas@dolorDonecfringilla.edu',84),(85,'arcu.Curabitur@Phaselluselitpede.co.uk',85),
(86,'commodo.auctor@sit.edu',86),(87,'sed.pede@pedemalesuadavel.co.uk',87),(88,'tellus.non.magna@quam.net',88),(89,'faucibus.orci@Curabiturmassa.net',89),(90,'nulla.at@tellusimperdiet.org',90),
(91,'amet.diam.eu@lectusquismassa.ca',91),(92,'ullamcorper@id.org',92),(93,'amet@vel.com',93),(94,'eros.non.enim@sollicitudin.net',94),(95,'gravida.non.sollicitudin@ac.edu',95),
(96,'eget@tortornibh.co.uk',96),(97,'netus.et@pharetrafelis.ca',97),(98,'sed.sem.egestas@mattissemperdui.org',98),(99,'non@semper.com',99),(100,'Aenean.gravida.nunc@blanditmattisCras.co.uk',100),
(101,'ac@mollisIntegertincidunt.net',101),(102,'odio.vel.est@Phasellus.org',102),(103,'porttitor@ornarelectus.edu',103),(104,'est.Mauris@pharetra.co.uk',104),(105,'Sed@enimmitempor.ca',105),
(106,'sagittis.placerat@in.co.uk',106),(107,'orci.sem@auctorveliteget.edu',107),(108,'interdum.Nunc@Etiamlaoreet.ca',108),(109,'Donec.luctus@congue.com',109),(110,'porttitor@ac.com',110),
(111,'arcu.Morbi@lacus.org',111),(112,'aliquet.nec.imperdiet@Morbiaccumsan.org',112),(113,'malesuada@eratSed.ca',113),(114,'mollis@pedesagittisaugue.com',114),(115,'Suspendisse.non.leo@egestasAliquamnec.edu',115),
(116,'Nulla.facilisis@nonmassa.co.uk',116),(117,'ultricies.ligula@placeratvelitQuisque.org',117),(118,'Aenean@gravidaPraesenteu.net',118),(119,'nec.urna.suscipit@Nam.co.uk',119),(120,'quam@Mauriseuturpis.edu',120),
(121,'velit@sapienCrasdolor.edu',121),(122,'dapibus@euodioPhasellus.net',122),(123,'Sed.eu@maurisipsumporta.co.uk',123),(124,'Mauris@risusNullaeget.co.uk',124),(125,'enim.nisl.elementum@egestas.co.uk',125),
(126,'accumsan@gravidaPraesenteu.com',126),(127,'Aenean@porttitorerosnec.edu',127),(128,'quis.tristique.ac@Cumsociisnatoque.com',128),(129,'sit.amet@idnunc.net',129),(130,'nisi.magna.sed@malesuadaIntegerid.edu',130),
(131,'non.hendrerit.id@nonummyut.com',131),(132,'lacus.Ut@suscipitnonummy.com',132),(133,'convallis@non.edu',133),(134,'Mauris.vel@dictumcursusNunc.net',134),(135,'sem.molestie.sodales@luctus.edu',135),
(136,'sed.leo@vulputatelacus.org',136),(137,'augue.ut@odioNaminterdum.co.uk',137),(138,'mauris.erat.eget@dolorFuscefeugiat.edu',138),(139,'Integer@accumsannequeet.net',139),(140,'elit@Sed.edu',140),
(141,'sollicitudin.orci@fringilla.org',141),(142,'non@felisadipiscingfringilla.org',142),(143,'consectetuer.cursus.et@mi.org',143),(144,'purus.mauris.a@magnatellus.com',144),(145,'tristique@accumsannequeet.co.uk',145),
(146,'felis@fringillaporttitor.co.uk',146),(147,'tempor.arcu@lacus.edu',147),(148,'tellus@mollis.ca',148),(149,'lacus.Nulla.tincidunt@ipsumPhasellus.edu',149),(150,'lorem.ac@pellentesqueSed.org',150),
(151,'ultricies.dignissim@diamPellentesquehabitant.com',151),(152,'ultrices.posuere@nonummyac.edu',152),(153,'convallis.ante@rutrum.ca',153),(154,'penatibus.et.magnis@feliseget.edu',154),(155,'malesuada.ut.sem@mollis.org',155),
(156,'libero@neceuismod.com',156),(157,'Morbi.accumsan.laoreet@pellentesqueSed.ca',157),(158,'nec.mollis@diamlorem.org',158),(159,'Etiam.gravida@molestie.org',159),(160,'Donec@aliquet.ca',160),
(161,'lobortis.tellus.justo@Nuncullamcorpervelit.ca',161),(162,'Sed@sedorcilobortis.edu',162),(163,'In.scelerisque.scelerisque@nullaCras.net',163),(164,'elit@pharetraNamac.ca',164),(165,'Nunc.sed.orci@gravidaAliquamtincidunt.edu',165),
(166,'Proin@felis.co.uk',166),(167,'pulvinar.arcu.et@id.com',167),(168,'Phasellus.dolor.elit@ametrisusDonec.org',168),(169,'hendrerit.Donec.porttitor@purusaccumsan.co.uk',169),(170,'tellus.Nunc@semperegestasurna.co.uk',170),
(171,'felis.eget@quam.co.uk',171),(172,'Sed.eu.eros@dolorDonec.edu',172),(173,'lacus.Quisque@lacus.org',173),(174,'placerat.Cras@auguescelerisquemollis.org',174),(175,'In.condimentum.Donec@non.edu',175),
(176,'et@loremfringilla.com',176),(177,'eu.dolor@pulvinar.edu',177),(178,'consequat@Fuscefeugiat.ca',178),(179,'blandit.mattis@fringillaporttitor.net',179),(180,'faucibus.id@laciniaSedcongue.com',180),
(181,'Donec.est.Nunc@nislsemconsequat.org',181),(182,'quis.accumsan@loremipsum.net',182),(183,'dolor.nonummy.ac@felis.edu',183),(184,'metus.facilisis@blandit.org',184),(185,'nunc.ac.mattis@eulacusQuisque.org',185),
(186,'sit.amet@bibendumullamcorperDuis.edu',186),(187,'tincidunt.orci.quis@ipsum.org',187),(188,'nec.ligula.consectetuer@ipsum.edu',188),(189,'Sed@Integer.com',189),(190,'vitae@sagittisplacerat.com',190),
(191,'vulputate.ullamcorper.magna@dictummagna.ca',191),(192,'mattis.ornare.lectus@placeratvelitQuisque.edu',192),(193,'laoreet@vel.edu',193),(194,'tincidunt@risus.edu',194),(195,'eu.accumsan@egetmagnaSuspendisse.edu',195),
(196,'odio@disparturientmontes.org',196),(197,'habitant.morbi@urna.edu',197),(198,'Aliquam.erat.volutpat@nislarcuiaculis.edu',198),(199,'et.netus@acarcu.edu',199),(200,'dolor@semperegestasurna.ca',200),
(201,'malesuada@leo.ca',201),(202,'purus.gravida@amet.edu',202),(203,'non.enim.Mauris@nunc.ca',203),(204,'hendrerit.a@utmolestie.com',204),(205,'vehicula.risus@semper.ca',205),
(206,'augue.porttitor@necurnasuscipit.edu',206),(207,'vel.nisl.Quisque@metusurnaconvallis.com',207),(208,'tellus@aliquetvel.co.uk',208),(209,'quis@vitae.org',209),(210,'aliquet.odio@acarcu.com',210),
(211,'magnis@ipsumcursusvestibulum.edu',211),(212,'iaculis@maurisrhoncusid.ca',212),(213,'Proin@Maurisblanditenim.co.uk',213),(214,'augue.Sed@malesuada.ca',214),(215,'gravida.non@imperdietnon.ca',215),
(216,'Nunc.sed@atrisusNunc.net',216),(217,'at.augue.id@interdumlibero.co.uk',217),(218,'risus.Morbi@lectus.org',218),(219,'parturient.montes@montesnasceturridiculus.net',219),(220,'massa.non@lobortisquis.edu',220),
(221,'Nulla.tincidunt.neque@ategestas.ca',221),(222,'urna.convallis@acturpis.net',222),(223,'ipsum.primis.in@Nulla.ca',223),(224,'dui.nec@sollicitudincommodoipsum.net',224),(225,'vitae.velit.egestas@velarcuCurabitur.ca',225),
(226,'nonummy.ipsum@lacusvariuset.net',226),(227,'ornare.egestas@in.ca',227),(228,'elit.dictum.eu@ametluctusvulputate.com',228),(229,'Maecenas@Craspellentesque.net',229),(230,'hendrerit@sollicitudin.co.uk',230),
(231,'ante@Nunc.edu',231),(232,'pellentesque@enim.ca',232),(233,'mi@malesuadamalesuada.net',233),(234,'purus.Duis@Cras.com',234),(235,'Phasellus@sedlibero.ca',235),
(236,'libero.lacus.varius@actellus.ca',236),(237,'aliquet@aliquetmolestie.org',237),(238,'ornare@quam.net',238),(239,'non.sapien.molestie@vehicula.org',239),(240,'cubilia.Curae.Donec@Morbi.co.uk',240),
(241,'et.rutrum@quis.co.uk',241),(242,'dolor.sit@amet.edu',242),(243,'sagittis.Duis.gravida@Donectempuslorem.com',243),(244,'faucibus.leo@turpis.com',244),(245,'quis.accumsan@Aenean.co.uk',245),
(246,'tempor@faucibus.co.uk',246),(247,'non@rutrumjusto.co.uk',247),(248,'tempus.eu@elementumpurusaccumsan.com',248),(249,'mollis@non.com',249),(250,'a@estcongue.net',250),
(251,'vulputate@Proinultrices.ca',251),(252,'euismod.urna.Nullam@facilisisnonbibendum.ca',252),(253,'porttitor.vulputate.posuere@montes.net',253),(254,'non@blanditcongue.co.uk',254),(255,'eros@lacus.org',255),
(256,'ipsum@Seddiamlorem.co.uk',256),(257,'Donec.dignissim.magna@vitaeerat.ca',257),(258,'imperdiet@mollislectuspede.edu',258),(259,'nulla@senectus.org',259),(260,'Aenean.euismod.mauris@diamDuismi.co.uk',260),
(261,'auctor@adipiscinglobortisrisus.org',261),(262,'vitae.erat.Vivamus@nonquam.co.uk',262),(263,'eu.neque.pellentesque@luctus.ca',263),(264,'est.congue@ut.org',264),(265,'sit.amet.risus@consectetuer.com',265),
(266,'turpis.In.condimentum@Proin.org',266),(267,'lacus.Mauris@Craspellentesque.com',267),(268,'velit.dui@molestie.org',268),(269,'sed.libero.Proin@aliquetliberoInteger.ca',269),(270,'odio.a@congue.co.uk',270),
(271,'malesuada.ut@condimentumDonecat.co.uk',271),(272,'aliquet@malesuadafringilla.edu',272),(273,'Vivamus@adipiscingenim.org',273),(274,'Duis@quamelementumat.com',274),(275,'lacus.varius@liberoestcongue.org',275),
(276,'nec.urna.suscipit@purusDuiselementum.ca',276),(277,'Donec.non.justo@Integer.com',277),(278,'nec.quam@libero.edu',278),(279,'Duis.risus.odio@tempus.net',279),(280,'consequat.lectus@Utnecurna.net',280),
(281,'dui@mollisPhaselluslibero.edu',281),(282,'primis.in.faucibus@mifringilla.edu',282),(283,'non.dui.nec@posuere.com',283),(284,'mauris.elit@nasceturridiculusmus.com',284),(285,'sollicitudin@eunibh.org',285),
(286,'non.justo@loremauctor.co.uk',286),(287,'lacus.Nulla.tincidunt@euenimEtiam.co.uk',287),(288,'pede.Praesent.eu@lorem.co.uk',288),(289,'vestibulum@magnanecquam.ca',289),(290,'ullamcorper.nisl.arcu@arcu.co.uk',290),
(291,'Suspendisse@DonecestNunc.edu',291),(292,'Morbi.neque@nec.org',292),(293,'sit@SuspendissesagittisNullam.net',293),(294,'posuere.enim@habitant.net',294),(295,'id.enim@tellusnonmagna.com',295),
(296,'Aliquam.ultrices@Duismi.org',296),(297,'dolor.sit.amet@Aliquamerat.co.uk',297),(298,'ac.sem.ut@et.net',298),(299,'morbi.tristique.senectus@parturient.org',299),(300,'amet.risus@dolor.ca',300),
(301,'nec@laoreetipsum.ca',301),(302,'tincidunt.vehicula.risus@Nunc.net',302),(303,'et.malesuada.fames@odioAliquamvulputate.com',303),(304,'massa.non.ante@Donecsollicitudinadipiscing.edu',304),(305,'Nullam.nisl.Maecenas@adipiscinglobortisrisus.net',305),
(306,'Nam.ligula.elit@a.ca',306),(307,'est.congue.a@a.ca',307),(308,'est.mauris.rhoncus@ligulaNullamfeugiat.ca',308),(309,'Suspendisse.eleifend@milaciniamattis.co.uk',309),(310,'Aenean.eget@egestasFuscealiquet.org',310),
(311,'justo@liberoest.net',311),(312,'auctor.ullamcorper@tellusNunc.ca',312),(313,'dictum@vitaeorciPhasellus.edu',313),(314,'amet.luctus.vulputate@posuerevulputatelacus.ca',314),(315,'et@dapibusid.org',315),
(316,'feugiat.Sed@acipsumPhasellus.com',316),(317,'lorem.luctus.ut@lorem.co.uk',317),(318,'augue@Aenean.org',318),(319,'vehicula@indolor.net',319),(320,'tristique.pellentesque.tellus@pede.ca',320),
(321,'mollis@sagittisDuis.net',321),(322,'dui@non.co.uk',322),(323,'in@quisdiamPellentesque.edu',323),(324,'sagittis.semper.Nam@Lorem.co.uk',324),(325,'dolor@elit.edu',325),
(326,'consectetuer.euismod@urna.net',326),(327,'Donec@risusvarius.org',327),(328,'massa.rutrum@et.co.uk',328),(329,'cubilia.Curae.Phasellus@Duis.ca',329),(330,'in.cursus@Proin.ca',330),
(331,'id.blandit.at@etcommodo.org',331),(332,'quis.diam.luctus@egestas.com',332),(333,'in.faucibus@duiCum.net',333),(334,'vitae.sodales.nisi@etrisusQuisque.co.uk',334),(335,'lorem.vitae.odio@Innec.com',335),
(336,'non@erosturpisnon.ca',336),(337,'tempor@euismodet.org',337),(338,'eu@nibh.com',338),(339,'dapibus.quam@urnasuscipitnonummy.co.uk',339),(340,'enim.sit@nisiaodio.com',340),
(341,'at@ametmetus.edu',341),(342,'faucibus@Aliquamadipiscing.ca',342),(343,'Quisque.imperdiet@diamloremauctor.edu',343),(344,'tincidunt.dui.augue@magnaNamligula.org',344),(345,'non@et.ca',345),
(346,'accumsan.neque.et@sodales.org',346),(347,'orci@tellus.edu',347),(348,'diam@maurisSuspendisse.ca',348),(349,'nec.ante.blandit@at.org',349),(350,'Sed.neque@ultricessitamet.net',350),
(351,'enim.nisl.elementum@Donecfringilla.org',351),(352,'faucibus@elementumsem.com',352),(353,'congue@sem.org',353),(354,'aliquam@SuspendissesagittisNullam.ca',354),(355,'porttitor.interdum@conubianostra.co.uk',355),
(356,'dui@semegestas.net',356),(357,'cursus.vestibulum.Mauris@tempor.net',357),(358,'eu.lacus.Quisque@dolorsit.ca',358),(359,'metus@libero.co.uk',359),(360,'Vivamus@egestas.ca',360),
(361,'laoreet@etultricesposuere.edu',361),(362,'magna@ategestas.edu',362),(363,'vestibulum.massa@egestasSed.org',363),(364,'sit.amet@ipsumSuspendissesagittis.ca',364),(365,'sit.amet.risus@etnetuset.com',365),
(366,'sem.Pellentesque@ametrisusDonec.org',366),(367,'vel.turpis@augueSed.net',367),(368,'ut.nulla.Cras@Duis.org',368),(369,'ullamcorper.nisl@velit.edu',369),(370,'est@neque.edu',370),
(371,'sed.tortor.Integer@euultrices.ca',371),(372,'ut.pharetra.sed@DonecfringillaDonec.edu',372),(373,'elit.Nulla.facilisi@magnis.ca',373),(374,'sed@Proinultrices.com',374),(375,'id.risus@eleifendnuncrisus.co.uk',375),
(376,'lobortis.Class.aptent@ipsumnon.com',376),(377,'id.enim@cursusIntegermollis.org',377),(378,'Aliquam.erat.volutpat@odiotristique.ca',378),(379,'ipsum.cursus@loremvitae.com',379),(380,'Nulla@ametmassaQuisque.com',380),
(381,'turpis@elitEtiam.edu',381),(382,'arcu.Vivamus.sit@Aeneansed.ca',382),(383,'augue.id@Class.com',383),(384,'quis.diam@luctusetultrices.com',384),(385,'orci.sem.eget@Morbiquis.com',385),
(386,'urna@eratvelpede.org',386),(387,'sagittis@duiSuspendisseac.com',387),(388,'erat.Etiam.vestibulum@erat.edu',388),(389,'elementum@sedfacilisis.edu',389),(390,'convallis@sitametornare.ca',390),
(391,'lorem@Etiamlaoreet.co.uk',391),(392,'Quisque.varius@libero.org',392),(393,'nec.euismod@Pellentesqueut.co.uk',393),(394,'mus.Proin.vel@feugiat.edu',394),(395,'ipsum.Phasellus@etultrices.com',395),
(396,'euismod.est@laciniaorci.co.uk',396),(397,'Nunc@lacinia.ca',397),(398,'rutrum.eu.ultrices@euismod.co.uk',398),(399,'blandit.congue.In@ligulaAeneangravida.net',399),(400,'ipsum.dolor@sedsem.org',400),
(401,'enim.Etiam.imperdiet@gravidasitamet.ca',401),(402,'pellentesque.eget@dolor.co.uk',402),(403,'Curabitur@massa.net',403),(404,'non@velitegestas.net',404),(405,'eros.nec@disparturient.com',405),
(406,'in.cursus.et@auctorvelitAliquam.edu',406),(407,'in@Nunccommodoauctor.edu',407),(408,'placerat.eget.venenatis@pharetranibhAliquam.co.uk',408),(409,'et.risus.Quisque@placeratvelit.ca',409),(410,'commodo.tincidunt@Integerid.org',410),
(411,'aliquam@tinciduntvehicularisus.ca',411),(412,'fringilla.mi.lacinia@aceleifend.edu',412),(413,'risus.Nulla.eget@Nuncmaurissapien.net',413),(414,'mauris@Nullamut.ca',414),(415,'dui.Suspendisse.ac@orci.co.uk',415),
(416,'Phasellus.nulla@lacusQuisquepurus.edu',416),(417,'Fusce.mollis@dis.co.uk',417),(418,'tellus.non@vulputatemaurissagittis.net',418),(419,'non@ipsum.ca',419),(420,'urna@risus.co.uk',420),
(421,'lacus.Quisque.imperdiet@Maurisnondui.com',421),(422,'lacus@leoVivamusnibh.edu',422),(423,'et.magnis@feugiatnonlobortis.edu',423),(424,'Phasellus@augueSed.ca',424),(425,'Nunc@cursuspurus.ca',425),
(426,'lacus@estvitae.org',426),(427,'hendrerit@velitin.net',427),(428,'ipsum.dolor.sit@nascetur.org',428),(429,'Lorem.ipsum@nulla.org',429),(430,'Quisque@Aliquamadipiscinglobortis.edu',430),
(431,'ut@feugiatnec.org',431),(432,'Phasellus.in@augueeu.net',432),(433,'ridiculus.mus@arcu.org',433),(434,'Etiam@euismodenim.org',434),(435,'faucibus.lectus@fermentum.ca',435),
(436,'sollicitudin.orci@cursuset.co.uk',436),(437,'mollis.dui@aodio.org',437),(438,'molestie.Sed.id@Nunc.org',438),(439,'Sed.id.risus@justoeuarcu.edu',439),(440,'euismod.mauris.eu@nisl.org',440),
(441,'arcu.Sed@enim.org',441),(442,'at.arcu.Vestibulum@natoque.com',442),(443,'vel.faucibus.id@Donecfelis.ca',443),(444,'tristique.senectus@nonummy.co.uk',444),(445,'a.sollicitudin@luctusaliquetodio.org',445),
(446,'ac.nulla.In@morbitristiquesenectus.edu',446),(447,'In.ornare.sagittis@cursuset.co.uk',447),(448,'libero.nec.ligula@sit.net',448),(449,'vestibulum.massa.rutrum@pellentesqueeget.co.uk',449),(450,'lectus.a.sollicitudin@Aeneangravida.com',450),
(451,'mauris@ornareegestas.ca',451),(452,'Donec.tempor.est@Mauris.com',452),(453,'non.magna@malesuadamalesuadaInteger.co.uk',453),(454,'Suspendisse.sed.dolor@erosnec.co.uk',454),(455,'quis.massa@Phasellus.net',455),
(456,'sit@laoreet.org',456),(457,'adipiscing.Mauris@nislelementumpurus.com',457),(458,'Maecenas@nislQuisquefringilla.ca',458),(459,'diam@erosturpisnon.edu',459),(460,'Phasellus@sed.net',460),
(461,'Nunc.mauris@etultrices.org',461),(462,'Aliquam.erat.volutpat@amalesuadaid.com',462),(463,'posuere.cubilia.Curae@hendrerit.co.uk',463),(464,'aliquet.sem.ut@est.ca',464),(465,'conubia@amet.edu',465),
(466,'Vivamus.nibh.dolor@dapibusid.net',466),(467,'scelerisque.scelerisque.dui@orci.co.uk',467),(468,'amet.faucibus.ut@urnanecluctus.org',468),(469,'a.odio@orciluctus.co.uk',469),(470,'dapibus.rutrum@aliquameros.ca',470),
(471,'turpis@ante.com',471),(472,'nec.ante@temporarcuVestibulum.net',472),(473,'nulla@Crasdolor.net',473),(474,'mi.Duis.risus@cubilia.ca',474),(475,'cursus@tinciduntnequevitae.edu',475),
(476,'nec@fermentum.ca',476),(477,'In.scelerisque@nibh.edu',477),(478,'Curabitur.ut.odio@ridiculusmusProin.net',478),(479,'vestibulum.Mauris.magna@fringilla.org',479),(480,'leo.Cras.vehicula@arcuVivamus.com',480),
(481,'Curabitur.vel.lectus@volutpatNulla.org',481),(482,'varius.et@dictum.com',482),(483,'tincidunt.tempus.risus@Aliquam.net',483),(484,'dictum@hendrerit.com',484),(485,'Donec.egestas@Nunc.com',485),
(486,'facilisis.eget@Morbi.co.uk',486),(487,'in.faucibus@aliquam.edu',487),(488,'scelerisque.mollis.Phasellus@ametmassa.net',488),(489,'id.magna@vulputateullamcorper.com',489),(490,'Aliquam@sapien.com',490),
(491,'vehicula@urnaUttincidunt.org',491),(492,'In.scelerisque@morbitristique.co.uk',492),(493,'sem@ultriciessemmagna.org',493),(494,'Sed.neque@acnullaIn.co.uk',494),(495,'mauris.eu.elit@Morbiquis.com',495),
(496,'vestibulum.nec.euismod@egestasAliquamnec.edu',496),(497,'mauris.sagittis.placerat@NullamnislMaecenas.co.uk',497),(498,'aliquet.diam@feugiattellus.co.uk',498),(499,'dictum.ultricies@Duis.edu',499),(500,'cursus.luctus@volutpatNulla.edu',500),
(501,'pretium.neque@pedeNuncsed.co.uk',501),(502,'at@vulputateullamcorpermagna.co.uk',502),(503,'urna.convallis@feugiatplaceratvelit.edu',503),(504,'sollicitudin.adipiscing@mattisvelit.com',504),(505,'elit.elit@sem.org',505),
(506,'magna.a@Namnulla.net',506),(507,'lacus.varius.et@Sedid.ca',507),(508,'molestie.sodales@mollis.org',508),(509,'Donec.sollicitudin.adipiscing@etmalesuadafames.co.uk',509),(510,'non.leo@faucibusidlibero.org',510),
(511,'Proin@acfeugiat.net',511),(512,'feugiat@vitaerisusDuis.ca',512),(513,'id.sapien@orci.org',513),(514,'elit.fermentum@Nulla.co.uk',514),(515,'enim.Curabitur.massa@Duisatlacus.co.uk',515),
(516,'Aliquam.rutrum.lorem@nibh.edu',516),(517,'egestas@In.ca',517),(518,'dis.parturient@facilisisfacilisismagna.ca',518),(519,'mauris@interdumligula.co.uk',519),(520,'non.cursus.non@feugiatplaceratvelit.com',520),
(521,'dui.Fusce.aliquam@Vivamussitamet.co.uk',521),(522,'neque@purusDuis.net',522),(523,'malesuada.malesuada.Integer@Suspendisseacmetus.com',523),(524,'sit.amet.luctus@Fuscedolorquam.co.uk',524),(525,'leo.Vivamus.nibh@Inornare.ca',525),
(526,'id.erat@semperrutrum.edu',526),(527,'cursus.luctus.ipsum@Sednec.net',527),(528,'lobortis.quis.pede@lectusrutrumurna.org',528),(529,'Phasellus.in.felis@montes.co.uk',529),(530,'et@sapien.org',530),
(531,'Vestibulum.ante.ipsum@hendreritconsectetuer.org',531),(532,'libero@lacusEtiam.net',532),(533,'placerat@Vivamus.co.uk',533),(534,'per.conubia.nostra@mauris.ca',534),(535,'sagittis.augue.eu@Nulla.org',535),
(536,'massa.non.ante@nuncnulla.net',536),(537,'inceptos.hymenaeos@vehiculaet.com',537),(538,'Suspendisse@dis.edu',538),(539,'quis.accumsan@ipsum.net',539),(540,'dui.Fusce@consectetueradipiscingelit.ca',540),
(541,'sed.facilisis.vitae@lobortisultrices.edu',541),(542,'Suspendisse@dis.com',542),(543,'erat@miAliquamgravida.org',543),(544,'Nunc@in.edu',544),(545,'tempor.diam.dictum@tellusAeneanegestas.co.uk',545),
(546,'purus.sapien.gravida@orci.net',546),(547,'et.commodo@pharetra.edu',547),(548,'cursus@odioauctor.com',548),(549,'velit@Nunc.com',549),(550,'tristique.aliquet.Phasellus@imperdieterat.net',550),
(551,'in@Aliquamvulputateullamcorper.com',551),(552,'purus.accumsan.interdum@adipiscingnonluctus.co.uk',552),(553,'amet.faucibus.ut@cursusinhendrerit.co.uk',553),(554,'velit@orciluctuset.edu',554),(555,'euismod.in.dolor@lectusrutrumurna.com',555),
(556,'amet.consectetuer@adipiscingMauris.co.uk',556),(557,'ut.erat.Sed@dis.net',557),(558,'lacinia.Sed@nisi.edu',558),(559,'fringilla.porttitor@eros.net',559),(560,'primis.in@penatibusetmagnis.org',560),
(561,'lacus.varius.et@purusinmolestie.edu',561),(562,'Sed@mollis.org',562),(563,'Phasellus.fermentum.convallis@dictum.com',563),(564,'sociis@utcursus.net',564),(565,'fringilla@aliquetnecimperdiet.co.uk',565),
(566,'ante@magnisdis.edu',566),(567,'non@Donec.ca',567),(568,'scelerisque.neque.sed@ametorciUt.ca',568),(569,'sem.vitae.aliquam@etultrices.co.uk',569),(570,'dui.Fusce@sem.net',570),
(571,'mi@CurabiturmassaVestibulum.co.uk',571),(572,'ipsum.Suspendisse@convallisligula.com',572),(573,'eu@tellus.com',573),(574,'metus@rutrum.ca',574),(575,'velit@temporaugue.ca',575),
(576,'vitae.odio.sagittis@ultriciesligulaNullam.com',576),(577,'posuere@urna.edu',577),(578,'elit@natoque.org',578),(579,'faucibus@sedconsequat.edu',579),(580,'vulputate.risus@egestasSedpharetra.com',580),
(581,'sem.Pellentesque@lacusvarius.co.uk',581),(582,'gravida.molestie.arcu@sem.com',582),(583,'a@etmagnis.com',583),(584,'Fusce.fermentum.fermentum@et.net',584),(585,'nec.imperdiet@nonarcu.net',585),
(586,'orci.adipiscing@ametdapibusid.org',586),(587,'turpis@eleifendnuncrisus.net',587),(588,'erat.volutpat@aliquetodioEtiam.ca',588),(589,'Suspendisse@duiCraspellentesque.co.uk',589),(590,'eu@libero.ca',590),
(591,'scelerisque.mollis.Phasellus@pede.com',591),(592,'mollis.non@torquentperconubia.ca',592),(593,'dolor.vitae.dolor@auctor.org',593),(594,'Aliquam.vulputate.ullamcorper@enim.com',594),(595,'mattis.Integer.eu@temporerat.co.uk',595),
(596,'magnis.dis@vulputaterisusa.com',596),(597,'facilisis.Suspendisse.commodo@Suspendisse.edu',597),(598,'ullamcorper.magna@scelerisque.net',598),(599,'metus@commodoauctor.com',599),(600,'Praesent.eu@Maecenas.com',600),
(601,'amet@Aliquamtinciduntnunc.co.uk',601),(602,'risus.Duis.a@anteiaculis.com',602),(603,'egestas@maurisanunc.edu',603),(604,'et@eratnonummy.org',604),(605,'Cras.dictum@metusVivamus.org',605),
(606,'In@malesuada.ca',606),(607,'velit@Fuscefermentum.net',607),(608,'sed@sedsapienNunc.ca',608),(609,'id.ante.Nunc@ullamcorper.edu',609),(610,'a.malesuada@asollicitudinorci.com',610),
(611,'lobortis@ornareIn.ca',611),(612,'egestas@musProinvel.co.uk',612),(613,'ut@Phaselluselit.ca',613),(614,'Donec.egestas.Aliquam@Mauris.org',614),(615,'elit.dictum@augue.org',615),
(616,'quis.pede@vestibulum.org',616),(617,'odio.auctor@etultrices.org',617),(618,'nibh.Donec.est@venenatislacus.edu',618),(619,'Donec@montes.ca',619),(620,'Phasellus.dolor.elit@neceuismod.edu',620),
(621,'euismod.est.arcu@tellus.com',621),(622,'erat.eget.ipsum@ornarelectus.edu',622),(623,'a.magna.Lorem@vulputate.ca',623),(624,'ornare.tortor@Pellentesquehabitantmorbi.ca',624),(625,'Nullam.scelerisque@Nullamvelit.com',625),
(626,'ut@loremvehicula.com',626),(627,'ac@lacusQuisque.co.uk',627),(628,'lorem.luctus@estMauriseu.ca',628),(629,'pharetra.ut@cursuseteros.co.uk',629),(630,'montes.nascetur@temporbibendumDonec.edu',630),
(631,'vulputate@vitae.net',631),(632,'arcu.Vestibulum.ante@miAliquamgravida.com',632),(633,'egestas.rhoncus.Proin@eu.ca',633),(634,'lectus.quis@idmagnaet.edu',634),(635,'nascetur@massarutrum.edu',635),
(636,'Mauris.non.dui@iaculisquispede.net',636),(637,'volutpat@non.edu',637),(638,'lectus.ante.dictum@nasceturridiculusmus.co.uk',638),(639,'natoque@a.net',639),(640,'turpis.egestas@metus.net',640),
(641,'fringilla.est@pedemalesuadavel.edu',641),(642,'sed.pede.nec@Curabitur.ca',642),(643,'Duis.a.mi@Proinvel.com',643),(644,'pellentesque.a.facilisis@nulla.ca',644),(645,'mollis.non@mauriselitdictum.ca',645),
(646,'imperdiet.erat@sodalesnisi.edu',646),(647,'erat.Vivamus.nisi@neque.co.uk',647),(648,'Curabitur.consequat.lectus@quamPellentesque.co.uk',648),(649,'lorem.vitae.odio@estvitae.ca',649),(650,'luctus.et.ultrices@Quisquevarius.net',650),
(651,'volutpat.Nulla@acarcuNunc.co.uk',651),(652,'sagittis@massaVestibulum.ca',652),(653,'malesuada.id.erat@temporbibendum.org',653),(654,'rhoncus@etcommodo.edu',654),(655,'dolor@utsemNulla.ca',655),
(656,'Donec.feugiat@euismodestarcu.org',656),(657,'mollis.Integer.tincidunt@Nuncullamcorper.com',657),(658,'lobortis.ultrices.Vivamus@aliquetvelvulputate.ca',658),(659,'rutrum.urna@lorem.ca',659),(660,'nunc.Quisque@DonecegestasDuis.org',660),
(661,'nunc.est@etmagnis.edu',661),(662,'felis.Nulla.tempor@tellus.ca',662),(663,'eget.odio@Nam.org',663),(664,'enim@etpede.org',664),(665,'ac@bibendum.ca',665),
(666,'varius.Nam.porttitor@neque.ca',666),(667,'mattis@volutpatNulladignissim.com',667),(668,'parturient@Suspendisse.net',668),(669,'fermentum.metus@atvelit.edu',669),(670,'et.netus@ridiculusmus.net',670),
(671,'Duis.cursus.diam@Maurisvestibulum.ca',671),(672,'enim@ridiculusmus.net',672),(673,'facilisis.Suspendisse.commodo@elitNullafacilisi.org',673),(674,'non.hendrerit.id@acorciUt.org',674),(675,'tristique.aliquet@pede.edu',675),
(676,'Maecenas.iaculis.aliquet@Etiambibendum.org',676),(677,'ultricies@sagittisDuis.ca',677),(678,'molestie.tortor@ipsumsodalespurus.org',678),(679,'mi.ac@vitae.net',679),(680,'eu.enim.Etiam@quamquisdiam.com',680),
(681,'ligula.Donec.luctus@eratnonummyultricies.net',681),(682,'Maecenas.ornare.egestas@scelerisquemollis.net',682),(683,'elit.fermentum.risus@aliquet.co.uk',683),(684,'felis.adipiscing.fringilla@nequepellentesque.ca',684),(685,'Donec@maurisrhoncusid.net',685),
(686,'Vivamus.molestie@nullaIntincidunt.org',686),(687,'sem.Nulla@famesacturpis.co.uk',687),(688,'Morbi.metus@augue.net',688),(689,'consequat.auctor@Sed.org',689),(690,'lorem.luctus.ut@nibhDonec.ca',690),
(691,'iaculis@nec.ca',691),(692,'ligula@lobortis.ca',692),(693,'aliquet.Proin@VivamusnisiMauris.org',693),(694,'neque.vitae@Sedmalesuada.edu',694),(695,'tincidunt.neque.vitae@aceleifendvitae.net',695),
(696,'ante@dictumaugue.ca',696),(697,'sit.amet.ultricies@diamvel.edu',697),(698,'eu.enim.Etiam@DonecfringillaDonec.org',698),(699,'massa.Quisque@per.ca',699),(700,'vitae.aliquam@diameudolor.edu',700),
(701,'purus.ac@Sed.edu',701),(702,'in.consequat@mattisCraseget.ca',702),(703,'Vestibulum.ut@sagittisfelisDonec.edu',703),(704,'pede.sagittis@utnulla.edu',704),(705,'arcu.Vestibulum@mitemporlorem.ca',705),
(706,'tortor.dictum.eu@est.co.uk',706),(707,'faucibus.Morbi@elementumlorem.edu',707),(708,'odio@tellus.com',708),(709,'at.velit@justoeuarcu.co.uk',709),(710,'Nam.ligula@elitpellentesque.com',710),
(711,'sociis@lorem.net',711),(712,'at@vulputaterisusa.org',712),(713,'urna.Nunc@elit.co.uk',713),(714,'turpis.In.condimentum@Suspendissetristique.ca',714),(715,'ornare@facilisiSedneque.co.uk',715),
(716,'luctus.felis.purus@malesuadaaugueut.co.uk',716),(717,'penatibus@nequesed.co.uk',717),(718,'magna@vestibulum.edu',718),(719,'sagittis@inceptoshymenaeos.co.uk',719),(720,'turpis.non@Donecporttitor.com',720),
(721,'sit.amet.ornare@Integertincidunt.ca',721),(722,'rutrum.magna.Cras@hendreritconsectetuer.ca',722),(723,'est.ac.facilisis@mattis.net',723),(724,'Fusce@SuspendisseeleifendCras.com',724),(725,'nibh@sitametorci.com',725),
(726,'imperdiet.ornare@purusinmolestie.ca',726),(727,'at.fringilla@Nam.co.uk',727),(728,'amet@loremac.com',728),(729,'Phasellus@nequevenenatislacus.ca',729),(730,'mus.Donec.dignissim@urnajusto.net',730),
(731,'magna.sed@ullamcorpermagnaSed.ca',731),(732,'placerat@maurisaliquam.com',732),(733,'Suspendisse@euodioPhasellus.co.uk',733),(734,'Fusce.feugiat.Lorem@et.co.uk',734),(735,'Aliquam.erat.volutpat@congueturpisIn.co.uk',735),
(736,'mauris.Suspendisse@ultricesmaurisipsum.org',736),(737,'eget.tincidunt@imperdietornareIn.net',737),(738,'placerat.Cras.dictum@mifelis.net',738),(739,'Maecenas.mi@luctusCurabituregestas.net',739),(740,'malesuada.Integer@ipsum.ca',740),
(741,'leo.in@felis.net',741),(742,'nunc.risus@sit.com',742),(743,'erat@eget.ca',743),(744,'justo@loremloremluctus.com',744),(745,'iaculis.odio.Nam@Craseutellus.net',745),
(746,'fringilla.porttitor@ornare.edu',746),(747,'pede@Donec.net',747),(748,'fermentum.risus@Phasellusdolor.co.uk',748),(749,'ligula@Quisque.edu',749),(750,'diam.eu@temporeratneque.net',750),
(751,'varius@Duis.org',751),(752,'id.libero.Donec@scelerisquescelerisque.edu',752),(753,'eu.odio@pellentesque.org',753),(754,'mi.lacinia@nondapibus.ca',754),(755,'nulla.magna@ornareelit.org',755),
(756,'quam.Curabitur@dignissimlacus.org',756),(757,'mi.eleifend.egestas@lacus.com',757),(758,'urna.nec.luctus@sem.com',758),(759,'molestie.dapibus@quamelementumat.com',759),(760,'morbi@gravidasit.ca',760),
(761,'sed.sapien@lacusQuisqueimperdiet.edu',761),(762,'tellus.non@MaurisnullaInteger.co.uk',762),(763,'scelerisque.dui@eu.com',763),(764,'mi.Aliquam.gravida@Quisque.com',764),(765,'nec@lorem.net',765),
(766,'Praesent.eu.dui@at.com',766),(767,'Proin.velit.Sed@Quisqueimperdieterat.ca',767),(768,'luctus.et@accumsanlaoreet.co.uk',768),(769,'vitae.purus.gravida@idenim.org',769),(770,'amet@erategettincidunt.ca',770),
(771,'tincidunt.pede.ac@auctor.ca',771),(772,'arcu.Morbi.sit@auctorveliteget.net',772),(773,'posuere@est.net',773),(774,'erat.in@lectus.net',774),(775,'tellus.id.nunc@Etiamimperdietdictum.net',775),
(776,'ultrices.a@luctusfelis.net',776),(777,'auctor.Mauris@Nulla.co.uk',777),(778,'urna@Phaselluselit.co.uk',778),(779,'ante.iaculis.nec@condimentumDonec.com',779),(780,'Curabitur.dictum.Phasellus@gravida.ca',780),
(781,'Nunc.mauris@ipsum.com',781),(782,'ullamcorper@utmiDuis.ca',782),(783,'sagittis.augue.eu@Integerurna.com',783),(784,'velit.Aliquam.nisl@gravida.ca',784),(785,'eget.tincidunt.dui@consequat.com',785),
(786,'orci@anteMaecenas.ca',786),(787,'egestas.hendrerit.neque@nonummyipsum.org',787),(788,'mi.eleifend.egestas@aduiCras.org',788),(789,'Cras@Nuncsed.edu',789),(790,'Donec@ornareelitelit.co.uk',790),
(791,'Quisque.imperdiet.erat@maurisaliquameu.edu',791),(792,'mi@Phasellusdapibus.ca',792),(793,'nunc.est.mollis@Fuscemollis.org',793),(794,'sapien@eunibhvulputate.co.uk',794),(795,'ac@Crasvehicula.org',795),
(796,'Cras@magnaSuspendissetristique.org',796),(797,'vehicula.Pellentesque.tincidunt@Nam.co.uk',797),(798,'pretium.aliquet@ut.org',798),(799,'adipiscing@maurisSuspendisse.co.uk',799),(800,'egestas.Aliquam@loremsemperauctor.co.uk',800),
(801,'id.nunc@magnaUt.ca',801),(802,'rutrum.lorem.ac@vel.com',802),(803,'dui.nec@mauris.org',803),(804,'inceptos.hymenaeos@sitamet.com',804),(805,'conubia.nostra.per@bibendumDonec.com',805),
(806,'ultricies@enimMauris.net',806),(807,'tempus@vel.edu',807),(808,'ultrices.a@risusInmi.ca',808),(809,'tempor.bibendum@mollis.org',809),(810,'a@vestibulumneceuismod.org',810),
(811,'elit@hendreritid.net',811),(812,'Curabitur.massa.Vestibulum@idblanditat.org',812),(813,'pede.ultrices@interdumenim.ca',813),(814,'nascetur.ridiculus.mus@Proinvelnisl.org',814),(815,'eu.enim.Etiam@idenimCurabitur.edu',815),
(816,'et@Curabiturconsequatlectus.edu',816),(817,'odio@ategestas.com',817),(818,'sit@velnislQuisque.com',818),(819,'mauris.Suspendisse@lorem.co.uk',819),(820,'lacinia.mattis@aclibero.org',820),
(821,'iaculis@dolorsit.co.uk',821),(822,'amet.lorem@nonlaciniaat.edu',822),(823,'pede.Cras@sed.org',823),(824,'quis.diam@pedeCumsociis.co.uk',824),(825,'bibendum@anteblanditviverra.com',825),
(826,'dis.parturient@tortor.co.uk',826),(827,'ante@Mauris.ca',827),(828,'augue@eulacus.co.uk',828),(829,'dolor.Donec@Aeneaneuismod.co.uk',829),(830,'nisl.Nulla@aliquet.net',830),
(831,'lorem.semper@erategetipsum.edu',831),(832,'et@Maurisut.com',832),(833,'aptent.taciti@Duisatlacus.com',833),(834,'Donec.non.justo@eget.edu',834),(835,'Maecenas@sapiengravida.ca',835),
(836,'per.conubia@penatibuset.com',836),(837,'molestie@Proinultrices.net',837),(838,'mi@morbitristique.com',838),(839,'Duis@id.net',839),(840,'Nunc.ullamcorper@etmalesuadafames.com',840),
(841,'Lorem.ipsum@Donec.edu',841),(842,'rutrum@egestasnuncsed.org',842),(843,'dictum.eu@convalliserateget.edu',843),(844,'taciti.sociosqu.ad@Pellentesquehabitant.edu',844),(845,'ullamcorper@nisi.edu',845),
(846,'fames.ac@magna.co.uk',846),(847,'interdum.Sed.auctor@elit.net',847),(848,'metus@Fusce.co.uk',848),(849,'enim.Etiam@eutelluseu.com',849),(850,'magna.a@torquentperconubia.net',850),
(851,'ipsum.sodales@massa.ca',851),(852,'placerat.orci.lacus@Curabitur.edu',852),(853,'imperdiet.ornare@etliberoProin.edu',853),(854,'aliquam.adipiscing.lacus@dictumeueleifend.org',854),(855,'facilisis.eget@torquentperconubia.org',855),
(856,'Sed.nec.metus@auguescelerisque.ca',856),(857,'Vivamus@Nam.net',857),(858,'tempor.augue@vitaealiquameros.ca',858),(859,'Phasellus.ornare@facilisisnon.net',859),(860,'tempor@ultriciesdignissimlacus.net',860),
(861,'sapien.Aenean@natoquepenatibus.co.uk',861),(862,'sagittis@seddui.co.uk',862),(863,'nostra@metusIn.edu',863),(864,'lorem.sit@viverraMaecenasiaculis.ca',864),(865,'risus.Donec@dolorFuscemi.ca',865),
(866,'lacus@nectempusscelerisque.edu',866),(867,'neque.sed@Nullafacilisis.ca',867),(868,'nonummy.ac@leoelementumsem.co.uk',868),(869,'fermentum@sapienmolestieorci.org',869),(870,'volutpat@sem.edu',870),
(871,'vitae.erat.Vivamus@egetlaoreet.com',871),(872,'amet.lorem@Morbi.com',872),(873,'nibh.lacinia.orci@eu.co.uk',873),(874,'eget@gravidaPraesent.com',874),(875,'senectus.et.netus@diamProindolor.org',875),
(876,'ante@mollislectus.org',876),(877,'aliquam.arcu@bibendumfermentum.net',877),(878,'gravida@tincidunt.com',878),(879,'urna.Vivamus.molestie@adipiscingenimmi.com',879),(880,'arcu@fringillaeuismod.com',880),
(881,'lorem.ut.aliquam@Aliquamerat.edu',881),(882,'Aenean.massa@metus.ca',882),(883,'vel.vulputate@risusquis.ca',883),(884,'at.sem@diam.net',884),(885,'quam.Curabitur.vel@sem.com',885),
(886,'consectetuer.euismod.est@Sedmolestie.co.uk',886),(887,'ac.feugiat.non@Duisacarcu.com',887),(888,'malesuada.vel.convallis@NullamenimSed.edu',888),(889,'ut@ultriciesdignissim.ca',889),(890,'eu@sapienmolestieorci.com',890),
(891,'enim.mi@molestietellusAenean.edu',891),(892,'bibendum.Donec.felis@sitamet.co.uk',892),(893,'penatibus@nisiAenean.ca',893),(894,'ut.quam.vel@duinecurna.net',894),(895,'adipiscing.Mauris@orciUtsemper.org',895),
(896,'commodo.hendrerit@Phasellusdolorelit.edu',896),(897,'Integer.sem@loremeu.net',897),(898,'purus@rhoncusProinnisl.edu',898),(899,'Cum.sociis@Nulla.co.uk',899),(900,'Aliquam.adipiscing.lobortis@Duis.co.uk',900),
(901,'a.ultricies@Fuscediamnunc.com',901),(902,'nunc.est.mollis@massa.org',902),(903,'ipsum@eliterat.org',903),(904,'nisi@dolorelitpellentesque.net',904),(905,'cursus.non@vestibulumMauris.co.uk',905),
(906,'vitae.sodales@purusac.net',906),(907,'varius@urna.org',907),(908,'ridiculus.mus.Proin@necorciDonec.co.uk',908),(909,'In.ornare.sagittis@condimentumDonecat.co.uk',909),(910,'gravida@mauris.org',910),
(911,'nonummy@ultriciesadipiscingenim.com',911),(912,'Vivamus.nisi@lectusNullamsuscipit.net',912),(913,'lectus.Cum.sociis@necorci.net',913),(914,'erat@Nullaeget.co.uk',914),(915,'nec.euismod.in@semper.com',915),
(916,'amet.nulla.Donec@dolor.ca',916),(917,'enim@vulputaterisus.com',917),(918,'condimentum.eget.volutpat@commodo.ca',918),(919,'Proin@nibh.edu',919),(920,'vitae.odio.sagittis@ornareplacerat.org',920),
(921,'risus.Nulla@montesnascetur.org',921),(922,'semper.tellus@adipiscing.ca',922),(923,'malesuada.vel.convallis@lorem.edu',923),(924,'vehicula.et@ipsum.edu',924),(925,'purus@imperdietnecleo.edu',925),
(926,'sodales.elit@Donec.co.uk',926),(927,'vestibulum.neque@lectuspedeet.org',927),(928,'Ut.nec.urna@intempuseu.com',928),(929,'mauris@elementum.co.uk',929),(930,'rhoncus.Proin@Nuncmauriselit.edu',930),
(931,'et.lacinia.vitae@ut.co.uk',931),(932,'sociis.natoque@ac.org',932),(933,'ac.nulla.In@enimmitempor.ca',933),(934,'vulputate.nisi.sem@libero.com',934),(935,'parturient@arcu.com',935),
(936,'ornare.tortor.at@Nullam.ca',936),(937,'Quisque@Quisqueporttitor.edu',937),(938,'leo@etlaciniavitae.org',938),(939,'mollis.Phasellus.libero@vitaedolorDonec.edu',939),(940,'vestibulum@Maurisblanditenim.com',940),
(941,'ipsum.primis.in@dolorsitamet.ca',941),(942,'at.auctor.ullamcorper@ultricessitamet.edu',942),(943,'elementum.purus.accumsan@nuncnullavulputate.net',943),(944,'eu.placerat.eget@Curae.com',944),(945,'parturient.montes@molestiepharetranibh.org',945),
(946,'Cras.sed@molestiedapibusligula.edu',946),(947,'gravida.Aliquam.tincidunt@amet.edu',947),(948,'felis.ullamcorper@aliquetlobortis.com',948),(949,'mus.Aenean.eget@sapien.ca',949),(950,'Quisque.imperdiet@dolor.org',950),
(951,'lectus.sit@augue.org',951),(952,'lacinia.orci.consectetuer@nondapibusrutrum.edu',952),(953,'gravida@Innec.ca',953),(954,'Aenean.egestas.hendrerit@mattis.com',954),(955,'porttitor.tellus@convallisantelectus.ca',955),
(956,'elementum.lorem@pede.com',956),(957,'mattis.ornare@lobortis.ca',957),(958,'malesuada.vel.convallis@vulputate.net',958),(959,'convallis.erat.eget@ultriciesadipiscingenim.ca',959),(960,'orci.Ut.semper@ametnulla.org',960),
(961,'consectetuer.mauris@Donecsollicitudinadipiscing.co.uk',961),(962,'Duis.dignissim@tortor.net',962),(963,'eget.lacus.Mauris@ligulaAenean.edu',963),(964,'eget@egetvolutpat.net',964),(965,'vulputate.risus@telluseuaugue.co.uk',965),
(966,'nec@mattisCras.edu',966),(967,'nisi.Cum.sociis@tristiquepellentesquetellus.co.uk',967),(968,'libero.Proin@nonmassanon.co.uk',968),(969,'quis.urna.Nunc@fermentumrisusat.edu',969),(970,'Suspendisse@mollisPhaselluslibero.com',970),
(971,'lorem.auctor.quis@ultriciesligulaNullam.net',971),(972,'tincidunt.adipiscing@laciniamattisInteger.ca',972),(973,'amet.orci.Ut@ipsumnonarcu.edu',973),(974,'lorem@inhendrerit.org',974),(975,'dui.nec@magnaetipsum.ca',975),
(976,'Duis.elementum@noncursusnon.com',976),(977,'at.fringilla@ipsumnonarcu.com',977),(978,'ligula.tortor@Aeneansedpede.net',978),(979,'laoreet@tincidunt.org',979),(980,'enim.mi.tempor@etmagnisdis.ca',980),
(981,'lobortis@mauris.net',981),(982,'mauris.erat@duiSuspendisse.co.uk',982),(983,'consequat.auctor.nunc@Maecenasiaculis.com',983),(984,'feugiat.Sed@semperet.co.uk',984),(985,'netus.et@mi.ca',985),
(986,'velit.Cras@Sed.co.uk',986),(987,'mi@dictumeuplacerat.net',987),(988,'dapibus.ligula.Aliquam@Integer.ca',988),(989,'eleifend.Cras.sed@sed.edu',989),(990,'nunc.sed.libero@Donecegestas.com',990),
(991,'vitae.erat.Vivamus@a.net',991),(992,'Morbi.sit.amet@Nullafacilisis.edu',992),(993,'ipsum@Etiamlaoreet.co.uk',993),(994,'turpis@nonquam.ca',994),(995,'Morbi.metus@primis.co.uk',995),
(996,'Ut.nec@ornare.co.uk',996),(997,'sociis.natoque.penatibus@afacilisisnon.net',997),(998,'egestas.Sed@cursus.org',998),(999,'rhoncus@pedeac.com',999),(1000,'nisl.Nulla.eu@luctuslobortisClass.ca',1000);

--membresia--17
INSERT INTO membresia (id_membresia,ini_vig,activo,id_cliente,id_ctipomembresia)
VALUES (1,'31/08/2020',false,1,3),(2,'14/05/2020',false,2,3),
(3,'12/03/2020',true,3,3),(4,'15/10/2020',true,4,2),
(5,'23/04/2020',false,5,3),(6,'06/09/2020',true,6,3),
(7,'12/01/2020',false,7,2),(8,'16/12/2020',true,8,1),
(9,'02/06/2020',false,9,3),(10,'18/11/2020',false,10,3),
(11,'10/03/2020',false,11,2),(12,'23/10/2020',true,12,2),
(13,'12/01/2020',false,13,2),(14,'13/03/2020',false,14,3),
(15,'21/12/2020',false,15,1),(16,'01/09/2020',false,16,1),
(17,'16/05/2020',false,17,3),(18,'10/12/2020',false,18,1),
(19,'22/04/2020',false,19,2),(20,'04/09/2020',false,20,1),
(21,'06/12/2020',true,21,3),(22,'23/08/2020',false,22,1),
(23,'15/02/2020',false,23,3),(24,'02/07/2020',false,24,1),
(25,'02/02/2020',true,25,1),(26,'18/11/2020',false,26,3),
(27,'11/01/2020',true,27,1),(28,'16/08/2020',true,28,2),
(29,'16/06/2020',false,29,3),(30,'23/02/2020',true,30,3),
(31,'03/04/2020',false,31,2),(32,'23/03/2020',true,32,2),
(33,'09/06/2020',false,33,3),(34,'01/07/2020',true,34,3),
(35,'01/02/2020',true,35,3),(36,'26/05/2020',false,36,1),
(37,'08/07/2020',true,37,3),(38,'02/10/2020',false,38,2),
(39,'01/08/2020',true,39,2),(40,'10/05/2020',true,40,1),
(41,'06/01/2020',true,41,1),(42,'25/11/2020',false,42,2),
(43,'04/04/2020',false,43,1),(44,'07/07/2020',false,44,3),
(45,'09/03/2020',false,45,1),(46,'11/04/2020',true,46,3),
(47,'11/06/2020',false,47,3),(48,'04/12/2020',true,48,1),
(49,'06/01/2020',false,49,2),(50,'26/05/2020',true,50,1),
(51,'10/12/2020',true,51,1),(52,'27/10/2020',true,52,1),
(53,'13/01/2020',true,53,1),(54,'30/11/2020',true,54,2),
(55,'15/09/2020',true,55,3),(56,'29/01/2020',false,56,2),
(57,'10/11/2020',false,57,2),(58,'03/04/2020',true,58,2),
(59,'20/05/2020',true,59,1),(60,'07/10/2020',false,60,3),
(61,'29/05/2020',false,61,3),(62,'30/09/2020',true,62,2),
(63,'09/03/2020',true,63,3),(64,'07/11/2020',true,64,1),
(65,'10/06/2020',false,65,3),(66,'26/09/2020',false,66,1),
(67,'31/05/2020',true,67,3),(68,'28/08/2020',false,68,3),
(69,'22/03/2020',true,69,3),(70,'18/06/2020',false,70,2),
(71,'26/06/2020',true,71,2),(72,'05/11/2020',true,72,1),
(73,'05/02/2020',false,73,1),(74,'05/12/2020',true,74,3),
(75,'28/01/2020',true,75,3),(76,'27/09/2020',false,76,3),
(77,'31/03/2020',true,77,1),(78,'03/07/2020',false,78,3),
(79,'26/04/2020',true,79,2),(80,'21/12/2020',false,80,3),
(81,'29/11/2020',true,81,1),(82,'28/03/2020',false,82,1),
(83,'23/01/2020',false,83,3),(84,'25/07/2020',true,84,2),
(85,'21/01/2020',true,85,3),(86,'09/10/2020',false,86,2),
(87,'08/10/2020',false,87,1),(88,'04/03/2020',true,88,3),
(89,'01/06/2020',true,89,3),(90,'10/07/2020',true,90,1),
(91,'01/05/2020',true,91,1),(92,'12/07/2020',false,92,2),
(93,'09/03/2020',false,93,1),(94,'30/04/2020',true,94,2),
(95,'29/08/2020',false,95,2),(96,'21/05/2020',true,96,1),
(97,'10/08/2020',true,97,3),(98,'27/07/2020',true,98,1),
(99,'23/01/2020',true,99,1),(100,'09/08/2020',true,100,2),
(101,'11/05/2020',false,101,3),(102,'30/03/2020',true,102,3),
(103,'02/01/2020',false,103,1),(104,'26/08/2020',true,104,2),
(105,'05/10/2020',false,105,1),(106,'21/08/2020',true,106,3),
(107,'23/02/2020',true,107,1),(108,'11/12/2020',false,108,3),
(109,'18/06/2020',true,109,1),(110,'19/10/2020',false,110,1),
(111,'20/05/2020',false,111,2),(112,'25/07/2020',true,112,3),
(113,'24/06/2020',true,113,1),(114,'09/03/2020',true,114,2),
(115,'13/08/2020',false,115,1),(116,'22/06/2020',true,116,2),
(117,'19/08/2020',false,117,2),(118,'08/08/2020',false,118,2),
(119,'26/08/2020',false,119,1),(120,'15/12/2020',true,120,2),
(121,'09/05/2020',true,121,1),(122,'02/10/2020',true,122,1),
(123,'26/04/2020',true,123,2),(124,'25/03/2020',false,124,2),
(125,'09/12/2020',false,125,2),(126,'05/05/2020',false,126,3),
(127,'01/04/2020',false,127,1),(128,'27/02/2020',false,128,2),
(129,'25/05/2020',false,129,3),(130,'23/07/2020',true,130,1),
(131,'04/04/2020',false,131,2),(132,'25/11/2020',true,132,3),
(133,'21/05/2020',true,133,2),(134,'24/03/2020',true,134,2),
(135,'13/03/2020',true,135,1),(136,'31/10/2020',true,136,2),
(137,'21/11/2020',false,137,1),(138,'07/03/2020',false,138,3),
(139,'18/11/2020',false,139,1),(140,'08/03/2020',true,140,2),
(141,'20/07/2020',true,141,2),(142,'12/07/2020',true,142,1),
(143,'20/10/2020',true,143,1),(144,'12/10/2020',false,144,2),
(145,'05/11/2020',true,145,3),(146,'06/12/2020',true,146,1),
(147,'21/10/2020',true,147,1),(148,'01/08/2020',true,148,3),
(149,'25/03/2020',false,149,1),(150,'04/10/2020',true,150,2),
(151,'05/01/2020',false,151,1),(152,'19/05/2020',true,152,3),
(153,'06/04/2020',false,153,2),(154,'03/08/2020',false,154,1),
(155,'11/05/2020',true,155,3),(156,'06/11/2020',false,156,3),
(157,'18/05/2020',false,157,2),(158,'05/07/2020',false,158,2),
(159,'07/05/2020',true,159,3),(160,'17/06/2020',false,160,2),
(161,'28/02/2020',false,161,1),(162,'13/12/2020',false,162,3),
(163,'12/10/2020',false,163,1),(164,'05/08/2020',false,164,1),
(165,'10/05/2020',false,165,3),(166,'13/12/2020',true,166,1),
(167,'03/01/2020',false,167,3),(168,'18/04/2020',true,168,2),
(169,'17/07/2020',false,169,1),(170,'03/11/2020',true,170,3),
(171,'18/05/2020',true,171,3),(172,'14/08/2020',true,172,1),
(173,'25/08/2020',true,173,1),(174,'04/06/2020',false,174,1),
(175,'29/03/2020',true,175,1),(176,'11/10/2020',true,176,2),
(177,'18/08/2020',false,177,1),(178,'08/03/2020',false,178,3),
(179,'05/10/2020',true,179,3),(180,'17/04/2020',false,180,3),
(181,'20/03/2020',true,181,2),(182,'20/03/2020',true,182,3),
(183,'18/05/2020',false,183,3),(184,'03/05/2020',false,184,3),
(185,'23/11/2020',true,185,2),(186,'16/05/2020',true,186,3),
(187,'21/01/2020',true,187,1),(188,'23/01/2020',false,188,2),
(189,'01/08/2020',true,189,1),(190,'11/01/2020',false,190,2),
(191,'25/04/2020',false,191,2),(192,'10/10/2020',true,192,1),
(193,'13/04/2020',true,193,1),(194,'11/04/2020',true,194,1),
(195,'09/01/2020',true,195,1),(196,'26/04/2020',true,196,1),
(197,'27/02/2020',true,197,1),(198,'30/08/2020',false,198,2),
(199,'20/10/2020',false,199,2),(200,'17/07/2020',true,200,1),
(201,'11/10/2020',false,201,3),(202,'22/08/2020',true,202,1),
(203,'12/03/2020',false,203,1),(204,'01/04/2020',false,204,2),
(205,'11/12/2020',true,205,2),(206,'10/01/2020',false,206,3),
(207,'20/09/2020',true,207,2),(208,'08/10/2020',true,208,2),
(209,'22/10/2020',true,209,2),(210,'16/12/2020',true,210,3),
(211,'21/05/2020',false,211,2),(212,'16/02/2020',false,212,1),
(213,'25/05/2020',false,213,3),(214,'30/06/2020',false,214,2),
(215,'10/03/2020',false,215,2),(216,'02/03/2020',false,216,1),
(217,'17/12/2020',false,217,1),(218,'31/10/2020',false,218,3),
(219,'01/05/2020',true,219,3),(220,'09/02/2020',true,220,3),
(221,'26/12/2020',true,221,3),(222,'07/07/2020',true,222,2),
(223,'02/12/2020',false,223,3),(224,'22/10/2020',true,224,2),
(225,'31/05/2020',true,225,2),(226,'14/10/2020',true,226,2),
(227,'22/09/2020',true,227,3),(228,'21/05/2020',true,228,3),
(229,'25/01/2020',false,229,3),(230,'25/05/2020',true,230,1),
(231,'23/11/2020',false,231,3),(232,'01/02/2020',true,232,2),
(233,'02/10/2020',true,233,2),(234,'26/03/2020',false,234,2),
(235,'26/01/2020',true,235,2),(236,'12/09/2020',true,236,1),
(237,'18/02/2020',false,237,1),(238,'16/09/2020',false,238,2),
(239,'13/11/2020',false,239,2),(240,'28/03/2020',false,240,3),
(241,'18/03/2020',false,241,3),(242,'15/05/2020',false,242,2),
(243,'13/05/2020',false,243,3),(244,'12/06/2020',false,244,1),
(245,'30/07/2020',false,245,1),(246,'30/04/2020',true,246,1),
(247,'23/12/2020',false,247,1),(248,'02/04/2020',false,248,1),
(249,'15/12/2020',false,249,2),(250,'10/05/2020',false,250,2),
(251,'10/12/2020',true,251,3),(252,'01/02/2020',true,252,2),
(253,'04/12/2020',true,253,1),(254,'02/02/2020',false,254,1),
(255,'17/07/2020',false,255,3),(256,'12/10/2020',false,256,3),
(257,'07/11/2020',true,257,1),(258,'28/12/2020',true,258,3),
(259,'07/12/2020',false,259,1),(260,'05/01/2020',false,260,1),
(261,'26/07/2020',false,261,1),(262,'23/08/2020',false,262,3),
(263,'08/06/2020',true,263,1),(264,'16/07/2020',false,264,3),
(265,'20/07/2020',false,265,3),(266,'23/05/2020',false,266,3),
(267,'25/03/2020',true,267,3),(268,'13/07/2020',false,268,2),
(269,'13/02/2020',false,269,1),(270,'30/06/2020',false,270,1),
(271,'21/08/2020',true,271,1),(272,'10/02/2020',true,272,3),
(273,'14/08/2020',true,273,1),(274,'05/07/2020',true,274,1),
(275,'03/09/2020',true,275,2),(276,'02/08/2020',true,276,3),
(277,'28/03/2020',true,277,2),(278,'07/03/2020',true,278,1),
(279,'29/03/2020',true,279,1),(280,'05/08/2020',true,280,2),
(281,'02/11/2020',true,281,1),(282,'04/04/2020',false,282,2),
(283,'21/11/2020',true,283,1),(284,'13/10/2020',false,284,3),
(285,'24/12/2020',true,285,2),(286,'22/05/2020',true,286,2),
(287,'31/12/2020',false,287,3),(288,'12/03/2020',true,288,2),
(289,'10/01/2020',false,289,1),(290,'02/11/2020',false,290,2),
(291,'27/01/2020',true,291,3),(292,'03/04/2020',false,292,1),
(293,'04/06/2020',false,293,3),(294,'17/09/2020',true,294,1),
(295,'15/04/2020',true,295,1),(296,'19/12/2020',true,296,2),
(297,'03/09/2020',true,297,2),(298,'04/10/2020',true,298,3),
(299,'29/12/2020',true,299,1),(300,'22/01/2020',true,300,2),
(301,'02/12/2020',true,301,1),(302,'20/02/2020',true,302,1),
(303,'02/12/2020',true,303,3),(304,'29/08/2020',true,304,3),
(305,'15/05/2020',true,305,2),(306,'13/06/2020',false,306,2),
(307,'26/03/2020',true,307,1),(308,'06/07/2020',false,308,2),
(309,'05/06/2020',false,309,1),(310,'09/01/2020',true,310,3),
(311,'16/12/2020',false,311,1),(312,'24/09/2020',false,312,2),
(313,'13/09/2020',true,313,2),(314,'24/11/2020',true,314,1),
(315,'17/11/2020',false,315,2),(316,'14/03/2020',true,316,2),
(317,'21/12/2020',false,317,2),(318,'14/11/2020',true,318,1),
(319,'29/09/2020',false,319,2),(320,'30/04/2020',false,320,1),
(321,'26/10/2020',true,321,2),(322,'03/07/2020',true,322,2),
(323,'06/11/2020',true,323,2),(324,'27/04/2020',false,324,3),
(325,'09/02/2020',false,325,3),(326,'24/06/2020',true,326,1),
(327,'07/11/2020',false,327,1),(328,'15/06/2020',true,328,1),
(329,'17/01/2020',true,329,3),(330,'09/09/2020',false,330,3),
(331,'27/08/2020',false,331,1),(332,'07/01/2020',true,332,1),
(333,'09/12/2020',false,333,3),(334,'28/09/2020',false,334,2),
(335,'14/09/2020',true,335,2),(336,'16/10/2020',true,336,1),
(337,'26/08/2020',true,337,1),(338,'23/08/2020',false,338,2),
(339,'22/08/2020',false,339,1),(340,'29/01/2020',false,340,1),
(341,'17/03/2020',false,341,2),(342,'30/09/2020',false,342,2),
(343,'04/11/2020',true,343,1),(344,'02/10/2020',true,344,2),
(345,'19/02/2020',false,345,2),(346,'10/07/2020',true,346,2),
(347,'28/06/2020',true,347,1),(348,'04/02/2020',true,348,3),
(349,'03/04/2020',true,349,1),(350,'11/02/2020',false,350,2),
(351,'16/02/2020',true,351,3),(352,'23/07/2020',false,352,2),
(353,'29/11/2020',true,353,1),(354,'07/02/2020',false,354,2),
(355,'14/06/2020',false,355,2),(356,'24/05/2020',false,356,2),
(357,'10/07/2020',false,357,3),(358,'20/04/2020',false,358,1),
(359,'08/11/2020',false,359,1),(360,'23/06/2020',false,360,2),
(361,'01/05/2020',true,361,2),(362,'02/12/2020',false,362,3),
(363,'15/04/2020',true,363,3),(364,'03/01/2020',false,364,1),
(365,'04/05/2020',true,365,1),(366,'21/05/2020',true,366,2),
(367,'10/03/2020',false,367,1),(368,'18/01/2020',true,368,2),
(369,'18/04/2020',true,369,3),(370,'02/02/2020',true,370,1),
(371,'05/11/2020',false,371,2),(372,'18/12/2020',false,372,3),
(373,'02/03/2020',true,373,3),(374,'01/11/2020',false,374,3),
(375,'02/07/2020',true,375,2),(376,'08/09/2020',true,376,2),
(377,'25/04/2020',false,377,2),(378,'09/07/2020',false,378,1),
(379,'30/10/2020',false,379,3),(380,'12/08/2020',false,380,3),
(381,'03/07/2020',false,381,1),(382,'14/10/2020',true,382,3),
(383,'24/10/2020',false,383,1),(384,'13/04/2020',false,384,2),
(385,'29/11/2020',true,385,3),(386,'02/08/2020',true,386,2),
(387,'06/09/2020',true,387,2),(388,'26/05/2020',true,388,2),
(389,'05/07/2020',false,389,3),(390,'08/12/2020',false,390,2),
(391,'07/11/2020',false,391,1),(392,'16/10/2020',false,392,2),
(393,'23/07/2020',true,393,1),(394,'05/10/2020',true,394,3),
(395,'10/01/2020',false,395,2),(396,'24/03/2020',false,396,1),
(397,'29/11/2020',false,397,2),(398,'26/11/2020',true,398,3),
(399,'18/06/2020',false,399,3),(400,'16/02/2020',true,400,1),
(401,'02/01/2020',true,401,2),(402,'02/12/2020',false,402,2),
(403,'13/10/2020',true,403,1),(404,'21/03/2020',true,404,2),
(405,'25/07/2020',true,405,2),(406,'13/06/2020',false,406,3),
(407,'02/11/2020',true,407,1),(408,'23/04/2020',true,408,2),
(409,'12/02/2020',false,409,1),(410,'03/04/2020',true,410,3),
(411,'12/01/2020',false,411,2),(412,'01/09/2020',false,412,2),
(413,'01/09/2020',true,413,3),(414,'08/10/2020',false,414,2),
(415,'20/07/2020',true,415,3),(416,'26/06/2020',false,416,3),
(417,'01/05/2020',true,417,2),(418,'13/12/2020',false,418,2),
(419,'26/04/2020',true,419,3),(420,'26/09/2020',true,420,3),
(421,'13/06/2020',true,421,1),(422,'17/10/2020',true,422,3),
(423,'14/12/2020',true,423,1),(424,'02/10/2020',true,424,1),
(425,'08/07/2020',true,425,3),(426,'28/07/2020',false,426,1),
(427,'27/02/2020',false,427,2),(428,'04/05/2020',false,428,3),
(429,'11/03/2020',true,429,2),(430,'15/07/2020',false,430,3),
(431,'29/09/2020',true,431,3),(432,'20/07/2020',true,432,2),
(433,'13/03/2020',false,433,1),(434,'07/10/2020',false,434,2),
(435,'17/02/2020',false,435,2),(436,'11/01/2020',true,436,1),
(437,'24/06/2020',false,437,3),(438,'06/02/2020',true,438,3),
(439,'04/03/2020',false,439,1),(440,'24/05/2020',false,440,3),
(441,'21/04/2020',false,441,2),(442,'06/07/2020',true,442,3),
(443,'11/05/2020',false,443,1),(444,'21/09/2020',false,444,3),
(445,'14/01/2020',false,445,3),(446,'17/06/2020',false,446,2),
(447,'08/05/2020',false,447,3),(448,'20/06/2020',true,448,3),
(449,'03/06/2020',true,449,1),(450,'15/02/2020',true,450,1),
(451,'29/07/2020',true,451,2),(452,'14/03/2020',false,452,3),
(453,'05/11/2020',true,453,1),(454,'11/08/2020',true,454,3),
(455,'25/02/2020',false,455,1),(456,'13/01/2020',false,456,1),
(457,'07/01/2020',false,457,3),(458,'04/01/2020',false,458,1),
(459,'30/06/2020',false,459,1),(460,'01/07/2020',true,460,1),
(461,'31/05/2020',false,461,3),(462,'28/02/2020',false,462,1),
(463,'26/08/2020',true,463,3),(464,'20/10/2020',false,464,3),
(465,'30/07/2020',true,465,3),(466,'22/01/2020',false,466,3),
(467,'14/05/2020',true,467,3),(468,'14/10/2020',true,468,1),
(469,'22/08/2020',false,469,3),(470,'05/01/2020',false,470,1),
(471,'26/05/2020',true,471,2),(472,'08/02/2020',true,472,1),
(473,'14/03/2020',false,473,3),(474,'28/02/2020',true,474,2),
(475,'10/02/2020',false,475,2),(476,'05/05/2020',false,476,3),
(477,'07/01/2020',true,477,2),(478,'09/02/2020',false,478,2),
(479,'28/08/2020',false,479,2),(480,'10/09/2020',false,480,2),
(481,'21/10/2020',true,481,3),(482,'06/02/2020',true,482,2),
(483,'20/06/2020',true,483,1),(484,'21/07/2020',true,484,2),
(485,'21/12/2020',false,485,3),(486,'05/10/2020',false,486,2),
(487,'20/09/2020',false,487,1),(488,'03/04/2020',true,488,1),
(489,'02/05/2020',false,489,1),(490,'19/09/2020',true,490,2),
(491,'03/10/2020',true,491,1),(492,'29/12/2020',false,492,1),
(493,'09/04/2020',true,493,1),(494,'12/09/2020',true,494,2),
(495,'08/05/2020',true,495,2),(496,'06/06/2020',false,496,1),
(497,'12/02/2020',false,497,1),(498,'13/01/2020',true,498,2),
(499,'04/06/2020',true,499,3),(500,'12/09/2020',true,500,1),
(501,'11/11/2020',true,501,1),(502,'16/10/2020',false,502,3),
(503,'10/09/2020',true,503,3),(504,'20/08/2020',true,504,2),
(505,'18/01/2020',true,505,2),(506,'22/04/2020',true,506,3),
(507,'24/06/2020',false,507,3),(508,'02/01/2020',false,508,2),
(509,'08/02/2020',false,509,2),(510,'28/09/2020',true,510,1),
(511,'10/06/2020',true,511,3),(512,'18/06/2020',false,512,3),
(513,'15/12/2020',false,513,2),(514,'20/03/2020',true,514,3),
(515,'25/07/2020',true,515,2),(516,'11/02/2020',false,516,2),
(517,'10/10/2020',false,517,1),(518,'10/09/2020',false,518,1),
(519,'04/11/2020',false,519,3),(520,'23/01/2020',false,520,2),
(521,'19/12/2020',true,521,3),(522,'27/06/2020',false,522,3),
(523,'15/03/2020',false,523,2),(524,'09/06/2020',false,524,1),
(525,'05/01/2020',false,525,2),(526,'21/12/2020',true,526,1),
(527,'07/05/2020',false,527,3),(528,'31/10/2020',true,528,1),
(529,'13/02/2020',false,529,3),(530,'18/02/2020',false,530,1),
(531,'20/01/2020',false,531,3),(532,'21/01/2020',true,532,2),
(533,'10/05/2020',true,533,1),(534,'30/01/2020',false,534,1),
(535,'13/01/2020',true,535,1),(536,'22/10/2020',true,536,1),
(537,'13/09/2020',false,537,3),(538,'28/08/2020',false,538,2),
(539,'05/11/2020',true,539,1),(540,'05/03/2020',false,540,3),
(541,'24/02/2020',true,541,1),(542,'16/01/2020',false,542,1),
(543,'17/07/2020',false,543,1),(544,'18/02/2020',false,544,1),
(545,'29/10/2020',true,545,1),(546,'31/08/2020',false,546,1),
(547,'24/01/2020',true,547,1),(548,'02/05/2020',false,548,2),
(549,'25/10/2020',true,549,2),(550,'06/11/2020',true,550,1),
(551,'26/02/2020',true,551,2),(552,'20/02/2020',true,552,1),
(553,'23/07/2020',true,553,3),(554,'15/12/2020',true,554,2),
(555,'22/02/2020',false,555,2),(556,'22/03/2020',false,556,1),
(557,'03/03/2020',false,557,1),(558,'30/10/2020',true,558,1),
(559,'24/12/2020',true,559,3),(560,'10/08/2020',false,560,1),
(561,'26/11/2020',true,561,2),(562,'22/06/2020',true,562,2),
(563,'24/08/2020',true,563,2),(564,'14/06/2020',true,564,3),
(565,'03/12/2020',true,565,2),(566,'28/09/2020',false,566,2),
(567,'05/04/2020',false,567,1),(568,'26/10/2020',false,568,3),
(569,'29/03/2020',false,569,2),(570,'03/01/2020',true,570,1),
(571,'25/04/2020',false,571,3),(572,'29/05/2020',true,572,2),
(573,'09/09/2020',false,573,1),(574,'15/06/2020',true,574,1),
(575,'13/01/2020',true,575,2),(576,'08/06/2020',false,576,2),
(577,'18/11/2020',false,577,2),(578,'23/11/2020',true,578,1),
(579,'24/08/2020',false,579,2),(580,'17/10/2020',true,580,3),
(581,'03/09/2020',false,581,2),(582,'24/04/2020',false,582,3),
(583,'11/05/2020',false,583,2),(584,'10/04/2020',true,584,1),
(585,'15/12/2020',false,585,2),(586,'02/08/2020',false,586,1),
(587,'16/06/2020',false,587,1),(588,'22/11/2020',true,588,3),
(589,'09/03/2020',false,589,3),(590,'12/10/2020',false,590,1),
(591,'29/01/2020',false,591,2),(592,'03/07/2020',false,592,2),
(593,'28/11/2020',true,593,2),(594,'18/08/2020',true,594,1),
(595,'23/04/2020',true,595,3),(596,'13/01/2020',false,596,3),
(597,'30/12/2020',true,597,3),(598,'23/10/2020',true,598,1),
(599,'11/03/2020',false,599,2),(600,'23/09/2020',false,600,3),
(601,'28/12/2020',true,601,2),(602,'29/01/2020',true,602,3),
(603,'04/03/2020',false,603,2),(604,'17/05/2020',false,604,1),
(605,'15/07/2020',true,605,3),(606,'22/08/2020',false,606,2),
(607,'25/08/2020',false,607,3),(608,'20/04/2020',true,608,3),
(609,'09/08/2020',false,609,3),(610,'18/08/2020',true,610,2),
(611,'13/12/2020',false,611,1),(612,'25/05/2020',false,612,1),
(613,'06/07/2020',true,613,1),(614,'27/05/2020',false,614,3),
(615,'07/05/2020',false,615,1),(616,'14/10/2020',false,616,2),
(617,'16/12/2020',false,617,2),(618,'06/10/2020',true,618,1),
(619,'15/01/2020',true,619,1),(620,'06/06/2020',true,620,2),
(621,'03/12/2020',false,621,2),(622,'06/06/2020',false,622,3),
(623,'08/01/2020',false,623,1),(624,'07/04/2020',true,624,3),
(625,'15/04/2020',true,625,1),(626,'09/07/2020',true,626,2),
(627,'03/10/2020',true,627,2),(628,'16/07/2020',true,628,1),
(629,'09/01/2020',true,629,2),(630,'02/03/2020',true,630,3),
(631,'03/11/2020',false,631,1),(632,'29/02/2020',false,632,1),
(633,'08/08/2020',false,633,3),(634,'15/08/2020',false,634,1),
(635,'18/10/2020',true,635,2),(636,'13/05/2020',false,636,3),
(637,'27/11/2020',false,637,3),(638,'09/09/2020',false,638,2),
(639,'26/06/2020',true,639,2),(640,'29/06/2020',true,640,3),
(641,'18/04/2020',false,641,3),(642,'01/03/2020',false,642,3),
(643,'12/12/2020',false,643,2),(644,'01/09/2020',true,644,3),
(645,'06/01/2020',false,645,1),(646,'12/04/2020',false,646,1),
(647,'17/01/2020',false,647,3),(648,'14/05/2020',true,648,3),
(649,'16/06/2020',true,649,3),(650,'11/03/2020',true,650,1),
(651,'21/09/2020',true,651,3),(652,'27/05/2020',true,652,2),
(653,'11/04/2020',false,653,1),(654,'07/11/2020',true,654,3),
(655,'14/05/2020',false,655,1),(656,'09/03/2020',true,656,2),
(657,'22/03/2020',false,657,1),(658,'01/06/2020',true,658,1),
(659,'08/12/2020',true,659,1),(660,'04/07/2020',true,660,1),
(661,'06/03/2020',true,661,2),(662,'12/06/2020',false,662,3),
(663,'06/04/2020',false,663,3),(664,'28/03/2020',true,664,1),
(665,'29/10/2020',false,665,2),(666,'05/07/2020',true,666,2),
(667,'04/01/2020',true,667,2),(668,'01/08/2020',false,668,3),
(669,'30/08/2020',false,669,2),(670,'08/08/2020',false,670,3),
(671,'06/09/2020',true,671,1),(672,'18/01/2020',true,672,3),
(673,'21/10/2020',true,673,1),(674,'21/04/2020',true,674,1),
(675,'14/08/2020',true,675,3),(676,'09/02/2020',true,676,2),
(677,'11/04/2020',false,677,3),(678,'06/06/2020',false,678,2),
(679,'18/06/2020',true,679,2),(680,'18/12/2020',false,680,3),
(681,'28/06/2020',true,681,3),(682,'08/07/2020',true,682,3),
(683,'31/03/2020',true,683,1),(684,'12/06/2020',true,684,3),
(685,'07/03/2020',true,685,3),(686,'27/10/2020',true,686,1),
(687,'24/08/2020',false,687,3),(688,'19/11/2020',true,688,3),
(689,'10/04/2020',false,689,1),(690,'27/11/2020',false,690,3),
(691,'22/07/2020',false,691,3),(692,'06/02/2020',false,692,2),
(693,'09/08/2020',true,693,3),(694,'25/12/2020',false,694,1),
(695,'29/09/2020',false,695,2),(696,'09/08/2020',false,696,1),
(697,'03/09/2020',true,697,3),(698,'16/12/2020',true,698,2),
(699,'07/08/2020',true,699,3),(700,'31/12/2020',false,700,1),
(701,'03/04/2020',false,701,2),(702,'10/07/2020',true,702,2),
(703,'06/01/2020',false,703,1),(704,'16/11/2020',true,704,3),
(705,'12/08/2020',true,705,3),(706,'03/10/2020',false,706,1),
(707,'17/12/2020',false,707,1),(708,'08/12/2020',true,708,2),
(709,'27/07/2020',true,709,1),(710,'25/10/2020',false,710,3),
(711,'09/12/2020',true,711,2),(712,'10/10/2020',true,712,1),
(713,'10/06/2020',false,713,3),(714,'09/01/2020',false,714,1),
(715,'18/06/2020',false,715,3),(716,'08/11/2020',false,716,2),
(717,'07/04/2020',false,717,1),(718,'11/05/2020',false,718,3),
(719,'25/05/2020',false,719,3),(720,'14/01/2020',true,720,3),
(721,'22/03/2020',false,721,3),(722,'28/07/2020',true,722,1),
(723,'16/03/2020',false,723,2),(724,'29/02/2020',false,724,1),
(725,'11/10/2020',true,725,3),(726,'23/03/2020',false,726,2),
(727,'20/12/2020',false,727,1),(728,'11/07/2020',false,728,3),
(729,'04/08/2020',true,729,3),(730,'17/08/2020',true,730,3),
(731,'02/10/2020',true,731,2),(732,'03/10/2020',false,732,2),
(733,'18/12/2020',false,733,1),(734,'17/09/2020',false,734,1),
(735,'07/08/2020',true,735,2),(736,'19/11/2020',true,736,3),
(737,'07/08/2020',false,737,2),(738,'09/11/2020',true,738,3),
(739,'01/02/2020',false,739,3),(740,'23/12/2020',false,740,3),
(741,'10/01/2020',false,741,1),(742,'21/07/2020',true,742,1),
(743,'27/10/2020',false,743,2),(744,'27/09/2020',false,744,3),
(745,'04/05/2020',true,745,3),(746,'28/03/2020',true,746,3),
(747,'13/02/2020',false,747,2),(748,'28/04/2020',true,748,2),
(749,'15/02/2020',false,749,2),(750,'19/05/2020',true,750,1),
(751,'20/02/2020',true,751,2),(752,'16/02/2020',false,752,1),
(753,'03/12/2020',true,753,3),(754,'28/12/2020',false,754,2),
(755,'09/10/2020',false,755,2),(756,'17/06/2020',true,756,3),
(757,'22/04/2020',false,757,1),(758,'29/10/2020',false,758,2),
(759,'08/09/2020',true,759,2),(760,'06/05/2020',true,760,2),
(761,'31/12/2020',true,761,3),(762,'17/05/2020',false,762,1),
(763,'02/04/2020',false,763,3),(764,'11/02/2020',false,764,3),
(765,'31/10/2020',true,765,1),(766,'07/10/2020',false,766,3),
(767,'22/09/2020',true,767,3),(768,'07/09/2020',false,768,3),
(769,'12/09/2020',true,769,1),(770,'20/07/2020',false,770,1),
(771,'28/10/2020',false,771,3),(772,'29/09/2020',false,772,2),
(773,'28/06/2020',false,773,1),(774,'25/01/2020',true,774,2),
(775,'05/04/2020',true,775,2),(776,'03/08/2020',true,776,2),
(777,'01/10/2020',true,777,2),(778,'11/10/2020',true,778,2),
(779,'18/12/2020',true,779,1),(780,'10/02/2020',true,780,1),
(781,'01/09/2020',true,781,1),(782,'21/03/2020',true,782,1),
(783,'31/05/2020',false,783,2),(784,'21/10/2020',true,784,2),
(785,'06/05/2020',true,785,2),(786,'03/10/2020',true,786,1),
(787,'14/03/2020',true,787,3),(788,'19/03/2020',true,788,3),
(789,'24/06/2020',true,789,2),(790,'29/09/2020',false,790,1),
(791,'30/01/2020',true,791,2),(792,'28/05/2020',true,792,3),
(793,'01/02/2020',false,793,2),(794,'29/01/2020',true,794,2),
(795,'04/05/2020',true,795,2),(796,'29/12/2020',false,796,1),
(797,'03/05/2020',true,797,2),(798,'21/11/2020',true,798,1),
(799,'22/03/2020',true,799,1),(800,'12/11/2020',false,800,3),
(801,'06/09/2020',true,801,3),(802,'30/05/2020',false,802,2),
(803,'24/01/2020',true,803,3),(804,'14/10/2020',true,804,1),
(805,'22/11/2020',true,805,2),(806,'06/04/2020',true,806,3),
(807,'20/01/2020',true,807,3),(808,'31/08/2020',false,808,2),
(809,'28/08/2020',true,809,3),(810,'11/10/2020',false,810,1),
(811,'13/09/2020',false,811,3),(812,'16/11/2020',true,812,2),
(813,'01/11/2020',false,813,2),(814,'11/11/2020',true,814,2),
(815,'12/03/2020',true,815,2),(816,'02/06/2020',true,816,1),
(817,'28/12/2020',true,817,2),(818,'17/11/2020',false,818,2),
(819,'09/05/2020',true,819,3),(820,'30/09/2020',false,820,2),
(821,'17/11/2020',true,821,1),(822,'01/02/2020',false,822,2),
(823,'05/02/2020',true,823,3),(824,'26/02/2020',true,824,2),
(825,'07/12/2020',false,825,3),(826,'21/01/2020',false,826,2),
(827,'03/10/2020',false,827,1),(828,'14/06/2020',false,828,1),
(829,'27/08/2020',true,829,1),(830,'12/09/2020',true,830,3),
(831,'25/11/2020',false,831,3),(832,'27/09/2020',true,832,3),
(833,'10/03/2020',false,833,2),(834,'16/06/2020',false,834,3),
(835,'21/10/2020',false,835,2),(836,'20/09/2020',true,836,3),
(837,'17/02/2020',true,837,3),(838,'28/10/2020',true,838,3),
(839,'17/11/2020',true,839,1),(840,'23/03/2020',false,840,3),
(841,'17/09/2020',false,841,2),(842,'11/08/2020',true,842,1),
(843,'18/10/2020',false,843,3),(844,'04/05/2020',false,844,3),
(845,'11/04/2020',false,845,1),(846,'22/12/2020',true,846,1),
(847,'26/09/2020',false,847,2),(848,'24/06/2020',false,848,2),
(849,'23/01/2020',true,849,1),(850,'22/06/2020',true,850,1),
(851,'31/03/2020',true,851,2),(852,'23/08/2020',false,852,3),
(853,'22/11/2020',false,853,3),(854,'01/05/2020',true,854,1),
(855,'22/10/2020',true,855,2),(856,'24/01/2020',true,856,2),
(857,'06/01/2020',true,857,1),(858,'17/02/2020',false,858,3),
(859,'29/07/2020',true,859,2),(860,'25/01/2020',true,860,2),
(861,'20/02/2020',true,861,2),(862,'05/12/2020',true,862,1),
(863,'11/02/2020',false,863,3),(864,'30/05/2020',true,864,3),
(865,'27/02/2020',true,865,1),(866,'06/07/2020',false,866,3),
(867,'11/10/2020',true,867,1),(868,'22/05/2020',false,868,3),
(869,'01/09/2020',true,869,3),(870,'01/06/2020',false,870,3),
(871,'06/05/2020',true,871,1),(872,'28/04/2020',false,872,1),
(873,'10/05/2020',false,873,2),(874,'18/10/2020',false,874,3),
(875,'08/11/2020',false,875,1),(876,'23/03/2020',true,876,1),
(877,'14/03/2020',true,877,3),(878,'13/06/2020',false,878,2),
(879,'30/11/2020',false,879,2),(880,'11/04/2020',false,880,3),
(881,'31/05/2020',true,881,1),(882,'06/05/2020',true,882,3),
(883,'17/02/2020',true,883,3),(884,'15/04/2020',true,884,1),
(885,'28/02/2020',true,885,2),(886,'18/03/2020',true,886,2),
(887,'08/09/2020',false,887,3),(888,'19/09/2020',true,888,1),
(889,'13/01/2020',true,889,3),(890,'06/05/2020',true,890,1),
(891,'01/08/2020',true,891,1),(892,'07/11/2020',true,892,1),
(893,'19/05/2020',false,893,3),(894,'12/05/2020',false,894,3),
(895,'01/07/2020',true,895,1),(896,'18/01/2020',false,896,3),
(897,'14/06/2020',false,897,3),(898,'04/07/2020',false,898,3),
(899,'22/11/2020',false,899,3),(900,'12/01/2020',false,900,2),
(901,'12/08/2020',false,901,1),(902,'25/06/2020',false,902,2),
(903,'23/04/2020',true,903,1),(904,'01/03/2020',true,904,2),
(905,'04/11/2020',true,905,1),(906,'17/03/2020',false,906,3),
(907,'27/09/2020',false,907,2),(908,'13/01/2020',false,908,3),
(909,'30/12/2020',true,909,1),(910,'09/07/2020',false,910,3),
(911,'19/05/2020',true,911,3),(912,'30/05/2020',true,912,2),
(913,'24/05/2020',true,913,2),(914,'17/01/2020',false,914,1),
(915,'17/03/2020',false,915,1),(916,'06/06/2020',true,916,3),
(917,'06/06/2020',false,917,1),(918,'03/07/2020',true,918,3),
(919,'20/06/2020',false,919,1),(920,'07/11/2020',false,920,3),
(921,'22/01/2020',true,921,1),(922,'30/05/2020',false,922,3),
(923,'23/11/2020',true,923,2),(924,'20/05/2020',true,924,1),
(925,'12/06/2020',true,925,2),(926,'10/09/2020',false,926,2),
(927,'12/06/2020',false,927,3),(928,'15/05/2020',false,928,2),
(929,'21/04/2020',true,929,2),(930,'27/06/2020',true,930,1),
(931,'10/07/2020',false,931,1),(932,'31/01/2020',true,932,1),
(933,'27/01/2020',true,933,2),(934,'18/09/2020',true,934,1),
(935,'10/08/2020',false,935,2),(936,'01/08/2020',false,936,3),
(937,'14/04/2020',true,937,1),(938,'16/08/2020',true,938,3),
(939,'17/04/2020',false,939,3),(940,'19/07/2020',true,940,1),
(941,'10/02/2020',true,941,1),(942,'19/12/2020',false,942,1),
(943,'04/03/2020',false,943,3),(944,'05/08/2020',false,944,2),
(945,'17/01/2020',false,945,3),(946,'01/12/2020',true,946,1),
(947,'17/08/2020',false,947,1),(948,'18/04/2020',false,948,2),
(949,'04/10/2020',true,949,1),(950,'27/07/2020',true,950,2),
(951,'22/09/2020',false,951,2),(952,'10/09/2020',true,952,3),
(953,'10/06/2020',true,953,2),(954,'12/07/2020',false,954,1),
(955,'10/10/2020',false,955,2),(956,'13/10/2020',false,956,2),
(957,'20/08/2020',false,957,1),(958,'08/02/2020',true,958,3),
(959,'03/07/2020',true,959,2),(960,'03/10/2020',true,960,2),
(961,'14/11/2020',true,961,3),(962,'13/04/2020',false,962,2),
(963,'17/02/2020',true,963,2),(964,'26/09/2020',true,964,1),
(965,'14/01/2020',false,965,2),(966,'17/05/2020',true,966,2),
(967,'13/03/2020',true,967,2),(968,'16/07/2020',false,968,3),
(969,'20/11/2020',false,969,2),(970,'10/07/2020',true,970,1),
(971,'19/04/2020',true,971,1),(972,'27/10/2020',true,972,2),
(973,'04/02/2020',false,973,1),(974,'06/10/2020',false,974,3),
(975,'03/07/2020',true,975,2),(976,'29/04/2020',true,976,3),
(977,'05/12/2020',true,977,3),(978,'13/08/2020',true,978,1),
(979,'05/10/2020',false,979,2),(980,'19/12/2020',true,980,1),
(981,'29/03/2020',true,981,1),(982,'12/04/2020',true,982,2),
(983,'02/06/2020',false,983,3),(984,'20/07/2020',false,984,3),
(985,'20/12/2020',false,985,2),(986,'06/09/2020',true,986,2),
(987,'10/10/2020',false,987,1),(988,'17/04/2020',false,988,3),
(989,'23/09/2020',true,989,3),(990,'07/11/2020',false,990,1),
(991,'04/10/2020',true,991,1),(992,'09/04/2020',true,992,2),
(993,'01/11/2020',true,993,1),(994,'22/07/2020',true,994,2),
(995,'14/06/2020',false,995,2),(996,'21/04/2020',true,996,1),
(997,'31/12/2020',true,997,3),(998,'18/08/2020',false,998,3),
(999,'10/03/2020',false,999,3),(1000,'03/09/2020',false,1000,3);

--orden--18
INSERT INTO orden (id_orden,fecha,hora,id_empleado,id_cliente,num_jugadores,id_cmetodo_pago)
VALUES (1,'2020-10-30','23:58:13',52,428,5,1),(2,'2020-06-17','07:55:46',194,962,1,1),(3,'2020-07-12','18:09:08',82,627,3,1),(4,'2020-12-28','09:46:18',83,548,3,1),(5,'2020-01-06','15:48:24',91,457,5,1),
(6,'2020-07-19','10:41:27',91,647,4,1),(7,'2020-06-22','12:54:06',129,577,1,1),(8,'2020-11-27','19:00:35',52,778,2,1),(9,'2020-02-26','13:59:10',88,896,5,2),(10,'2020-10-16','12:37:24',141,881,5,1),
(11,'2020-11-22','10:13:50',183,923,5,2),(12,'2020-08-01','08:12:10',5,588,1,1),(13,'2020-11-29','16:57:28',133,407,1,1),(14,'2020-04-12','16:51:40',137,786,3,2),(15,'2020-08-20','01:29:24',72,791,3,1),
(16,'2020-11-21','21:45:18',115,915,4,1),(17,'2020-01-15','03:19:16',172,412,2,2),(18,'2020-05-04','12:11:56',57,188,2,2),(19,'2020-11-12','15:49:24',81,444,2,2),(20,'2020-09-11','03:54:35',127,971,4,2),
(21,'2020-05-11','22:46:38',35,793,5,1),(22,'2020-01-10','15:17:56',112,868,2,2),(23,'2020-04-15','05:53:53',1,122,5,1),(24,'2020-08-20','08:54:34',135,956,2,2),(25,'2020-10-11','18:58:00',56,174,1,2),
(26,'2020-07-10','01:48:48',74,12,3,1),(27,'2020-01-14','22:57:37',102,505,3,1),(28,'2020-08-01','08:33:59',180,365,5,1),(29,'2020-07-19','14:50:18',143,826,2,1),(30,'2020-02-29','20:19:07',4,760,5,2),
(31,'2020-02-27','08:19:35',45,789,2,1),(32,'2020-01-18','02:55:16',9,592,1,2),(33,'2020-02-10','22:31:11',71,56,1,1),(34,'2020-09-01','09:04:07',128,942,1,1),(35,'2020-04-30','18:36:03',100,128,3,2),
(36,'2020-04-23','08:47:21',98,883,5,2),(37,'2020-04-25','04:04:11',172,108,1,2),(38,'2020-02-24','05:59:35',113,885,2,2),(39,'2020-01-17','18:25:41',186,695,5,1),(40,'2020-10-14','15:22:53',147,834,3,2),
(41,'2020-01-15','05:33:14',186,345,4,2),(42,'2020-05-02','14:38:30',124,282,4,1),(43,'2020-03-08','18:14:29',175,554,2,1),(44,'2020-10-04','12:01:06',61,207,5,1),(45,'2020-05-25','08:36:01',145,7,5,1),
(46,'2020-12-25','21:06:01',1,630,2,1),(47,'2020-11-21','02:36:14',86,695,1,2),(48,'2020-03-19','14:43:42',181,996,3,1),(49,'2020-07-02','00:59:31',68,565,3,2),(50,'2020-06-17','01:33:51',146,748,1,2),
(51,'2020-03-02','04:02:16',18,860,1,1),(52,'2020-06-29','10:23:48',144,547,5,1),(53,'2020-11-11','12:51:47',153,196,1,1),(54,'2020-08-01','14:41:06',127,11,5,2),(55,'2020-06-11','10:43:38',130,848,4,2),
(56,'2020-11-20','01:47:55',77,237,4,1),(57,'2020-02-02','05:50:25',154,615,1,2),(58,'2020-06-09','19:39:19',197,45,2,2),(59,'2020-07-29','16:53:55',145,963,4,1),(60,'2020-02-04','12:19:18',134,534,3,1),
(61,'2020-04-23','21:43:32',184,95,4,2),(62,'2020-10-23','17:11:33',170,998,2,1),(63,'2020-10-15','06:01:40',124,660,3,2),(64,'2020-06-10','01:03:00',89,705,4,2),(65,'2020-01-16','14:06:45',147,617,4,2),
(66,'2020-08-06','00:57:06',196,499,4,1),(67,'2020-03-18','10:30:48',92,758,2,2),(68,'2020-02-03','12:50:08',105,313,5,1),(69,'2020-06-08','11:04:18',100,632,5,2),(70,'2020-05-23','15:15:26',84,670,5,1),
(71,'2020-03-16','09:26:48',177,568,2,2),(72,'2020-06-13','22:14:51',10,923,3,1),(73,'2020-12-27','19:28:34',161,785,2,2),(74,'2020-03-09','20:49:06',176,1,3,1),(75,'2020-08-15','08:07:22',110,945,1,1),
(76,'2020-08-08','23:46:17',30,225,3,2),(77,'2020-01-05','09:02:16',106,575,2,2),(78,'2020-11-17','04:18:30',100,520,2,1),(79,'2020-03-21','02:57:50',149,304,3,2),(80,'2020-10-19','17:03:43',95,586,4,2),
(81,'2020-06-25','19:45:45',161,158,5,1),(82,'2020-11-10','15:33:30',59,613,3,1),(83,'2020-10-19','07:48:11',31,804,2,1),(84,'2020-07-31','06:59:59',11,374,4,2),(85,'2020-10-14','01:39:20',199,617,3,1),
(86,'2020-04-23','09:41:14',164,121,4,2),(87,'2020-11-02','11:17:37',112,831,2,1),(88,'2020-01-21','10:40:54',111,947,4,2),(89,'2020-06-20','03:45:23',83,50,2,2),(90,'2020-02-16','02:39:38',65,726,3,1),
(91,'2020-07-20','10:17:56',93,125,3,1),(92,'2020-10-18','04:52:11',158,873,4,2),(93,'2020-12-03','19:15:20',96,684,2,1),(94,'2020-06-03','08:12:39',58,228,5,1),(95,'2020-05-26','09:49:33',12,712,1,1),
(96,'2020-09-04','18:08:20',140,539,3,1),(97,'2020-09-15','08:43:26',32,522,3,2),(98,'2020-12-04','17:35:38',62,167,5,1),(99,'2020-04-17','11:31:43',52,1000,4,1),(100,'2020-11-07','23:34:48',5,978,4,1),(101,'2020-10-15','10:55:10',71,889,2,2),(102,'2020-08-26','21:32:23',131,264,1,2),(103,'2020-06-26','05:50:54',94,612,1,2),(104,'2020-11-02','20:15:03',131,33,5,1),(105,'2020-03-26','12:12:10',6,354,4,1),
(106,'2020-01-01','20:10:19',84,484,3,1),(107,'2020-09-17','18:08:34',58,982,2,1),(108,'2020-02-14','15:41:08',169,447,4,2),(109,'2020-07-16','14:37:51',53,117,4,1),(110,'2020-07-25','02:19:12',185,491,1,1),
(111,'2020-08-15','03:14:32',149,980,4,1),(112,'2020-08-08','01:30:29',81,544,2,1),(113,'2020-03-17','23:07:51',20,441,3,2),(114,'2020-10-13','20:18:42',80,369,4,2),(115,'2020-10-29','02:48:24',177,810,4,1),
(116,'2020-11-24','11:46:32',126,68,5,2),(117,'2020-03-12','08:26:47',162,746,1,1),(118,'2020-11-04','01:58:17',17,118,3,2),(119,'2020-01-04','20:25:56',156,948,5,2),(120,'2020-10-29','23:50:20',68,973,3,2),
(121,'2020-02-12','12:48:50',13,470,5,1),(122,'2020-07-12','17:31:20',150,531,1,2),(123,'2020-08-30','14:40:00',190,768,4,2),(124,'2020-08-02','10:45:45',175,257,3,1),(125,'2020-03-20','08:39:09',99,749,2,1),
(126,'2020-11-02','15:23:09',180,60,3,1),(127,'2020-11-13','12:54:35',6,9,1,1),(128,'2020-11-01','11:23:21',78,617,2,2),(129,'2020-04-04','23:14:30',83,193,4,1),(130,'2020-05-30','02:27:06',116,35,5,2),
(131,'2020-07-14','23:36:23',11,421,5,2),(132,'2020-05-02','01:05:33',1,549,1,2),(133,'2020-11-17','02:38:55',48,847,3,2),(134,'2020-04-04','15:11:09',42,57,3,2),(135,'2020-12-29','05:52:22',76,726,3,1),
(136,'2020-04-30','19:22:06',148,16,1,2),(137,'2020-07-20','20:14:15',153,295,1,2),(138,'2020-12-24','23:36:57',159,401,4,1),(139,'2020-12-14','05:54:50',139,314,1,1),(140,'2020-01-01','15:35:34',108,724,2,1),
(141,'2020-09-03','21:38:21',140,484,1,2),(142,'2020-03-28','10:21:25',58,486,3,1),(143,'2020-04-09','02:54:22',32,706,2,1),(144,'2020-08-26','10:19:02',187,367,4,1),(145,'2020-03-17','19:26:27',66,674,1,2),
(146,'2020-08-12','20:17:57',64,715,3,2),(147,'2020-09-26','13:03:19',117,603,2,2),(148,'2020-11-03','17:00:47',128,966,3,1),(149,'2020-04-18','11:02:53',56,395,1,2),(150,'2020-12-07','11:48:07',137,276,5,2),
(151,'2020-07-24','22:19:21',46,807,5,2),(152,'2020-08-18','12:31:42',192,402,5,1),(153,'2020-05-16','01:02:20',121,532,4,2),(154,'2020-10-20','00:31:12',128,78,1,2),(155,'2020-03-12','05:24:35',22,455,4,1),
(156,'2020-04-02','04:34:09',104,35,3,1),(157,'2020-11-26','03:28:40',134,616,4,2),(158,'2020-06-17','17:55:38',200,152,5,2),(159,'2020-11-04','11:27:27',87,328,5,1),(160,'2020-03-18','22:39:56',141,162,5,1),
(161,'2020-01-15','09:23:07',41,765,3,2),(162,'2020-04-08','07:00:55',74,151,5,1),(163,'2020-07-25','03:10:04',184,43,2,2),(164,'2020-08-12','18:55:06',56,403,2,2),(165,'2020-07-14','07:56:07',106,973,1,2),
(166,'2020-12-01','20:37:56',134,404,1,1),(167,'2020-11-03','20:59:46',18,168,3,2),(168,'2020-02-02','07:41:27',168,88,1,1),(169,'2020-01-10','11:20:39',149,638,4,2),(170,'2020-06-28','16:39:52',20,71,3,2),
(171,'2020-04-24','19:40:28',79,964,4,1),(172,'2020-07-04','17:23:42',12,337,1,1),(173,'2020-09-21','20:40:28',70,807,4,1),(174,'2020-08-06','10:17:45',174,635,5,1),(175,'2020-09-10','11:31:45',53,663,5,1),
(176,'2020-07-28','10:35:17',27,363,3,1),(177,'2020-05-09','22:03:15',7,195,3,2),(178,'2020-05-24','13:45:33',92,870,2,1),(179,'2020-11-16','14:49:26',86,932,2,1),(180,'2020-11-01','19:09:45',182,423,4,1),
(181,'2020-08-12','20:07:00',180,783,3,1),(182,'2020-01-30','16:33:03',117,59,3,2),(183,'2020-06-25','22:06:50',83,92,4,2),(184,'2020-10-24','05:10:37',169,908,3,2),(185,'2020-06-07','14:07:55',36,612,4,2),
(186,'2020-07-10','08:37:48',72,232,4,1),(187,'2020-10-24','18:18:20',178,252,4,1),(188,'2020-04-04','14:34:56',85,583,2,1),(189,'2020-05-10','14:20:56',82,752,4,2),(190,'2020-06-16','15:26:18',63,334,2,1),
(191,'2020-09-26','08:24:42',74,128,3,1),(192,'2020-03-23','17:46:50',79,760,2,1),(193,'2020-12-08','14:23:34',77,166,4,2),(194,'2020-12-30','20:16:25',159,432,3,2),(195,'2020-04-10','02:12:19',19,936,2,1),
(196,'2020-06-11','09:57:02',189,981,5,1),(197,'2020-07-04','07:29:09',138,127,1,1),(198,'2020-11-28','04:32:29',97,831,4,1),(199,'2020-04-23','06:39:17',101,987,4,2),(200,'2020-06-08','09:57:04',177,459,1,2),
(201,'2020-08-23','18:48:22',162,598,5,1),(202,'2020-04-14','06:44:35',178,841,2,1),(203,'2020-04-26','13:20:49',57,20,3,1),(204,'2020-09-04','04:59:41',18,450,4,1),(205,'2020-12-28','16:51:47',195,308,1,2),
(206,'2020-11-14','15:29:18',137,456,3,1),(207,'2020-08-17','16:58:04',14,597,2,1),(208,'2020-01-04','11:06:24',124,733,2,2),(209,'2020-12-28','19:28:56',83,938,5,2),(210,'2020-04-05','20:42:12',67,903,5,1),
(211,'2020-08-16','06:57:27',170,638,5,1),(212,'2020-11-09','17:16:50',124,640,1,1),(213,'2020-03-30','15:26:08',82,414,5,2),(214,'2020-04-21','11:47:40',155,73,4,2),(215,'2020-08-11','15:38:28',31,615,5,1),
(216,'2020-08-03','02:59:23',25,691,3,1),(217,'2020-02-27','04:54:15',61,512,1,1),(218,'2020-06-08','08:45:59',102,895,2,2),(219,'2020-02-03','00:07:15',150,944,4,2),(220,'2020-01-03','10:21:21',193,415,4,1),
(221,'2020-04-28','11:32:26',56,815,3,2),(222,'2020-08-11','07:24:14',49,252,2,1),(223,'2020-11-23','16:53:55',69,168,3,1),(224,'2020-07-03','11:18:22',196,107,2,1),(225,'2020-08-16','05:00:15',26,422,1,2),
(226,'2020-02-27','11:21:24',129,32,2,1),(227,'2020-12-22','13:06:44',165,361,1,2),(228,'2020-07-16','00:27:15',99,222,2,1),(229,'2020-06-10','19:24:58',88,493,5,2),(230,'2020-12-20','02:43:33',85,158,5,2),
(231,'2020-02-17','09:23:37',156,474,4,2),(232,'2020-10-14','09:06:46',194,873,1,1),(233,'2020-12-28','11:48:56',43,466,4,2),(234,'2020-04-20','17:19:24',84,919,3,1),(235,'2020-12-01','09:32:38',74,161,2,2),
(236,'2020-02-18','23:50:43',128,328,2,2),(237,'2020-09-23','01:12:08',194,400,4,1),(238,'2020-06-26','02:41:58',149,7,2,1),(239,'2020-04-10','21:29:32',174,691,4,2),(240,'2020-01-26','03:58:05',122,368,5,1),
(241,'2020-05-24','09:04:40',187,716,4,2),(242,'2020-03-27','17:20:50',86,515,4,1),(243,'2020-10-05','07:37:39',3,980,3,1),(244,'2020-08-10','05:20:55',198,301,5,1),(245,'2020-02-24','20:44:09',178,437,3,1),
(246,'2020-10-14','05:07:00',79,247,5,1),(247,'2020-08-13','23:50:33',105,793,5,2),(248,'2020-04-04','01:50:19',189,633,1,1),(249,'2020-07-06','08:16:46',150,435,3,1),(250,'2020-02-01','03:10:36',200,512,3,2),
(251,'2020-11-17','18:37:45',19,695,2,1),(252,'2020-01-15','16:39:40',42,79,2,1),(253,'2020-03-12','04:37:23',23,1000,4,1),(254,'2020-04-09','15:11:04',151,706,1,1),(255,'2020-05-30','21:46:52',141,413,3,1),
(256,'2020-02-11','08:03:09',21,703,3,1),(257,'2020-11-25','21:52:21',45,43,4,2),(258,'2020-09-13','16:44:01',149,885,4,1),(259,'2020-04-15','16:01:59',166,133,2,1),(260,'2020-02-13','16:55:03',67,356,3,2),
(261,'2020-05-19','09:14:01',128,646,5,1),(262,'2020-06-26','11:17:16',90,448,4,2),(263,'2020-06-16','11:51:44',18,697,2,2),(264,'2020-10-08','15:28:16',55,156,1,1),(265,'2020-04-17','23:23:03',101,328,5,1),
(266,'2020-06-02','17:08:21',36,986,4,1),(267,'2020-01-25','14:33:26',194,812,3,2),(268,'2020-04-18','00:08:51',89,960,1,2),(269,'2020-09-08','14:39:00',59,561,4,1),(270,'2020-09-08','16:18:45',35,273,1,2),
(271,'2020-01-30','13:33:55',183,644,4,2),(272,'2020-03-05','01:07:45',73,359,5,1),(273,'2020-11-05','09:05:43',196,195,3,2),(274,'2020-06-11','20:45:25',80,294,5,2),(275,'2020-02-23','10:47:07',1,729,1,2),
(276,'2020-04-16','18:41:38',88,792,2,1),(277,'2020-02-20','07:11:53',28,986,3,2),(278,'2020-08-14','22:36:51',32,675,4,1),(279,'2020-11-06','13:05:29',133,640,4,1),(280,'2020-07-09','22:12:59',115,549,4,1),
(281,'2020-02-25','19:29:38',120,440,1,1),(282,'2020-10-31','09:17:21',159,280,4,1),(283,'2020-08-09','13:00:04',185,775,4,1),(284,'2020-05-29','07:19:21',182,193,3,2),(285,'2020-02-28','02:23:23',56,160,5,2),
(286,'2020-02-03','14:11:31',177,924,5,2),(287,'2020-11-15','13:02:22',67,62,5,2),(288,'2020-09-16','18:12:42',102,852,4,1),(289,'2020-03-02','17:18:21',54,868,3,1),(290,'2020-08-19','22:28:31',51,186,2,1),
(291,'2020-09-23','12:00:30',113,384,4,2),(292,'2020-07-16','04:14:02',170,890,2,2),(293,'2020-10-25','03:20:57',177,512,5,1),(294,'2020-09-26','19:36:16',185,416,2,1),(295,'2020-08-27','10:57:25',120,240,5,2),
(296,'2020-09-24','11:03:01',105,931,3,1),(297,'2020-03-20','18:35:53',112,295,1,2),(298,'2020-06-21','00:13:50',127,985,2,2),(299,'2020-02-24','23:30:24',122,215,4,1),(300,'2020-05-06','08:15:48',107,151,3,1),
(301,'2020-01-03','17:56:27',53,381,4,1),(302,'2020-04-22','01:06:53',115,907,1,2),(303,'2020-03-20','03:57:56',113,212,2,2),(304,'2020-01-09','12:27:53',121,98,5,2),(305,'2020-11-15','12:15:48',64,33,2,2),
(306,'2020-10-02','23:00:14',91,54,1,2),(307,'2020-05-17','13:37:20',187,272,3,1),(308,'2020-02-13','00:03:06',50,627,5,2),(309,'2020-07-30','11:30:30',19,284,2,1),(310,'2020-03-12','15:53:24',175,331,1,2),
(311,'2020-08-19','05:15:24',128,484,5,1),(312,'2020-07-10','00:14:24',198,242,4,2),(313,'2020-02-27','09:47:40',28,946,5,2),(314,'2020-04-03','10:18:54',80,656,3,1),(315,'2020-08-13','14:26:38',184,93,1,2),
(316,'2020-03-03','08:55:40',113,455,4,1),(317,'2020-11-26','00:44:01',30,599,1,2),(318,'2020-08-11','22:27:30',194,707,4,2),(319,'2020-04-20','12:59:40',180,146,4,1),(320,'2020-11-03','12:34:40',137,190,1,1),
(321,'2020-03-26','02:07:46',13,951,2,2),(322,'2020-12-09','09:33:01',95,122,3,2),(323,'2020-06-24','06:07:34',186,425,4,2),(324,'2020-05-29','04:12:58',170,362,5,2),(325,'2020-02-07','10:55:51',196,32,5,1),
(326,'2020-11-01','19:22:46',56,501,4,1),(327,'2020-10-01','03:20:05',180,573,5,2),(328,'2020-02-27','10:16:32',161,696,3,2),(329,'2020-10-19','12:10:09',136,645,3,1),(330,'2020-05-13','05:34:08',171,98,1,2),
(331,'2020-08-13','23:52:59',55,752,4,2),(332,'2020-08-16','18:42:20',4,703,2,1),(333,'2020-05-31','01:14:14',98,837,1,2),(334,'2020-05-15','10:08:57',107,81,1,1),(335,'2020-12-17','16:59:24',156,702,1,1),
(336,'2020-02-12','22:07:39',91,247,3,1),(337,'2020-05-01','18:09:18',16,559,2,1),(338,'2020-04-04','06:06:49',98,466,4,1),(339,'2020-03-19','21:41:50',2,104,5,2),(340,'2020-05-03','10:32:45',172,945,4,1),
(341,'2020-07-31','19:25:26',50,430,1,2),(342,'2020-05-07','12:16:32',28,146,3,1),(343,'2020-03-03','11:15:58',96,137,4,1),(344,'2020-12-23','09:41:15',1,412,5,1),(345,'2020-06-15','04:41:59',4,610,4,2),
(346,'2020-07-13','13:09:03',45,231,2,1),(347,'2020-12-22','06:33:23',200,767,5,2),(348,'2020-07-12','08:21:07',106,853,5,2),(349,'2020-11-29','07:37:17',110,239,1,1),(350,'2020-09-06','00:45:36',142,672,3,2),
(351,'2020-10-20','16:53:03',138,855,1,1),(352,'2020-09-15','09:19:40',7,270,3,2),(353,'2020-01-04','12:04:48',143,697,3,1),(354,'2020-03-02','00:30:57',52,240,4,2),(355,'2020-02-23','05:55:17',58,578,2,1),
(356,'2020-02-14','22:20:38',106,214,1,1),(357,'2020-04-30','22:28:57',153,742,4,1),(358,'2020-06-27','03:11:23',104,937,4,2),(359,'2020-09-28','19:43:10',81,786,3,1),(360,'2020-07-08','23:27:12',47,669,2,2),
(361,'2020-06-11','10:17:18',76,851,4,2),(362,'2020-06-09','22:18:56',132,426,1,2),(363,'2020-07-15','08:51:17',64,937,2,1),(364,'2020-05-11','12:49:54',109,489,3,1),(365,'2020-10-11','00:15:38',187,277,4,2),
(366,'2020-12-23','05:27:52',141,585,2,2),(367,'2020-04-07','07:44:43',130,908,4,1),(368,'2020-10-17','04:52:47',124,813,4,2),(369,'2020-08-26','23:50:12',88,662,4,1),(370,'2020-05-12','15:30:52',56,257,1,1),
(371,'2020-04-20','07:26:15',116,630,2,2),(372,'2020-01-29','14:27:57',56,21,5,1),(373,'2020-04-24','09:23:43',24,355,2,1),(374,'2020-08-11','21:43:49',186,834,2,2),(375,'2020-07-19','11:31:09',143,838,1,1),
(376,'2020-05-18','00:10:18',166,927,3,2),(377,'2020-04-24','01:06:37',21,208,1,1),(378,'2020-12-22','18:22:36',103,459,3,1),(379,'2020-09-15','06:59:46',112,843,3,2),(380,'2020-09-13','12:20:42',61,823,4,2),
(381,'2020-04-12','12:11:16',120,566,3,1),(382,'2020-02-08','12:32:09',40,342,3,1),(383,'2020-10-01','03:22:18',10,740,5,1),(384,'2020-03-04','10:32:41',9,759,4,1),(385,'2020-06-26','19:32:26',23,529,3,2),
(386,'2020-07-17','17:19:41',170,703,4,2),(387,'2020-10-17','13:01:44',56,485,1,1),(388,'2020-11-01','08:05:41',96,136,1,1),(389,'2020-04-01','06:34:16',68,75,3,2),(390,'2020-06-27','00:55:48',112,35,5,2),
(391,'2020-12-03','02:43:04',164,907,5,1),(392,'2020-04-08','12:46:30',172,675,5,1),(393,'2020-04-04','08:35:02',134,121,1,2),(394,'2020-04-14','03:11:16',53,893,1,1),(395,'2020-02-22','22:21:01',29,809,2,1),
(396,'2020-02-23','22:25:09',125,558,5,2),(397,'2020-10-31','05:33:28',3,785,2,1),(398,'2020-11-03','01:54:54',2,738,1,1),(399,'2020-06-20','22:41:14',142,654,4,2),(400,'2020-05-06','21:10:01',182,496,2,1),
(401,'2020-07-31','19:25:06',92,744,2,2),(402,'2020-10-31','09:16:31',191,589,5,1),(403,'2020-11-06','15:21:39',154,490,5,1),(404,'2020-05-24','22:15:11',83,811,1,2),(405,'2020-03-07','21:36:56',174,380,5,1),
(406,'2020-05-11','19:43:45',157,463,4,1),(407,'2020-01-09','16:40:27',178,564,2,1),(408,'2020-02-21','19:00:03',145,914,3,2),(409,'2020-12-07','08:43:25',44,469,4,1),(410,'2020-03-14','18:38:22',109,897,2,1),
(411,'2020-09-28','11:00:37',196,252,1,2),(412,'2020-01-29','16:42:14',10,365,3,2),(413,'2020-07-19','01:27:55',193,413,4,2),(414,'2020-09-19','19:22:53',130,27,3,2),(415,'2020-11-12','17:53:41',38,751,5,2),
(416,'2020-08-10','02:34:08',22,722,4,1),(417,'2020-03-13','08:22:17',54,677,1,1),(418,'2020-05-04','08:47:11',114,411,1,2),(419,'2020-03-12','01:17:04',40,543,5,2),(420,'2020-05-03','14:04:34',6,693,4,2),
(421,'2020-10-05','02:00:12',72,366,1,2),(422,'2020-10-07','19:33:32',56,749,3,2),(423,'2020-02-08','20:16:36',49,817,2,2),(424,'2020-10-13','11:27:02',107,155,1,2),(425,'2020-06-15','11:20:45',6,513,3,1),
(426,'2020-03-20','00:46:54',13,850,2,2),(427,'2020-08-17','16:42:56',114,649,2,1),(428,'2020-06-17','03:40:16',177,34,4,1),(429,'2020-06-03','07:22:59',77,206,2,2),(430,'2020-04-23','14:34:20',176,826,3,2),
(431,'2020-07-19','16:23:25',84,213,5,1),(432,'2020-02-13','21:25:52',35,519,5,2),(433,'2020-05-12','14:17:05',118,63,2,2),(434,'2020-04-09','09:48:24',114,256,3,1),(435,'2020-09-07','08:41:01',18,234,1,1),
(436,'2020-04-26','23:09:21',167,705,4,2),(437,'2020-06-01','02:45:36',200,630,1,2),(438,'2020-03-04','16:06:04',65,8,2,1),(439,'2020-01-28','17:04:13',96,256,1,1),(440,'2020-05-06','14:55:14',81,870,2,1),
(441,'2020-06-17','23:50:34',138,810,4,1),(442,'2020-02-10','12:33:13',72,246,4,1),(443,'2020-06-29','14:33:46',33,854,5,1),(444,'2020-11-12','21:42:37',60,511,5,1),(445,'2020-12-15','18:34:02',106,701,1,2),
(446,'2020-05-17','22:28:19',43,722,1,2),(447,'2020-01-21','02:02:16',17,416,4,2),(448,'2020-05-26','16:14:11',3,296,5,2),(449,'2020-02-27','17:43:10',42,676,2,1),(450,'2020-06-29','00:17:06',58,491,1,1),
(451,'2020-07-03','20:09:58',107,6,5,1),(452,'2020-12-15','19:32:07',101,831,5,1),(453,'2020-09-17','21:12:45',74,517,1,1),(454,'2020-03-30','11:30:14',167,32,1,1),(455,'2020-08-07','11:05:01',108,489,5,2),
(456,'2020-08-12','03:26:34',59,262,1,1),(457,'2020-07-11','21:50:39',62,414,1,2),(458,'2020-12-19','03:01:51',164,829,3,2),(459,'2020-05-15','23:45:33',77,371,3,1),(460,'2020-07-13','09:43:46',141,59,1,1),
(461,'2020-12-22','06:14:17',121,314,5,1),(462,'2020-08-10','18:23:13',38,163,1,2),(463,'2020-08-23','00:45:12',152,845,3,2),(464,'2020-07-28','14:35:39',49,741,1,2),(465,'2020-05-19','18:11:06',105,133,1,2),
(466,'2020-12-17','19:50:34',39,680,2,1),(467,'2020-04-16','06:35:34',33,413,5,2),(468,'2020-05-03','09:10:16',81,902,1,1),(469,'2020-05-04','22:52:50',57,710,4,2),(470,'2020-08-15','00:51:53',167,771,3,1),
(471,'2020-05-08','16:20:36',111,769,1,1),(472,'2020-01-07','19:20:36',34,328,3,1),(473,'2020-01-24','07:52:43',100,430,4,1),(474,'2020-02-26','03:37:04',70,125,1,2),(475,'2020-12-15','10:19:36',119,1000,4,1),
(476,'2020-06-05','02:13:06',32,938,4,1),(477,'2020-11-08','17:23:51',125,976,4,2),(478,'2020-03-16','21:12:16',153,689,1,2),(479,'2020-04-24','16:11:53',134,759,2,1),(480,'2020-10-27','22:58:59',193,941,1,1),
(481,'2020-04-18','22:59:43',12,846,1,1),(482,'2020-11-03','10:52:52',124,200,5,2),(483,'2020-10-27','23:13:26',33,366,5,2),(484,'2020-09-02','10:38:31',40,553,1,2),(485,'2020-01-16','17:08:46',42,731,2,1),
(486,'2020-01-28','05:01:25',110,423,1,2),(487,'2020-01-28','13:22:10',81,843,1,1),(488,'2020-03-08','18:14:23',73,546,2,2),(489,'2020-08-07','16:51:22',44,759,1,2),(490,'2020-05-01','01:49:58',82,364,1,1),
(491,'2020-03-19','16:59:38',146,201,1,1),(492,'2020-12-09','14:31:48',132,426,4,2),(493,'2020-08-10','21:22:01',8,762,4,2),(494,'2020-09-05','16:42:43',12,922,1,2),(495,'2020-04-27','18:13:33',93,219,1,2),
(496,'2020-11-30','05:09:18',47,489,1,2),(497,'2020-02-17','16:06:12',147,37,4,1),(498,'2020-02-07','07:01:35',24,674,5,1),(499,'2020-03-22','17:10:25',94,186,4,2),(500,'2020-04-26','01:35:45',197,19,2,1),
(501,'2020-08-20','09:29:45',141,422,3,1),(502,'2020-04-07','12:52:05',55,638,1,2),(503,'2020-10-28','00:53:07',110,506,3,1),(504,'2020-01-25','20:56:04',75,72,3,1),(505,'2020-05-13','16:37:12',154,444,2,1),
(506,'2020-05-05','01:57:48',78,562,1,2),(507,'2020-09-05','05:48:01',95,356,1,1),(508,'2020-12-01','14:00:47',156,957,2,1),(509,'2020-08-10','22:21:21',11,310,3,2),(510,'2020-04-18','12:46:57',48,927,2,2),
(511,'2020-06-18','14:31:37',56,713,1,2),(512,'2020-04-01','11:39:20',27,622,2,1),(513,'2020-02-16','04:02:21',11,327,4,1),(514,'2020-03-29','16:06:05',87,548,1,2),(515,'2020-12-13','20:26:25',145,627,2,2),
(516,'2020-05-17','14:29:32',190,992,3,2),(517,'2020-10-20','01:44:21',17,853,1,1),(518,'2020-02-18','14:19:39',158,536,3,1),(519,'2020-08-19','15:38:26',36,167,5,1),(520,'2020-10-14','11:32:00',89,766,4,2),
(521,'2020-10-02','22:02:27',159,409,1,2),(522,'2020-07-08','15:15:42',143,184,2,2),(523,'2020-09-27','16:26:07',85,534,4,1),(524,'2020-01-19','21:49:18',158,883,5,1),(525,'2020-07-09','02:59:54',77,237,2,1),
(526,'2020-12-04','06:35:45',53,378,1,1),(527,'2020-10-28','08:29:18',83,266,2,1),(528,'2020-11-18','01:46:53',35,546,4,1),(529,'2020-12-24','05:35:38',14,326,4,1),(530,'2020-03-13','22:26:19',190,342,1,1),
(531,'2020-11-04','21:21:19',142,476,5,2),(532,'2020-12-25','02:40:04',153,351,4,1),(533,'2020-11-14','17:40:04',87,505,5,2),(534,'2020-01-01','07:58:15',122,467,1,2),(535,'2020-11-28','19:10:16',93,760,2,1),
(536,'2020-05-21','05:13:39',57,81,2,2),(537,'2020-12-13','03:37:04',126,667,4,1),(538,'2020-01-06','15:36:49',43,313,4,2),(539,'2020-07-08','19:42:57',4,530,4,1),(540,'2020-06-21','12:48:06',93,584,3,2),
(541,'2020-08-21','00:19:12',114,326,5,2),(542,'2020-09-27','03:46:07',119,2,1,2),(543,'2020-02-06','18:26:54',118,58,5,2),(544,'2020-12-16','05:23:57',52,613,5,1),(545,'2020-12-07','05:17:38',68,812,1,2),
(546,'2020-06-30','17:30:41',155,389,3,2),(547,'2020-02-22','20:05:26',117,980,5,1),(548,'2020-12-06','09:14:16',8,867,1,2),(549,'2020-02-02','01:15:21',98,934,3,2),(550,'2020-08-07','02:40:17',114,923,4,2),
(551,'2020-11-17','03:17:44',180,759,1,1),(552,'2020-12-15','08:28:08',192,466,1,1),(553,'2020-01-04','11:24:41',89,756,2,2),(554,'2020-11-13','08:42:08',79,160,1,2),(555,'2020-04-19','13:20:03',182,8,4,1),
(556,'2020-02-18','13:57:33',7,396,5,2),(557,'2020-03-16','16:17:45',144,769,3,1),(558,'2020-05-20','08:46:53',178,765,2,1),(559,'2020-11-16','09:17:54',116,32,5,2),(560,'2020-04-13','18:09:19',87,786,1,2),
(561,'2020-05-11','07:13:09',47,987,2,2),(562,'2020-03-19','07:54:22',110,629,1,1),(563,'2020-09-20','01:08:34',33,106,3,2),(564,'2020-12-02','11:28:38',78,939,5,1),(565,'2020-01-22','14:06:28',29,343,3,1),
(566,'2020-07-05','04:56:35',37,841,4,1),(567,'2020-03-25','13:54:27',171,591,1,1),(568,'2020-07-19','08:54:43',30,485,1,2),(569,'2020-08-08','11:10:07',37,442,3,2),(570,'2020-08-24','19:46:27',56,429,1,1),
(571,'2020-09-02','18:02:40',86,245,3,1),(572,'2020-08-07','12:22:05',8,39,3,1),(573,'2020-07-30','13:45:22',106,189,5,2),(574,'2020-11-03','02:55:52',126,922,5,1),(575,'2020-06-17','19:51:07',85,638,5,2),
(576,'2020-03-03','13:10:40',52,403,5,1),(577,'2020-04-15','22:15:34',31,344,1,2),(578,'2020-05-17','01:44:06',155,653,5,2),(579,'2020-05-20','06:13:51',52,637,4,1),(580,'2020-09-25','12:45:03',111,698,5,1),
(581,'2020-09-04','17:50:43',71,81,4,1),(582,'2020-01-30','09:12:42',198,670,3,1),(583,'2020-12-31','11:25:02',69,914,4,1),(584,'2020-05-24','20:52:40',105,997,1,1),(585,'2020-08-24','10:45:23',92,171,4,1),
(586,'2020-09-09','02:49:07',85,286,5,2),(587,'2020-03-16','10:42:41',65,497,5,2),(588,'2020-12-03','12:09:52',196,962,5,2),(589,'2020-03-24','19:46:58',193,605,1,1),(590,'2020-08-30','18:52:14',157,972,5,1),
(591,'2020-01-20','21:06:34',178,686,5,1),(592,'2020-03-22','05:12:28',43,455,5,1),(593,'2021-01-01','21:35:57',107,790,3,1),(594,'2020-09-10','03:29:30',97,526,3,1),(595,'2020-06-04','17:16:37',67,916,4,2),
(596,'2020-06-11','23:42:13',68,824,2,2),(597,'2020-08-09','06:21:00',110,701,2,2),(598,'2020-08-10','03:29:53',75,41,5,2),(599,'2020-06-21','09:30:24',17,327,2,1),(600,'2020-01-04','20:50:29',149,534,1,2),
(601,'2020-11-07','20:51:52',198,962,2,2),(602,'2020-07-16','16:18:10',188,437,2,2),(603,'2020-07-01','16:08:48',38,341,4,1),(604,'2020-11-03','21:20:39',52,691,5,1),(605,'2020-09-06','23:08:15',154,730,1,1),
(606,'2020-05-13','20:16:37',54,518,4,2),(607,'2020-09-29','12:16:36',102,226,4,2),(608,'2020-05-03','02:39:52',67,58,2,1),(609,'2020-02-23','11:27:03',41,18,2,1),(610,'2020-02-16','20:56:43',7,940,2,1),
(611,'2020-01-02','16:22:59',171,878,3,1),(612,'2020-08-01','05:59:00',171,546,1,1),(613,'2020-11-22','16:50:56',85,703,4,1),(614,'2020-07-21','21:21:51',159,173,1,2),(615,'2020-04-05','12:32:59',154,365,2,2),
(616,'2020-05-27','13:05:03',177,164,5,2),(617,'2020-01-27','21:49:08',75,660,1,1),(618,'2020-03-13','21:16:37',112,362,1,1),(619,'2020-09-05','22:13:23',73,342,4,1),(620,'2020-05-29','12:21:49',178,976,5,1),
(621,'2020-05-13','02:02:08',152,254,2,2),(622,'2020-05-07','03:30:29',69,685,1,2),(623,'2020-09-27','10:16:40',136,179,2,2),(624,'2020-01-29','18:08:54',21,443,2,1),(625,'2020-12-31','10:18:37',198,900,5,2),
(626,'2020-05-12','23:05:20',2,928,2,2),(627,'2020-05-20','13:22:39',139,194,1,1),(628,'2020-12-01','22:16:32',41,393,5,2),(629,'2020-05-20','14:43:21',10,682,5,2),(630,'2020-07-03','00:57:46',60,235,5,1),
(631,'2020-03-29','18:43:54',71,689,1,2),(632,'2020-04-24','06:18:45',47,395,1,2),(633,'2020-02-05','14:59:07',112,915,3,2),(634,'2020-04-07','19:39:02',91,202,1,1),(635,'2020-06-29','09:24:53',191,25,3,1),
(636,'2020-05-14','20:55:49',149,826,5,2),(637,'2020-07-19','03:40:49',126,482,2,2),(638,'2020-12-16','12:19:19',144,616,5,2),(639,'2020-08-03','07:49:58',62,203,1,2),(640,'2020-12-04','12:27:41',15,610,2,1),
(641,'2020-09-27','05:33:06',148,619,4,1),(642,'2020-10-20','03:54:49',172,423,5,2),(643,'2020-12-23','10:41:46',148,442,1,1),(644,'2020-03-28','21:17:45',159,557,1,1),(645,'2020-08-22','05:42:34',6,190,4,2),
(646,'2020-04-03','01:00:52',73,503,1,2),(647,'2020-12-13','21:08:43',9,804,1,2),(648,'2020-12-05','09:29:26',200,468,3,2),(649,'2020-09-23','14:46:01',173,494,3,1),(650,'2020-10-13','02:46:55',139,377,5,2),
(651,'2020-04-08','04:32:54',140,543,3,1),(652,'2020-10-28','16:32:18',169,232,4,1),(653,'2020-10-04','12:08:57',102,151,3,1),(654,'2020-01-09','03:38:54',18,980,2,1),(655,'2020-09-09','10:43:55',85,58,4,2),
(656,'2020-09-25','21:56:36',62,547,3,2),(657,'2020-08-19','11:36:32',99,633,4,1),(658,'2020-09-26','05:04:12',18,986,1,2),(659,'2020-03-21','21:47:40',113,527,2,1),(660,'2020-11-11','09:28:37',27,489,5,2),
(661,'2020-06-11','01:46:04',13,252,1,1),(662,'2020-08-26','19:04:53',28,370,4,2),(663,'2020-07-04','17:47:54',92,548,1,2),(664,'2020-06-06','03:17:17',28,110,5,1),(665,'2020-02-24','06:33:41',81,105,2,1),
(666,'2020-03-04','14:55:35',114,617,4,2),(667,'2020-07-17','04:55:22',163,806,4,1),(668,'2020-07-23','19:56:17',134,919,3,2),(669,'2020-07-25','09:27:13',124,109,2,1),(670,'2020-03-05','09:24:54',42,206,5,1),
(671,'2020-01-13','07:15:00',31,433,5,2),(672,'2020-10-01','06:29:21',25,248,3,1),(673,'2020-06-27','00:44:13',163,781,5,2),(674,'2020-08-01','04:46:51',182,531,5,1),(675,'2020-10-25','16:05:29',125,648,2,2),
(676,'2020-02-11','23:39:03',103,317,3,2),(677,'2020-03-18','08:00:20',25,827,2,2),(678,'2020-04-19','05:32:24',15,673,1,1),(679,'2020-12-04','17:50:31',199,461,4,1),(680,'2020-12-29','00:31:11',80,143,2,2),
(681,'2020-09-15','22:22:07',170,838,3,2),(682,'2020-09-08','21:25:26',70,385,4,1),(683,'2020-11-16','13:14:38',156,588,2,1),(684,'2020-09-21','09:16:31',166,434,4,2),(685,'2020-08-23','03:37:08',53,850,2,2),
(686,'2020-10-16','05:29:40',41,922,2,2),(687,'2020-04-16','20:27:10',30,710,3,2),(688,'2020-06-28','06:18:48',184,689,5,2),(689,'2020-02-15','04:45:03',196,829,5,1),(690,'2020-07-23','11:02:41',29,365,4,2),
(691,'2020-01-27','08:01:33',138,521,3,1),(692,'2020-08-02','15:41:26',3,473,5,1),(693,'2020-07-08','00:53:02',175,90,1,2),(694,'2020-04-15','13:29:46',178,239,2,2),(695,'2020-12-22','18:34:11',165,459,4,2),
(696,'2020-12-12','09:20:40',20,297,4,2),(697,'2020-07-25','09:49:26',147,709,4,2),(698,'2020-03-12','18:39:46',40,423,2,2),(699,'2020-09-01','17:14:18',21,90,2,2),(700,'2020-09-08','05:52:14',36,50,4,1),
(701,'2020-08-26','11:34:52',118,223,4,2),(702,'2020-09-03','21:11:14',129,570,3,2),(703,'2020-12-16','01:09:23',90,322,2,1),(704,'2020-09-11','09:05:51',53,783,4,2),(705,'2020-04-13','11:46:37',70,794,1,2),
(706,'2020-07-08','17:40:57',89,27,2,1),(707,'2020-10-18','03:17:09',131,473,4,1),(708,'2020-02-02','08:50:53',90,395,4,2),(709,'2020-05-26','12:10:26',72,644,2,1),(710,'2020-06-10','07:27:59',69,594,3,1),
(711,'2020-07-11','03:36:14',118,168,5,1),(712,'2020-03-18','08:30:23',171,218,3,1),(713,'2020-06-29','15:08:58',112,844,1,1),(714,'2020-06-22','06:12:09',60,716,5,2),(715,'2020-03-01','10:14:05',14,905,5,1),
(716,'2020-07-22','18:05:25',28,994,4,2),(717,'2020-03-02','15:29:54',84,409,5,2),(718,'2020-07-13','20:31:54',48,191,5,1),(719,'2020-09-16','10:49:31',46,848,5,1),(720,'2020-05-22','07:23:11',29,16,2,1),
(721,'2020-05-12','12:48:58',147,802,1,1),(722,'2020-02-17','19:24:50',21,255,3,2),(723,'2020-11-02','12:57:10',87,942,2,2),(724,'2020-03-23','05:51:03',96,538,1,2),(725,'2020-09-27','06:04:04',66,680,5,1),
(726,'2020-11-07','13:10:24',142,621,5,2),(727,'2020-01-08','00:29:22',83,429,4,2),(728,'2020-02-08','22:03:07',2,264,1,2),(729,'2020-04-26','04:18:08',166,789,4,1),(730,'2020-07-15','05:58:09',10,68,5,2),
(731,'2020-06-03','22:41:24',42,554,3,1),(732,'2020-02-13','23:24:32',139,472,4,2),(733,'2020-11-06','08:44:58',116,377,1,1),(734,'2020-07-16','09:54:39',172,79,1,1),(735,'2020-03-07','01:32:58',200,486,4,2),
(736,'2020-08-19','14:04:57',145,850,2,2),(737,'2020-05-22','21:54:53',6,292,1,2),(738,'2020-09-09','08:09:49',106,582,1,2),(739,'2020-12-10','18:38:14',27,254,3,2),(740,'2020-02-29','21:56:14',6,191,3,2),
(741,'2020-08-22','12:11:20',191,769,4,2),(742,'2020-12-17','10:02:31',132,519,5,1),(743,'2020-10-30','03:17:58',138,973,3,1),(744,'2020-10-21','21:49:08',134,534,3,2),(745,'2020-02-04','15:24:54',105,80,4,2),
(746,'2020-08-23','17:49:30',33,921,5,2),(747,'2020-02-28','18:35:31',1,687,1,1),(748,'2020-05-07','15:22:39',82,157,5,1),(749,'2020-11-29','13:11:43',118,301,3,1),(750,'2020-11-05','07:25:19',7,857,4,2),
(751,'2020-01-12','06:11:54',20,913,1,1),(752,'2020-12-23','10:54:34',52,499,2,1),(753,'2020-07-01','16:37:30',198,349,3,2),(754,'2020-10-27','22:20:45',70,127,5,1),(755,'2020-03-31','16:39:37',111,367,1,1),
(756,'2020-11-06','23:32:57',93,36,5,1),(757,'2020-05-31','22:05:29',2,466,5,2),(758,'2020-06-15','09:02:58',8,199,3,1),(759,'2020-06-24','04:04:22',109,427,5,2),(760,'2020-09-12','16:00:13',159,720,5,2),
(761,'2020-09-28','10:15:08',146,568,5,1),(762,'2020-07-31','12:30:18',107,115,4,1),(763,'2020-10-15','12:42:39',190,95,5,1),(764,'2020-03-26','05:38:47',34,872,4,2),(765,'2020-03-19','19:21:25',99,921,4,2),
(766,'2020-08-27','18:50:46',176,796,1,2),(767,'2020-11-29','01:24:34',102,131,2,1),(768,'2020-10-15','19:45:11',125,200,5,2),(769,'2020-05-20','18:39:51',28,678,4,1),(770,'2020-03-24','13:33:50',17,846,3,1),
(771,'2020-12-18','22:57:38',164,886,1,1),(772,'2020-09-11','11:03:44',95,601,3,1),(773,'2020-11-07','22:47:05',196,114,3,2),(774,'2020-02-03','12:29:59',145,753,5,2),(775,'2020-01-21','06:56:47',4,707,5,1),
(776,'2020-08-13','07:15:10',154,150,3,1),(777,'2020-07-02','05:23:56',96,573,2,2),(778,'2020-04-22','10:54:14',142,632,3,1),(779,'2020-11-24','06:20:12',132,441,2,1),(780,'2020-02-29','01:16:23',37,502,1,2),
(781,'2020-06-26','14:39:38',80,877,5,1),(782,'2020-01-07','21:11:47',139,326,5,2),(783,'2020-08-01','09:59:54',31,697,1,1),(784,'2020-09-12','07:08:45',150,461,2,2),(785,'2020-02-21','14:12:16',101,974,2,2),
(786,'2020-10-17','06:28:56',66,911,1,1),(787,'2020-01-02','11:03:31',113,483,2,2),(788,'2020-11-16','04:03:48',11,203,1,2),(789,'2020-04-24','06:34:08',178,177,2,1),(790,'2020-09-02','05:15:01',91,450,2,2),
(791,'2020-12-31','05:26:24',159,651,5,1),(792,'2020-05-16','10:31:54',39,558,3,2),(793,'2020-05-30','03:29:08',97,899,2,2),(794,'2020-05-29','05:41:54',154,362,5,2),(795,'2020-09-05','11:41:35',22,399,2,2),
(796,'2020-06-14','01:49:54',194,129,3,1),(797,'2020-08-17','08:07:55',104,517,1,2),(798,'2020-09-10','07:00:50',103,998,2,2),(799,'2020-11-07','14:24:23',174,311,1,2),(800,'2020-05-29','14:22:53',191,518,2,2),
(801,'2020-02-17','13:07:16',6,297,3,1),(802,'2020-07-21','10:49:01',124,576,4,2),(803,'2020-10-27','11:02:29',145,402,2,2),(804,'2020-04-28','22:47:47',186,461,3,1),(805,'2020-06-16','08:41:15',35,862,3,2),
(806,'2020-05-30','13:08:55',63,504,5,1),(807,'2020-07-13','23:01:32',99,660,4,1),(808,'2020-12-31','16:41:49',41,343,3,1),(809,'2020-02-25','22:35:40',187,654,1,2),(810,'2020-09-13','09:51:33',9,384,1,1),
(811,'2020-11-25','01:46:37',164,152,1,1),(812,'2020-06-23','03:23:28',139,294,1,2),(813,'2020-01-24','23:25:02',176,20,1,1),(814,'2020-12-14','13:20:13',129,315,1,2),(815,'2020-10-29','14:44:22',16,309,1,1),
(816,'2020-12-29','23:35:31',52,183,5,1),(817,'2020-12-26','22:06:51',121,634,1,1),(818,'2020-08-25','20:33:45',45,830,5,2),(819,'2020-07-03','16:58:37',86,287,4,1),(820,'2020-06-18','17:51:30',112,787,2,1),
(821,'2020-11-24','01:37:32',14,853,2,2),(822,'2020-08-07','14:16:35',173,45,5,1),(823,'2020-11-01','09:23:46',76,584,4,2),(824,'2020-09-25','23:12:15',99,497,3,2),(825,'2020-05-28','21:29:13',161,853,4,2),
(826,'2020-10-20','02:33:48',173,79,1,2),(827,'2020-03-06','01:59:31',176,665,5,2),(828,'2020-01-12','09:00:01',11,634,4,1),(829,'2020-12-15','02:06:55',149,517,1,2),(830,'2020-02-20','03:58:03',78,871,3,1),
(831,'2020-01-27','02:21:03',136,58,5,2),(832,'2020-07-29','09:01:17',139,298,5,1),(833,'2020-01-12','03:05:36',159,923,3,1),(834,'2020-06-19','10:20:57',189,500,4,2),(835,'2020-05-04','07:32:17',156,32,2,2),
(836,'2020-04-20','16:59:45',146,492,5,2),(837,'2020-03-25','02:53:50',83,101,5,2),(838,'2020-04-16','05:05:13',168,351,2,2),(839,'2020-08-18','01:23:27',74,89,4,2),(840,'2020-10-23','19:41:19',138,994,5,2),
(841,'2020-11-11','12:41:13',127,891,1,2),(842,'2020-12-03','20:21:38',115,490,1,2),(843,'2020-12-07','10:41:11',109,415,5,2),(844,'2020-01-26','04:01:45',200,472,3,1),(845,'2020-12-03','07:08:01',82,211,2,2),
(846,'2020-12-10','20:50:38',40,81,5,2),(847,'2020-11-05','07:39:23',40,265,5,1),(848,'2020-08-11','12:52:01',119,678,1,2),(849,'2020-10-21','23:21:32',120,220,5,1),(850,'2020-03-27','16:04:38',165,741,5,2),
(851,'2020-11-27','05:01:31',171,549,5,2),(852,'2020-10-26','14:39:07',128,880,4,1),(853,'2020-11-26','23:24:30',193,135,1,1),(854,'2020-08-18','20:33:15',35,487,1,1),(855,'2020-10-03','08:33:54',112,529,4,1),
(856,'2020-07-08','14:11:01',28,625,1,1),(857,'2020-07-14','12:29:24',61,341,2,2),(858,'2020-11-08','14:46:47',32,280,5,1),(859,'2020-07-12','03:01:41',128,287,4,2),(860,'2020-09-13','00:03:02',160,353,4,2),
(861,'2020-09-17','09:01:33',18,148,1,2),(862,'2020-12-04','20:16:48',53,408,1,2),(863,'2020-06-16','17:27:55',70,927,4,1),(864,'2020-05-22','07:23:17',130,82,4,2),(865,'2020-08-23','06:11:43',165,140,1,1),
(866,'2020-04-06','18:48:25',22,907,3,1),(867,'2020-12-23','18:23:34',191,180,4,2),(868,'2020-10-23','01:28:39',61,58,3,2),(869,'2020-03-09','08:40:50',70,34,3,1),(870,'2020-04-26','21:17:35',142,263,1,2),
(871,'2020-11-03','23:43:09',178,223,3,1),(872,'2020-11-21','05:10:10',139,145,5,1),(873,'2020-04-03','13:33:44',107,266,3,1),(874,'2020-04-04','21:28:07',143,941,4,1),(875,'2020-05-28','16:18:05',130,831,2,1),
(876,'2020-02-19','12:22:48',141,923,3,2),(877,'2020-08-01','11:43:00',94,295,5,2),(878,'2020-10-12','19:42:43',122,278,2,2),(879,'2020-10-10','14:31:19',40,886,3,2),(880,'2020-01-03','13:41:38',104,740,3,1),
(881,'2020-11-24','09:59:13',68,852,3,2),(882,'2020-10-01','06:12:49',107,239,3,2),(883,'2020-11-10','04:43:00',84,770,3,2),(884,'2020-12-26','16:14:40',52,631,2,2),(885,'2020-09-06','05:20:17',20,4,1,1),
(886,'2020-12-25','18:16:26',14,914,2,2),(887,'2020-01-17','05:34:11',114,27,3,2),(888,'2020-10-04','09:20:26',122,744,4,1),(889,'2020-10-08','01:45:03',11,533,4,1),(890,'2020-06-03','21:26:44',106,343,4,1),
(891,'2020-01-22','13:06:27',191,130,2,1),(892,'2020-06-28','04:04:33',118,245,2,1),(893,'2020-03-22','23:33:41',195,4,4,2),(894,'2020-01-04','13:24:42',108,49,4,1),(895,'2020-09-01','15:00:52',175,335,4,1),
(896,'2020-03-15','14:59:45',126,138,1,2),(897,'2020-07-29','05:22:32',122,882,5,2),(898,'2020-08-19','15:40:24',77,284,2,1),(899,'2020-05-17','13:11:18',63,143,5,1),(900,'2020-06-17','09:02:26',142,836,5,2),
(901,'2020-03-27','03:06:00',101,756,2,2),(902,'2020-07-02','12:24:30',121,215,2,1),(903,'2020-08-08','07:13:40',11,911,3,2),(904,'2020-03-16','20:50:48',136,70,3,2),(905,'2020-01-26','16:25:07',166,454,2,1),
(906,'2020-12-11','05:04:52',26,968,4,1),(907,'2020-10-03','21:17:40',131,740,5,1),(908,'2020-04-20','18:41:48',154,211,3,1),(909,'2020-10-27','16:14:43',144,706,5,2),(910,'2020-11-24','12:35:45',15,164,2,2),
(911,'2020-03-06','20:03:02',184,609,3,2),(912,'2020-12-22','18:08:26',182,541,3,1),(913,'2020-03-21','19:36:05',114,170,4,1),(914,'2020-05-06','15:47:12',2,828,3,2),(915,'2020-07-06','05:06:38',67,143,1,2),
(916,'2020-08-18','16:33:49',166,550,5,1),(917,'2020-06-22','04:05:10',177,735,4,1),(918,'2020-09-11','20:48:12',129,645,3,1),(919,'2020-04-08','21:27:48',190,136,4,1),(920,'2020-01-03','07:25:06',64,75,4,1),
(921,'2020-10-13','08:19:22',88,625,4,2),(922,'2020-10-25','19:50:09',47,197,2,2),(923,'2020-12-09','20:11:48',51,793,5,1),(924,'2020-02-04','20:36:54',10,827,5,1),(925,'2020-11-10','12:06:26',118,139,3,1),
(926,'2020-01-22','01:31:41',67,160,5,1),(927,'2020-10-18','07:21:17',106,636,3,2),(928,'2020-03-16','03:12:47',187,666,3,2),(929,'2020-02-22','09:37:29',113,562,3,2),(930,'2020-01-21','01:18:57',25,136,4,2),
(931,'2020-07-03','21:20:59',36,599,2,1),(932,'2020-11-14','06:52:44',78,481,4,1),(933,'2020-02-08','23:34:26',197,200,5,2),(934,'2020-08-02','12:09:24',58,325,5,2),(935,'2020-07-12','23:45:15',119,293,4,1),
(936,'2020-02-27','10:36:31',30,844,5,2),(937,'2020-03-17','15:40:59',183,601,1,2),(938,'2020-10-01','02:09:48',173,172,5,2),(939,'2020-05-13','05:56:38',165,976,5,2),(940,'2020-08-18','02:50:18',73,268,4,2),
(941,'2020-08-21','02:37:40',50,29,4,2),(942,'2020-04-20','18:31:27',74,814,3,1),(943,'2020-04-24','00:04:18',150,449,5,1),(944,'2020-09-05','03:15:49',183,800,1,2),(945,'2020-10-24','07:48:00',114,731,2,1),
(946,'2020-08-15','11:39:44',14,537,5,1),(947,'2020-12-30','14:39:36',193,621,2,1),(948,'2020-11-05','11:42:04',10,148,1,2),(949,'2020-05-03','10:58:37',28,373,5,1),(950,'2020-05-14','03:46:52',184,459,2,2),
(951,'2020-04-18','11:41:53',87,73,2,1),(952,'2020-11-10','05:38:39',185,266,5,2),(953,'2020-01-21','02:41:01',112,597,2,2),(954,'2020-04-28','02:03:34',180,290,4,1),(955,'2020-06-29','17:21:23',179,671,3,2),
(956,'2020-05-07','19:49:10',103,605,1,2),(957,'2020-01-18','13:21:32',82,26,5,1),(958,'2020-12-26','15:05:16',13,592,4,2),(959,'2020-12-21','22:31:52',65,414,4,2),(960,'2020-07-01','09:37:31',2,259,2,1),
(961,'2020-12-04','09:00:31',153,139,2,2),(962,'2020-05-12','21:17:23',88,620,2,1),(963,'2020-11-24','12:59:32',25,584,3,2),(964,'2020-10-13','12:00:29',99,401,1,2),(965,'2020-12-18','07:49:58',98,318,2,1),
(966,'2020-07-02','06:08:46',169,784,4,1),(967,'2020-04-27','20:05:18',152,910,1,2),(968,'2020-06-02','06:25:46',73,786,1,2),(969,'2020-10-15','13:51:02',1,633,2,2),(970,'2020-02-17','13:36:53',181,89,4,1),
(971,'2020-10-11','05:44:52',186,623,4,1),(972,'2020-10-08','05:06:40',140,623,1,2),(973,'2020-03-21','21:04:23',162,467,5,2),(974,'2020-09-01','15:07:18',127,553,3,2),(975,'2020-06-10','04:59:57',169,211,1,2),
(976,'2020-04-04','16:17:32',198,812,4,1),(977,'2020-03-26','17:36:28',143,787,4,1),(978,'2020-08-02','02:22:29',108,702,3,1),(979,'2020-10-28','22:13:49',62,992,2,1),(980,'2020-09-22','00:38:58',1,196,5,2),
(981,'2020-01-13','02:38:53',174,305,3,1),(982,'2020-11-27','11:50:02',90,39,3,1),(983,'2020-03-14','07:17:59',197,942,1,2),(984,'2020-12-02','10:21:55',185,861,4,2),(985,'2020-01-17','18:26:24',32,299,3,1),
(986,'2020-02-21','15:22:51',120,607,2,2),(987,'2020-12-15','06:52:01',82,24,3,2),(988,'2020-08-29','16:08:59',166,608,5,2),(989,'2020-03-04','08:51:52',29,107,4,1),(990,'2020-08-25','17:08:31',179,19,5,1),
(991,'2020-04-11','04:28:24',193,865,3,2),(992,'2020-04-22','09:47:23',28,950,5,2),(993,'2020-05-14','14:44:00',35,526,2,1),(994,'2020-01-21','07:21:25',197,495,3,1),(995,'2020-05-31','07:06:12',116,331,2,2),
(996,'2020-03-03','10:33:01',159,147,4,1),(997,'2020-02-19','18:08:49',44,62,3,1),(998,'2020-01-23','09:35:12',177,563,1,1),(999,'2020-05-25','06:24:45',40,374,2,1),(1000,'2020-10-30','07:10:52',70,909,5,1);

--orden-alimentos--19
INSERT INTO orden_alimentos (id_orden,id_alimento,cantidad_orden_alimentos)
VALUES (439,1,8),
(651,10,4),
(832,29,6),
(902,21,4),
(205,8,6),
(190,12,8),
(141,16,6),
(586,1,2),
(47,9,5),
(426,29,4),
(65,17,9),
(76,22,1),
(505,4,5),
(315,15,5),
(209,22,2),
(338,13,5),
(784,3,5),
(516,20,9),
(363,21,10),
(885,30,4),
(536,32,2),
(953,25,4),
(422,1,2),
(282,3,10),
(854,20,8),
(652,21,8),
(16,2,1),
(966,18,2),
(890,22,9),
(758,14,10),
(685,18,9),
(679,23,10),
(508,3,7),
(922,32,4),
(46,21,9),
(181,24,9),
(538,26,4),
(189,22,7),
(113,9,1),
(758,3,1),
(964,22,3),
(484,15,8),
(579,16,10),
(963,28,5),
(550,21,6),
(868,8,5),
(146,14,1),
(591,7,1),
(951,14,8),
(188,26,6),
(940,6,5),
(415,4,2),
(982,16,10),
(480,29,3),
(321,30,9),
(49,33,7),
(248,3,10),
(776,28,4),
(303,23,4),
(578,4,8),
(668,29,10),
(410,9,10),
(490,24,3),
(553,7,10),
(226,33,2),
(57,24,5),
(877,9,4),
(109,24,7),
(433,32,8),
(982,5,8),
(492,28,5),
(778,25,4),
(155,18,4),
(414,13,8),
(815,5,4),
(572,11,4),
(195,32,5),
(17,31,6),
(719,18,5),
(564,11,4),
(632,31,1),
(712,13,9),
(954,31,1),
(559,9,1),
(578,23,1),
(167,15,6),
(800,22,8),
(365,1,9),
(253,29,8),
(597,24,6),
(540,9,1),
(277,5,8),
(62,26,6),
(250,8,4),
(187,2,3),
(428,2,7),
(307,9,6),
(454,5,2),
(9,1,1),
(596,32,7),
(7,32,8),
(432,31,7),
(665,4,5),
(106,17,8),
(88,33,10),
(754,11,6),
(941,22,9),
(428,24,3),
(878,8,7),
(602,13,6),
(737,21,6),
(946,8,1),
(532,11,6),
(919,14,2),
(55,22,4),
(758,6,6),
(185,4,7),
(422,6,7),
(463,4,4),
(262,22,8),
(154,20,8),
(603,8,3),
(816,1,9),
(503,11,1),
(49,1,2),
(389,6,8),
(997,2,9),
(306,3,4),
(790,29,4),
(535,17,10),
(163,28,9),
(165,26,7),
(974,13,1),
(139,20,3),
(367,2,6),
(313,12,6),
(436,23,4),
(574,24,3),
(487,8,7),
(584,31,2),
(593,1,1),
(694,2,2),
(649,2,8),
(121,32,7),
(134,27,3),
(564,4,1),
(31,1,8),
(845,32,5),
(189,31,10),
(156,13,4),
(989,9,7),
(80,15,4),
(219,9,5),
(879,3,3),
(563,13,10),
(222,16,10),
(204,12,9),
(92,30,2),
(985,24,8),
(61,1,3),
(638,18,5),
(111,9,4),
(583,10,9),
(168,11,9),
(934,7,1),
(895,29,1),
(333,32,5),
(809,23,6),
(875,22,8),
(167,3,6),
(57,25,5),
(820,18,8),
(241,25,10),
(98,24,6),
(936,15,2),
(969,12,9),
(525,29,8),
(280,16,8),
(646,16,9),
(955,11,7),
(897,20,3),
(129,3,4),
(461,28,6),
(699,23,10),
(933,3,1),
(628,21,2),
(395,31,7),
(43,24,7),
(278,31,5),
(546,5,6),
(322,7,3),
(156,20,4),
(499,8,5),
(954,2,9),
(700,30,1),
(593,10,10),
(734,31,7),
(600,28,6),
(491,16,5),
(638,20,7),
(791,4,5),
(269,27,2),
(158,17,1),
(917,24,3),
(605,1,7),
(744,2,3),
(731,5,1),
(896,11,7),
(152,13,1),
(608,6,7),
(59,13,2),
(674,6,10),
(204,33,10),
(228,33,4),
(511,30,7),
(494,13,4),
(578,30,2),
(443,20,1),
(593,23,5),
(922,26,6),
(645,24,7),
(310,23,8),
(839,15,5),
(46,31,4),
(17,21,9),
(258,12,1),
(701,15,8),
(552,12,3),
(369,3,6),
(465,2,1),
(290,16,7),
(495,4,1),
(45,16,8),
(960,17,8),
(837,6,10),
(629,5,3),
(993,21,6),
(205,30,7),
(337,28,3),
(677,25,9),
(597,33,1),
(645,16,1),
(676,11,9),
(394,17,4),
(489,2,3),
(517,26,7),
(836,24,7),
(27,1,7),
(320,14,5),
(8,30,8),
(421,16,1),
(736,25,7),
(778,9,5),
(171,27,6),
(427,13,1),
(946,22,4),
(952,24,1),
(909,4,7),
(604,6,4),
(438,1,4),
(543,12,9),
(369,11,1),
(30,31,7),
(208,14,6),
(459,3,5),
(348,24,10),
(598,17,4),
(878,33,6),
(695,6,2),
(231,10,9),
(378,7,8),
(136,6,9),
(959,26,6),
(259,20,2),
(408,33,4),
(433,22,9),
(211,6,2),
(436,17,7),
(428,29,7),
(343,4,7),
(709,3,9),
(636,5,10),
(146,9,7),
(644,23,5),
(155,28,6),
(514,14,4),
(328,29,3),
(85,17,3),
(353,26,1),
(257,4,9),
(196,3,2),
(587,30,1),
(180,8,10),
(859,23,9),
(538,11,7),
(84,33,5),
(770,20,6),
(126,11,8),
(440,25,8),
(376,5,7),
(455,16,9),
(722,32,4),
(551,8,2),
(616,19,3),
(765,20,8),
(161,30,8),
(169,25,10),
(381,19,7),
(674,11,9),
(91,8,3),
(657,5,10),
(271,9,8),
(199,27,1),
(855,15,9),
(459,28,5),
(679,24,6),
(272,3,9),
(381,11,1),
(197,14,1),
(342,3,3),
(446,24,8),
(672,8,2),
(216,7,3),
(372,12,8),
(485,19,3),
(1,1,1),
(375,17,10),
(686,21,9),
(993,33,6),
(364,24,2),
(832,19,4),
(654,15,6),
(328,21,5),
(46,33,8),
(271,19,5),
(704,18,1),
(384,16,1),
(516,23,6),
(20,31,6),
(403,31,8),
(979,11,2),
(905,5,9),
(883,6,1),
(445,25,6),
(401,18,7),
(304,19,4),
(662,15,3),
(851,17,5),
(207,29,3),
(399,11,3),
(161,21,4),
(269,29,6),
(336,6,2),
(429,16,6),
(53,24,3),
(733,8,1),
(493,21,9),
(332,14,3),
(846,12,2),
(609,1,5),
(706,4,5),
(552,8,1),
(583,27,3),
(896,8,3),
(353,28,9),
(873,2,10),
(80,25,10),
(409,2,4),
(469,30,7),
(932,26,3),
(259,8,1),
(357,17,8),
(752,12,6),
(656,3,8),
(679,30,4),
(900,2,2),
(560,27,3),
(813,4,6),
(505,11,10),
(730,30,7),
(419,11,9),
(403,20,6),
(830,32,9),
(86,10,5),
(126,4,7),
(202,28,4),
(397,27,6),
(399,30,1),
(407,20,10),
(194,14,10),
(840,28,10),
(963,29,8),
(467,15,2),
(152,16,7),
(229,13,7),
(117,24,10),
(858,3,5),
(518,24,1),
(653,30,2),
(700,22,10),
(42,4,1),
(177,9,10),
(546,10,8),
(799,33,5),
(642,4,7),
(549,12,4),
(547,7,4),
(890,1,9),
(730,4,3),
(929,21,6),
(536,17,1),
(772,27,10),
(290,11,5),
(975,32,10),
(541,8,3),
(626,27,2),
(873,13,8),
(242,12,8),
(248,28,3),
(495,29,9),
(192,17,1),
(964,29,9),
(318,8,6),
(255,23,4),
(399,23,3),
(846,26,9),
(775,28,5),
(340,9,5),
(687,16,4),
(308,13,4),
(66,15,9),
(74,26,6),
(978,5,3),
(664,5,5),
(137,5,8),
(585,20,7),
(149,5,10),
(113,8,9),
(909,17,2),
(837,18,4),
(173,31,7),
(663,18,6),
(319,6,3),
(572,28,9),
(341,10,10),
(812,31,9),
(966,5,1),
(462,21,9),
(406,27,8),
(966,4,1),
(679,12,10),
(861,8,6),
(517,5,7),
(132,25,1),
(241,30,7),
(138,16,5),
(570,29,3),
(51,26,8),
(980,21,1),
(527,1,10),
(619,12,3),
(588,13,10),
(968,23,4),
(300,15,2),
(991,28,8),
(301,17,6),
(727,20,9),
(839,6,6),
(979,3,5),
(936,6,2),
(757,24,8),
(125,23,8),
(318,15,10),
(854,13,7),
(241,2,3),
(158,27,7),
(165,5,5),
(310,13,5),
(398,4,3),
(60,12,2),
(881,17,7),
(542,21,3),
(934,9,2),
(34,31,4),
(21,33,8),
(961,3,10),
(253,12,1),
(651,33,7),
(884,16,2),
(864,29,6),
(808,13,9),
(558,6,10),
(952,25,3),
(650,11,10),
(550,33,4),
(725,27,5),
(179,32,5),
(2,2,1),
(954,11,9),
(272,15,10),
(512,12,2),
(797,14,6),
(290,12,3),
(239,5,1),
(526,16,8),
(258,4,10),
(553,24,5),
(221,10,2),
(201,5,9),
(174,30,8),
(67,22,10),
(971,7,4),
(648,26,5),
(924,18,10),
(636,10,10),
(947,13,1),
(88,27,10),
(400,15,7),
(844,3,6),
(303,1,4),
(222,7,6),
(306,22,4),
(831,14,5),
(126,18,9),
(489,20,10),
(814,28,3),
(121,23,9),
(17,18,6),
(743,17,3),
(649,23,7),
(127,7,7),
(349,10,9),
(89,4,8),
(931,16,8),
(107,1,6),
(969,11,4),
(7,22,8),
(126,23,6),
(911,18,9),
(805,14,7),
(653,22,4),
(406,16,2),
(938,29,8),
(631,14,8),
(541,27,1),
(272,11,6),
(386,22,3),
(672,21,9),
(989,20,2),
(564,30,3),
(35,5,7),
(771,24,8),
(173,5,7),
(202,26,9),
(642,7,9),
(858,19,5),
(542,31,10),
(642,17,1),
(82,19,10),
(384,14,3),
(626,4,10),
(853,31,1),
(526,15,10),
(103,24,2),
(110,11,7),
(712,12,3),
(882,18,1),
(586,5,8),
(350,1,5),
(975,4,6),
(863,19,5),
(155,26,6),
(550,8,6),
(401,2,3),
(3,3,9),
(47,8,7),
(433,18,10),
(964,20,6),
(384,31,2),
(712,31,2),
(23,7,5),
(964,12,3),
(7,21,2),
(628,23,1),
(10,29,6),
(681,25,6),
(638,1,8),
(993,25,4),
(854,8,5),
(736,21,1),
(500,27,3),
(154,19,6),
(120,4,1),
(691,6,3),
(179,28,4),
(770,17,9),
(160,19,1),
(447,10,6),
(525,2,1),
(122,23,1),
(43,20,9),
(846,20,7),
(286,15,5),
(864,28,1),
(821,6,2),
(494,4,10),
(128,32,8),
(432,14,5),
(583,5,10),
(347,5,5),
(840,6,9),
(676,1,9),
(475,22,6),
(423,17,1),
(215,8,7),
(986,2,7),
(576,22,6),
(772,19,10),
(41,1,4),
(698,19,4),
(359,1,9),
(740,12,8),
(208,19,3),
(833,26,7),
(776,12,1),
(331,8,8),
(809,10,3),
(174,27,1),
(532,16,10),
(910,22,4),
(302,10,3),
(707,33,1),
(600,21,4),
(907,20,7),
(66,19,3),
(90,24,8),
(688,24,10),
(762,22,6),
(38,1,2),
(531,31,7),
(34,25,4),
(398,8,8),
(454,32,1),
(36,9,9),
(281,2,8),
(281,20,6),
(533,18,6),
(60,33,2),
(364,5,6),
(378,4,1),
(106,22,2),
(836,21,8),
(209,18,3),
(468,4,8),
(716,20,10),
(386,7,8),
(910,5,1),
(4,4,10),
(900,10,1),
(344,18,2),
(852,1,7),
(936,14,10),
(495,32,8),
(117,32,3),
(877,26,5),
(757,32,7),
(5,5,5),
(959,13,10),
(921,19,1),
(715,32,7),
(669,33,2),
(640,12,5),
(116,23,10),
(629,10,9),
(175,17,10),
(905,1,3),
(143,2,7),
(67,9,10),
(494,20,7),
(118,21,6),
(143,9,6),
(308,6,10),
(335,22,6),
(643,2,3),
(695,11,10),
(280,5,6),
(685,15,5),
(675,29,10),
(352,8,1),
(565,22,3),
(857,6,8),
(561,33,9),
(322,14,10),
(376,20,8),
(121,3,4),
(413,12,6),
(620,16,5),
(445,1,7),
(16,20,4),
(823,2,9),
(709,19,2),
(686,26,4),
(50,16,8),
(346,8,7),
(651,4,7),
(87,19,3),
(11,15,2),
(939,25,7),
(808,2,2),
(294,7,2),
(306,23,10),
(343,22,1),
(608,17,2),
(727,19,9),
(36,10,6),
(939,17,8),
(598,3,3),
(357,12,4),
(774,28,7),
(7,7,5),
(902,18,10),
(287,13,7),
(907,9,5),
(969,2,3),
(194,30,2),
(694,28,1),
(171,8,3),
(443,28,5),
(981,27,2),
(893,19,8),
(452,3,10),
(458,13,10),
(808,24,7),
(782,30,8),
(529,32,3),
(524,13,9),
(309,6,6),
(959,4,9),
(989,28,1),
(672,26,8),
(704,30,5),
(880,22,1),
(628,30,4),
(214,21,1),
(726,33,9),
(172,7,7),
(216,13,1),
(613,30,1),
(738,6,8),
(297,32,7),
(385,12,1),
(201,3,9),
(223,3,5),
(556,12,4),
(589,19,1),
(751,33,4),
(927,10,4),
(506,8,10),
(624,27,4),
(535,30,5),
(79,17,5),
(416,14,10),
(255,2,4),
(389,3,4),
(581,28,8),
(188,21,4),
(734,24,6),
(156,17,5),
(898,2,5),
(41,22,7),
(726,22,2),
(924,26,3),
(46,13,4),
(762,17,5),
(470,10,2),
(642,24,6),
(743,26,7),
(834,2,3),
(917,5,3),
(760,11,3),
(590,23,7),
(860,32,1),
(633,31,7),
(528,1,10),
(376,26,3),
(602,7,9),
(676,32,6),
(883,17,9),
(894,31,1),
(37,29,6),
(8,8,3),
(233,28,4),
(375,3,10),
(355,8,10),
(192,22,6),
(214,1,8),
(870,26,4),
(222,22,3),
(344,22,10),
(566,16,9),
(665,6,4),
(386,29,1),
(125,24,5),
(357,2,8),
(680,32,10),
(235,25,10),
(719,20,3),
(466,26,5),
(511,26,1),
(920,23,1),
(24,20,1),
(120,28,1),
(641,28,7),
(157,17,10),
(837,2,10),
(482,29,7),
(186,23,9),
(810,11,6),
(100,18,1),
(896,29,4),
(614,23,8),
(383,32,10),
(150,1,6),
(525,11,7),
(99,33,7),
(487,28,5),
(692,25,9),
(186,33,2),
(64,11,7),
(909,19,1),
(423,27,5),
(694,10,4),
(139,1,4),
(22,2,2),
(592,18,1),
(832,9,10),
(494,30,6),
(240,31,1),
(342,30,10),
(722,23,5),
(153,8,2),
(660,12,3),
(402,14,2),
(710,1,1),
(252,11,5),
(804,21,9),
(640,26,6),
(934,17,4),
(188,32,10),
(221,17,5),
(493,20,10),
(728,31,5),
(298,22,3),
(198,23,2),
(509,2,6),
(9,9,8),
(408,24,4),
(684,19,8),
(899,32,9),
(781,27,7),
(494,32,9),
(21,30,4),
(439,16,5),
(431,32,1),
(70,8,9),
(474,27,8),
(10,10,5),
(473,15,5),
(402,31,4),
(977,30,7),
(575,33,1),
(234,20,3),
(821,8,8),
(964,30,4),
(245,5,9),
(363,3,1),
(67,3,2),
(369,33,4),
(335,4,3),
(740,16,3),
(444,30,9),
(537,25,7),
(337,23,2),
(568,28,9),
(431,6,3),
(314,9,4),
(685,7,8),
(242,16,8),
(732,24,1),
(402,20,10),
(912,21,4),
(699,5,9),
(366,7,1),
(567,1,3),
(766,22,3),
(303,2,3),
(253,11,5),
(106,32,6),
(606,16,6),
(677,32,8),
(337,10,4),
(872,6,4),
(973,10,2),
(747,9,5),
(842,1,4),
(863,23,1),
(300,18,6),
(821,15,3),
(984,30,10),
(11,11,1),
(12,12,10),
(792,26,4),
(19,15,9),
(3,27,6),
(462,24,3),
(13,13,3),
(614,27,9),
(889,3,9),
(483,12,2),
(856,14,6),
(830,25,3),
(558,3,1),
(86,33,2),
(409,26,10),
(518,20,5),
(902,15,3),
(955,26,5),
(56,6,6),
(286,11,2),
(930,11,4),
(225,20,10),
(262,28,9),
(647,10,9),
(822,12,1),
(449,15,2),
(176,21,1),
(998,7,6),
(825,31,1),
(806,18,4),
(672,32,2),
(923,25,5),
(221,20,1),
(78,2,8),
(276,20,3),
(444,29,4),
(657,32,10),
(789,28,10),
(678,29,2),
(841,18,2),
(574,5,8),
(940,18,10),
(15,15,9),
(850,28,2),
(800,9,5),
(123,30,6),
(507,4,3),
(908,28,10),
(356,5,2),
(270,24,1),
(208,28,4),
(412,8,1),
(662,10,9),
(520,21,2),
(444,13,2),
(419,25,3),
(747,16,9),
(175,25,10),
(421,27,10),
(537,23,4),
(302,24,3),
(502,29,9),
(236,15,9),
(351,2,7),
(92,23,3),
(717,4,9),
(16,16,1),
(44,10,7),
(361,7,4),
(236,22,9),
(368,10,10),
(840,15,1),
(433,9,1),
(752,2,1),
(610,22,6),
(987,33,1),
(244,22,4),
(299,29,1),
(252,2,9),
(508,28,5),
(769,29,6),
(97,21,9),
(881,32,8),
(40,19,8),
(362,5,7),
(65,12,1),
(908,27,2),
(828,19,9),
(601,6,3),
(768,27,3),
(382,2,6);

--orden_pista-- 20
INSERT INTO orden_pista (id_orden,id_pista,tiempo_renta)
VALUES (1,14,1),(2,20,1),(3,3,10),(4,5,7),(5,3,10),
(6,16,9),(7,18,1),(8,9,7),(9,12,3),(10,7,2),
(11,12,2),(12,1,6),(13,17,4),(14,6,7),(15,5,1),
(16,4,9),(17,1,6),(18,15,4),(19,6,4),(20,10,7),
(21,15,7),(22,4,6),(23,9,3),(24,1,6),(25,10,7),
(26,12,7),(27,2,10),(28,18,10),(29,15,4),(30,6,4),
(31,10,2),(32,4,2),(33,3,8),(34,16,2),(35,20,5),
(36,9,3),(37,3,9),(38,9,9),(39,9,9),(40,18,6),
(41,2,5),(42,1,4),(43,4,5),(44,1,5),(45,14,2),
(46,12,10),(47,10,9),(48,5,6),(49,5,9),(50,14,7),
(51,9,5),(52,9,10),(53,6,8),(54,8,9),(55,18,5),
(56,3,4),(57,18,4),(58,11,8),(59,20,10),(60,2,10),
(61,14,9),(62,18,8),(63,13,8),(64,5,1),(65,16,7),
(66,1,9),(67,17,4),(68,13,9),(69,9,2),(70,12,2),
(71,20,3),(72,20,2),(73,4,4),(74,17,4),(75,1,4),
(76,20,1),(77,10,6),(78,13,2),(79,9,3),(80,8,8),
(81,3,3),(82,20,1),(83,11,9),(84,18,4),(85,14,8),
(86,8,3),(87,3,7),(88,19,7),(89,2,10),(90,1,10),
(91,12,3),(92,19,7),(93,13,4),(94,10,6),(95,18,6),
(96,13,6),(97,19,6),(98,16,7),(99,14,3),(100,8,9),
(101,1,2),(102,20,1),(103,1,6),(104,10,7),(105,2,6),
(106,13,10),(107,11,5),(108,20,4),(109,3,7),(110,10,7),
(111,9,1),(112,2,5),(113,11,4),(114,8,2),(115,19,1),
(116,13,6),(117,16,4),(118,18,9),(119,12,7),(120,17,4),
(121,19,3),(122,15,7),(123,16,2),(124,10,8),(125,3,9),
(126,2,6),(127,13,10),(128,11,10),(129,8,7),(130,14,2),
(131,3,5),(132,4,5),(133,14,7),(134,19,4),(135,10,9),
(136,15,3),(137,17,10),(138,13,6),(139,1,9),(140,5,3),
(141,14,1),(142,14,2),(143,8,1),(144,4,4),(145,5,3),
(146,8,5),(147,18,7),(148,13,8),(149,18,5),(150,4,5),
(151,9,6),(152,5,4),(153,20,4),(154,3,10),(155,4,4),
(156,8,1),(157,4,3),(158,7,3),(159,6,4),(160,4,1),
(161,10,3),(162,3,7),(163,8,5),(164,5,4),(165,18,4),
(166,12,10),(167,5,6),(168,16,3),(169,12,6),(170,18,5),
(171,17,1),(172,3,7),(173,12,10),(174,9,8),(175,10,6),
(176,12,4),(177,10,1),(178,19,4),(179,20,10),(180,4,4),
(181,3,4),(182,16,10),(183,8,3),(184,14,1),(185,7,9),
(186,6,1),(187,3,6),(188,8,3),(189,9,1),(190,7,9),
(191,8,4),(192,6,5),(193,13,7),(194,20,4),(195,19,8),
(196,15,7),(197,2,8),(198,2,2),(199,1,7),(200,19,9),
(201,11,3),(202,18,5),(203,9,10),(204,6,4),(205,18,10),
(206,11,3),(207,10,7),(208,11,1),(209,20,9),(210,1,10),
(211,19,8),(212,14,2),(213,18,4),(214,13,4),(215,4,3),
(216,4,4),(217,16,7),(218,17,5),(219,2,8),(220,1,1),
(221,12,7),(222,6,9),(223,7,3),(224,10,10),(225,10,9),
(226,15,1),(227,19,8),(228,11,5),(229,15,9),(230,4,4),
(231,16,2),(232,9,2),(233,16,4),(234,18,8),(235,8,8),
(236,4,2),(237,18,5),(238,19,1),(239,16,4),(240,17,2),
(241,15,1),(242,18,1),(243,6,5),(244,12,2),(245,5,9),
(246,6,8),(247,18,3),(248,6,9),(249,9,6),(250,20,6),
(251,6,2),(252,18,7),(253,14,8),(254,1,8),(255,7,9),
(256,13,4),(257,5,9),(258,11,1),(259,12,8),(260,17,1),
(261,15,3),(262,17,8),(263,19,5),(264,12,8),(265,4,9),
(266,19,10),(267,15,7),(268,11,8),(269,19,10),(270,12,9),
(271,2,4),(272,6,1),(273,2,2),(274,4,10),(275,16,9),
(276,19,8),(277,3,4),(278,9,7),(279,12,5),(280,19,6),
(281,8,9),(282,9,2),(283,17,10),(284,8,4),(285,3,1),
(286,16,7),(287,20,6),(288,15,4),(289,7,3),(290,18,8),
(291,12,1),(292,10,4),(293,8,8),(294,15,3),(295,7,6),
(296,15,1),(297,1,7),(298,18,5),(299,14,3),(300,6,8),
(301,19,10),(302,13,1),(303,15,4),(304,1,3),(305,1,4),
(306,19,1),(307,17,6),(308,19,1),(309,2,7),(310,19,7),
(311,9,2),(312,6,8),(313,8,8),(314,7,9),(315,7,3),
(316,15,5),(317,10,9),(318,11,7),(319,6,1),(320,17,7),
(321,16,2),(322,10,2),(323,16,9),(324,19,6),(325,2,5),
(326,20,6),(327,8,10),(328,17,10),(329,19,4),(330,1,4),
(331,19,3),(332,4,6),(333,2,4),(334,20,4),(335,3,3),
(336,12,4),(337,13,10),(338,13,10),(339,4,6),(340,16,7),
(341,12,7),(342,13,1),(343,19,10),(344,11,7),(345,10,4),
(346,11,1),(347,2,8),(348,4,6),(349,10,9),(350,8,7),
(351,1,9),(352,16,5),(353,20,10),(354,18,2),(355,5,3),
(356,14,10),(357,20,3),(358,7,4),(359,8,10),(360,1,7),
(361,14,2),(362,2,1),(363,18,5),(364,15,7),(365,7,1),
(366,18,8),(367,3,3),(368,12,1),(369,7,2),(370,8,4),
(371,9,2),(372,11,5),(373,18,10),(374,1,5),(375,9,7),
(376,11,4),(377,14,6),(378,18,6),(379,13,3),(380,1,2),
(381,11,3),(382,12,7),(383,3,2),(384,11,3),(385,7,2),
(386,2,8),(387,20,5),(388,9,7),(389,19,6),(390,10,6),
(391,12,6),(392,12,4),(393,2,1),(394,14,1),(395,9,1),
(396,3,4),(397,18,3),(398,9,5),(399,9,10),(400,9,9),
(401,2,9),(402,17,7),(403,17,4),(404,2,6),(405,15,3),
(406,14,7),(407,4,4),(408,19,8),(409,8,8),(410,7,5),
(411,2,4),(412,1,8),(413,2,6),(414,7,9),(415,5,4),
(416,13,4),(417,17,3),(418,19,6),(419,4,9),(420,20,9),
(421,13,6),(422,6,7),(423,16,2),(424,18,9),(425,20,1),
(426,15,7),(427,16,1),(428,12,2),(429,10,3),(430,19,8),
(431,7,10),(432,11,2),(433,15,4),(434,16,5),(435,11,7),
(436,12,4),(437,7,1),(438,4,5),(439,1,4),(440,10,3),
(441,3,4),(442,17,7),(443,12,8),(444,2,2),(445,6,6),
(446,19,2),(447,9,10),(448,3,2),(449,12,8),(450,16,9),
(451,4,2),(452,17,5),(453,20,5),(454,8,1),(455,4,7),
(456,9,8),(457,17,3),(458,7,4),(459,7,1),(460,16,6),
(461,7,5),(462,14,10),(463,16,1),(464,6,9),(465,3,1),
(466,18,7),(467,6,8),(468,18,2),(469,12,3),(470,1,6),
(471,15,7),(472,19,10),(473,13,1),(474,16,7),(475,12,4),
(476,3,9),(477,8,7),(478,5,9),(479,12,2),(480,7,4),
(481,14,2),(482,2,9),(483,6,3),(484,12,4),(485,18,8),
(486,10,4),(487,11,1),(488,17,4),(489,9,4),(490,8,5),
(491,1,6),(492,9,7),(493,12,5),(494,14,2),(495,16,10),
(496,17,8),(497,1,8),(498,1,5),(499,2,8),(500,15,7),
(501,7,3),(502,15,6),(503,17,6),(504,4,2),(505,12,7),
(506,7,1),(507,9,9),(508,10,2),(509,14,8),(510,14,10),
(511,20,10),(512,1,10),(513,14,9),(514,7,7),(515,10,9),
(516,4,3),(517,19,10),(518,14,2),(519,10,5),(520,6,1),
(521,16,2),(522,8,7),(523,18,4),(524,12,4),(525,2,2),
(526,4,10),(527,4,5),(528,5,9),(529,2,2),(530,16,2),
(531,3,10),(532,13,8),(533,1,9),(534,20,4),(535,1,1),
(536,16,9),(537,5,4),(538,11,1),(539,2,1),(540,14,10),
(541,8,5),(542,9,10),(543,19,2),(544,2,2),(545,5,5),
(546,20,3),(547,7,10),(548,12,6),(549,7,6),(550,10,1),
(551,2,1),(552,1,5),(553,11,2),(554,15,3),(555,4,3),
(556,6,9),(557,15,3),(558,16,1),(559,12,1),(560,6,5),
(561,9,6),(562,5,2),(563,1,5),(564,5,7),(565,17,9),
(566,11,3),(567,7,9),(568,6,2),(569,12,7),(570,9,1),
(571,19,9),(572,12,2),(573,20,9),(574,20,5),(575,11,9),
(576,19,5),(577,2,5),(578,13,9),(579,18,9),(580,3,3),
(581,13,9),(582,14,1),(583,15,5),(584,10,8),(585,9,7),
(586,3,1),(587,5,2),(588,7,2),(589,2,1),(590,6,2),
(591,3,7),(592,11,6),(593,20,10),(594,9,2),(595,3,9),
(596,7,9),(597,9,2),(598,14,5),(599,6,4),(600,5,6),
(601,10,10),(602,7,9),(603,8,10),(604,17,7),(605,18,3),
(606,19,6),(607,2,6),(608,2,8),(609,20,1),(610,7,9),
(611,13,10),(612,12,1),(613,11,8),(614,12,4),(615,2,8),
(616,8,8),(617,5,2),(618,12,7),(619,8,10),(620,7,4),
(621,9,8),(622,15,2),(623,9,4),(624,8,7),(625,10,1),
(626,12,10),(627,3,7),(628,12,5),(629,5,4),(630,2,5),
(631,13,8),(632,11,3),(633,1,4),(634,20,10),(635,15,7),
(636,17,6),(637,1,10),(638,4,9),(639,20,3),(640,20,5),
(641,7,4),(642,1,6),(643,4,2),(644,18,1),(645,16,10),
(646,17,5),(647,8,6),(648,13,6),(649,9,2),(650,15,6),
(651,14,9),(652,3,2),(653,8,5),(654,17,1),(655,14,4),
(656,19,2),(657,3,9),(658,12,2),(659,15,4),(660,1,4),
(661,5,2),(662,12,3),(663,19,10),(664,9,1),(665,10,4),
(666,8,1),(667,12,7),(668,2,8),(669,13,10),(670,1,7),
(671,10,3),(672,10,7),(673,14,9),(674,16,3),(675,17,4),
(676,7,7),(677,12,1),(678,4,2),(679,20,8),(680,18,2),
(681,13,1),(682,7,8),(683,11,5),(684,9,1),(685,6,9),
(686,15,8),(687,16,3),(688,17,9),(689,16,5),(690,16,5),
(691,15,7),(692,20,3),(693,5,6),(694,16,3),(695,1,4),
(696,13,8),(697,20,1),(698,14,4),(699,19,2),(700,10,1),
(701,6,7),(702,13,5),(703,7,9),(704,11,2),(705,1,8),
(706,10,9),(707,17,1),(708,2,8),(709,1,5),(710,15,5),
(711,12,6),(712,19,10),(713,15,2),(714,16,3),(715,9,2),
(716,5,10),(717,18,10),(718,14,6),(719,10,9),(720,13,6),
(721,7,9),(722,2,4),(723,8,5),(724,13,3),(725,14,1),
(726,3,3),(727,7,10),(728,4,7),(729,10,2),(730,17,9),
(731,6,1),(732,18,3),(733,12,3),(734,7,8),(735,15,1),
(736,11,5),(737,5,4),(738,14,5),(739,16,1),(740,10,2),
(741,15,2),(742,9,7),(743,5,8),(744,6,7),(745,9,4),
(746,5,4),(747,13,1),(748,4,5),(749,19,3),(750,20,4),
(751,2,3),(752,19,1),(753,9,5),(754,14,4),(755,17,9),
(756,15,6),(757,14,5),(758,13,3),(759,17,1),(760,8,1),
(761,19,10),(762,18,3),(763,11,6),(764,5,3),(765,2,5),
(766,1,3),(767,9,10),(768,11,3),(769,19,9),(770,16,2),
(771,16,6),(772,2,5),(773,9,3),(774,6,8),(775,11,7),
(776,2,1),(777,12,2),(778,1,3),(779,8,10),(780,10,5),
(781,7,5),(782,16,8),(783,13,4),(784,20,3),(785,18,10),
(786,18,1),(787,8,10),(788,11,8),(789,2,5),(790,16,1),
(791,16,4),(792,14,6),(793,14,4),(794,19,5),(795,4,3),
(796,8,9),(797,8,1),(798,2,5),(799,3,8),(800,16,5),
(801,10,10),(802,15,2),(803,1,9),(804,14,6),(805,10,6),
(806,10,1),(807,7,10),(808,20,8),(809,5,3),(810,6,8),
(811,19,2),(812,19,1),(813,8,9),(814,4,5),(815,15,3),
(816,9,2),(817,6,8),(818,13,10),(819,16,2),(820,10,3),
(821,12,6),(822,2,7),(823,5,5),(824,2,5),(825,7,2),
(826,20,10),(827,8,10),(828,4,9),(829,6,7),(830,14,10),
(831,18,10),(832,11,2),(833,12,10),(834,4,6),(835,16,5),
(836,19,7),(837,9,3),(838,15,4),(839,4,9),(840,7,1),
(841,16,6),(842,14,4),(843,7,7),(844,18,1),(845,19,2),
(846,4,4),(847,17,7),(848,8,1),(849,4,3),(850,18,6),
(851,11,6),(852,18,7),(853,5,8),(854,16,7),(855,17,5),
(856,12,1),(857,4,8),(858,1,2),(859,8,5),(860,14,1),
(861,13,9),(862,19,9),(863,16,7),(864,8,3),(865,20,2),
(866,9,7),(867,12,8),(868,1,10),(869,5,1),(870,20,5),
(871,7,1),(872,19,10),(873,13,3),(874,9,3),(875,6,10),
(876,2,8),(877,7,5),(878,1,2),(879,20,9),(880,8,9),
(881,12,8),(882,16,5),(883,12,6),(884,17,9),(885,12,10),
(886,2,9),(887,20,9),(888,14,1),(889,16,5),(890,5,1),
(891,20,1),(892,1,6),(893,19,9),(894,8,5),(895,7,4),
(896,8,2),(897,9,8),(898,7,3),(899,14,7),(900,11,6),
(901,3,10),(902,7,8),(903,4,2),(904,2,9),(905,15,8),
(906,13,5),(907,3,10),(908,13,7),(909,9,10),(910,18,8),
(911,17,6),(912,1,3),(913,19,4),(914,7,8),(915,15,7),
(916,2,8),(917,10,9),(918,1,10),(919,4,3),(920,3,10),
(921,14,1),(922,15,4),(923,17,1),(924,8,10),(925,8,6),
(926,3,8),(927,4,9),(928,13,9),(929,7,9),(930,4,3),
(931,4,10),(932,19,3),(933,9,7),(934,16,6),(935,3,5),
(936,5,7),(937,12,2),(938,20,8),(939,15,2),(940,14,2),
(941,4,10),(942,18,9),(943,14,6),(944,2,3),(945,4,2),
(946,3,3),(947,19,3),(948,9,5),(949,8,8),(950,19,7),
(951,4,1),(952,13,1),(953,15,7),(954,9,7),(955,17,1),
(956,13,2),(957,9,1),(958,10,4),(959,13,4),(960,2,7),
(961,10,8),(962,10,4),(963,7,4),(964,15,5),(965,9,6),
(966,20,2),(967,18,2),(968,3,2),(969,3,3),(970,19,3),
(971,5,2),(972,8,1),(973,7,4),(974,4,3),(975,10,5),
(976,15,8),(977,5,2),(978,14,10),(979,2,4),(980,6,5),
(981,5,9),(982,6,5),(983,18,9),(984,1,6),(985,18,4),
(986,8,8),(987,13,10),(988,20,5),(989,3,6),(990,1,8),
(991,1,4),(992,19,4),(993,8,5),(994,10,1),(995,18,4),
(996,1,6),(997,3,6),(998,14,5),(999,12,4),(1000,6,10);

--orden_calzado-- 21
INSERT INTO orden_calzado (id_orden,id_calzado,cantidad_orden_calzado)
VALUES (1,934,1),(2,956,2),(3,952,4),(4,951,1),(5,980,4),
(6,933,4),(7,919,3),(8,966,5),(9,986,2),(10,936,2),
(11,951,4),(12,987,2),(13,943,3),(14,911,2),(15,929,4),
(16,978,1),(17,902,3),(18,986,1),(19,909,5),(20,986,1),
(21,946,1),(22,950,5),(23,953,1),(24,918,1),(25,974,1),
(26,1000,4),(27,940,5),(28,905,1),(29,996,5),(30,966,2),
(31,941,2),(32,996,2),(33,930,1),(34,922,4),(35,923,4),
(36,973,4),(37,949,5),(38,928,4),(39,937,2),(40,956,4),
(41,926,3),(42,907,2),(43,965,3),(44,921,5),(45,954,5),
(46,921,3),(47,959,2),(48,934,1),(49,967,4),(50,969,2),
(51,929,5),(52,937,1),(53,985,2),(54,982,3),(55,937,5),
(56,936,4),(57,981,4),(58,941,3),(59,943,1),(60,986,3),
(61,981,1),(62,973,4),(63,964,5),(64,959,4),(65,937,3),
(66,968,5),(67,995,1),(68,988,3),(69,971,1),(70,941,4),
(71,904,3),(72,943,4),(73,996,1),(74,975,3),(75,926,2),
(76,938,5),(77,911,2),(78,937,5),(79,932,5),(80,914,4),
(81,998,3),(82,944,1),(83,906,1),(84,903,1),(85,913,5),
(86,903,3),(87,906,3),(88,923,1),(89,987,1),(90,921,2),
(91,952,2),(92,995,4),(93,982,1),(94,1000,4),(95,929,4),
(96,968,5),(97,955,3),(98,987,3),(99,965,5),(100,956,2),
(101,898,3),(102,849,2),(103,886,2),(104,856,2),(105,868,2),
(106,876,3),(107,894,3),(108,898,2),(109,880,2),(110,817,3),
(111,849,4),(112,883,1),(113,897,3),(114,873,1),(115,865,3),
(116,825,5),(117,807,5),(118,875,1),(119,879,1),(120,892,5),
(121,850,2),(122,863,1),(123,865,2),(124,836,1),(125,816,1),
(126,850,3),(127,830,5),(128,834,5),(129,826,4),(130,835,2),
(131,866,5),(132,808,3),(133,873,5),(134,861,2),(135,842,5),
(136,811,3),(137,863,3),(138,887,2),(139,866,4),(140,821,5),
(141,893,4),(142,829,4),(143,885,2),(144,876,3),(145,863,5),
(146,874,3),(147,809,3),(148,805,4),(149,898,2),(150,868,1),
(151,804,4),(152,864,5),(153,842,5),(154,804,3),(155,898,2),
(156,837,4),(157,849,4),(158,850,2),(159,803,2),(160,824,4),
(161,849,2),(162,822,2),(163,897,5),(164,898,2),(165,858,3),
(166,860,5),(167,891,5),(168,884,1),(169,882,3),(170,815,2),
(171,821,1),(172,856,1),(173,819,4),(174,801,1),(175,802,1),
(176,803,1),(177,848,3),(178,827,3),(179,858,2),(180,867,5),
(181,899,3),(182,829,3),(183,818,5),(184,874,4),(185,852,3),
(186,810,1),(187,887,4),(188,816,4),(189,824,5),(190,833,2),
(191,877,5),(192,840,3),(193,848,5),(194,885,5),(195,805,5),
(196,863,5),(197,844,2),(198,868,3),(199,888,4),(200,900,2),
(201,782,5),(202,738,1),(203,701,3),(204,789,1),(205,780,4),
(206,721,2),(207,707,5),(208,751,5),(209,791,4),(210,704,4),
(211,732,1),(212,712,1),(213,758,4),(214,785,5),(215,724,3),
(216,785,4),(217,737,4),(218,795,3),(219,798,5),(220,754,5),
(221,715,3),(222,773,4),(223,706,3),(224,757,1),(225,720,1),
(226,731,5),(227,771,4),(228,765,3),(229,714,4),(230,792,3),
(231,783,3),(232,773,5),(233,781,2),(234,774,5),(235,755,4),
(236,743,2),(237,783,2),(238,789,4),(239,775,1),(240,800,5),
(241,722,2),(242,757,1),(243,724,4),(244,757,2),(245,706,1),
(246,708,5),(247,736,1),(248,713,4),(249,737,5),(250,758,4),
(251,784,2),(252,796,3),(253,762,2),(254,714,3),(255,712,1),
(256,719,3),(257,765,5),(258,755,4),(259,754,4),(260,751,1),
(261,768,2),(262,729,3),(263,721,4),(264,783,4),(265,712,5),
(266,795,2),(267,770,5),(268,709,3),(269,754,2),(270,707,5),
(271,716,5),(272,733,1),(273,741,3),(274,758,4),(275,736,1),
(276,766,2),(277,795,2),(278,752,2),(279,746,5),(280,736,3),
(281,709,2),(282,758,1),(283,766,2),(284,777,5),(285,740,2),
(286,743,4),(287,764,2),(288,709,1),(289,749,3),(290,727,4),
(291,743,1),(292,745,4),(293,721,4),(294,718,4),(295,787,2),
(296,730,4),(297,718,3),(298,724,5),(299,773,2),(300,769,2),
(301,612,1),(302,633,4),(303,628,5),(304,665,2),(305,624,2),
(306,696,3),(307,618,3),(308,604,5),(309,691,2),(310,692,5),
(311,690,2),(312,637,5),(313,665,3),(314,629,1),(315,676,5),
(316,636,3),(317,612,3),(318,636,5),(319,692,5),(320,605,5),
(321,613,5),(322,636,5),(323,629,3),(324,639,2),(325,677,4),
(326,664,4),(327,681,1),(328,652,5),(329,620,3),(330,682,5),
(331,697,1),(332,685,5),(333,685,2),(334,618,2),(335,629,1),
(336,666,5),(337,682,4),(338,623,2),(339,694,3),(340,665,3),
(341,601,4),(342,671,2),(343,612,1),(344,665,3),(345,633,2),
(346,692,1),(347,664,1),(348,642,2),(349,678,1),(350,632,4),
(351,666,3),(352,634,5),(353,674,4),(354,691,1),(355,653,5),
(356,637,1),(357,618,5),(358,678,5),(359,663,2),(360,607,2),
(361,688,1),(362,679,1),(363,617,1),(364,650,1),(365,619,1),
(366,687,5),(367,644,3),(368,684,5),(369,621,4),(370,681,1),
(371,699,4),(372,638,5),(373,631,3),(374,639,1),(375,625,2),
(376,698,5),(377,693,2),(378,689,4),(379,677,1),(380,652,1),
(381,662,3),(382,682,2),(383,632,5),(384,602,4),(385,611,3),
(386,622,3),(387,699,5),(388,647,5),(389,633,5),(390,647,1),
(391,635,3),(392,670,3),(393,658,1),(394,699,3),(395,668,4),
(396,654,1),(397,607,1),(398,693,4),(399,678,1),(400,650,4),
(401,530,2),(402,514,1),(403,575,1),(404,554,2),(405,530,2),
(406,577,3),(407,563,5),(408,599,4),(409,578,1),(410,559,4),
(411,570,3),(412,575,4),(413,598,2),(414,502,1),(415,534,4),
(416,506,5),(417,553,2),(418,547,5),(419,537,1),(420,551,5),
(421,555,4),(422,590,2),(423,580,5),(424,566,2),(425,586,4),
(426,569,2),(427,557,3),(428,538,4),(429,541,4),(430,550,3),
(431,597,2),(432,569,4),(433,565,4),(434,545,3),(435,570,3),
(436,501,5),(437,529,4),(438,534,1),(439,575,3),(440,565,1),
(441,533,3),(442,544,5),(443,536,1),(444,521,5),(445,531,3),
(446,509,2),(447,524,5),(448,554,1),(449,600,3),(450,515,3),
(451,592,4),(452,538,5),(453,513,1),(454,518,3),(455,547,4),
(456,544,1),(457,530,2),(458,593,4),(459,593,4),(460,559,3),
(461,523,2),(462,590,1),(463,541,3),(464,543,3),(465,580,1),
(466,532,2),(467,563,3),(468,539,5),(469,516,2),(470,501,4),
(471,593,2),(472,567,2),(473,517,1),(474,515,5),(475,562,2),
(476,579,4),(477,578,4),(478,592,3),(479,548,1),(480,525,5),
(481,522,3),(482,594,3),(483,531,2),(484,544,2),(485,528,3),
(486,506,3),(487,542,4),(488,520,4),(489,553,3),(490,537,2),
(491,542,2),(492,531,2),(493,550,5),(494,525,1),(495,583,2),
(496,547,5),(497,542,2),(498,510,2),(499,587,2),(500,549,3),
(501,437,3),(502,478,1),(503,435,1),(504,453,4),(505,454,1),
(506,447,3),(507,401,5),(508,431,4),(509,476,3),(510,444,5),
(511,403,4),(512,498,3),(513,456,3),(514,452,3),(515,491,1),
(516,435,2),(517,448,3),(518,421,3),(519,451,5),(520,453,5),
(521,480,5),(522,401,4),(523,408,5),(524,479,3),(525,488,2),
(526,406,4),(527,490,5),(528,415,1),(529,424,4),(530,465,2),
(531,428,1),(532,454,2),(533,469,3),(534,410,4),(535,428,3),
(536,471,5),(537,478,5),(538,470,1),(539,442,5),(540,443,3),
(541,412,4),(542,481,3),(543,496,1),(544,496,5),(545,445,1),
(546,427,5),(547,490,1),(548,413,1),(549,445,4),(550,439,5),
(551,408,5),(552,435,2),(553,435,1),(554,434,3),(555,464,5),
(556,472,4),(557,478,5),(558,449,4),(559,470,4),(560,448,5),
(561,431,3),(562,499,1),(563,442,4),(564,405,1),(565,456,3),
(566,431,1),(567,410,2),(568,415,4),(569,474,2),(570,431,3),
(571,401,5),(572,427,3),(573,419,3),(574,468,2),(575,423,5),
(576,424,3),(577,442,3),(578,422,1),(579,459,2),(580,460,3),
(581,467,5),(582,487,1),(583,427,1),(584,440,3),(585,415,1),
(586,446,1),(587,405,1),(588,476,3),(589,413,5),(590,430,3),
(591,481,2),(592,494,3),(593,423,1),(594,401,5),(595,491,3),
(596,468,4),(597,485,3),(598,431,3),(599,411,3),(600,500,3),
(601,358,5),(602,340,4),(603,381,4),(604,314,1),(605,393,1),
(606,387,2),(607,322,3),(608,365,1),(609,309,3),(610,371,2),
(611,326,5),(612,349,4),(613,309,3),(614,332,1),(615,341,1),
(616,364,3),(617,381,4),(618,388,5),(619,331,3),(620,373,2),
(621,303,3),(622,368,1),(623,388,5),(624,329,5),(625,400,4),
(626,331,2),(627,375,5),(628,384,1),(629,396,2),(630,319,4),
(631,377,1),(632,400,1),(633,319,4),(634,306,2),(635,358,2),
(636,385,5),(637,304,2),(638,373,1),(639,363,1),(640,389,1),
(641,355,3),(642,368,5),(643,319,4),(644,384,4),(645,316,3),
(646,321,4),(647,352,4),(648,391,1),(649,321,2),(650,343,3),
(651,318,4),(652,366,2),(653,341,3),(654,301,4),(655,321,4),
(656,318,5),(657,330,3),(658,352,2),(659,347,1),(660,370,5),
(661,340,5),(662,367,1),(663,325,5),(664,392,4),(665,357,2),
(666,354,3),(667,312,2),(668,322,5),(669,337,2),(670,309,5),
(671,327,2),(672,391,2),(673,332,4),(674,312,5),(675,334,3),
(676,316,1),(677,384,2),(678,301,5),(679,309,3),(680,317,3),
(681,316,4),(682,395,4),(683,306,4),(684,361,4),(685,375,3),
(686,322,4),(687,370,2),(688,322,2),(689,337,4),(690,396,1),
(691,378,5),(692,317,5),(693,370,1),(694,344,2),(695,387,5),
(696,353,4),(697,325,3),(698,356,5),(699,382,5),(700,341,4),
(701,207,2),(702,222,3),(703,262,5),(704,214,3),(705,227,2),
(706,225,1),(707,283,5),(708,222,5),(709,285,3),(710,261,3),
(711,250,2),(712,292,2),(713,256,3),(714,292,4),(715,227,5),
(716,205,5),(717,225,4),(718,228,5),(719,251,5),(720,215,2),
(721,278,1),(722,252,4),(723,214,2),(724,297,3),(725,226,4),
(726,288,5),(727,240,4),(728,282,1),(729,206,4),(730,280,2),
(731,246,2),(732,217,1),(733,233,2),(734,260,5),(735,242,5),
(736,231,5),(737,273,4),(738,287,1),(739,201,3),(740,224,2),
(741,276,5),(742,280,3),(743,205,2),(744,267,1),(745,298,1),
(746,229,3),(747,252,1),(748,267,3),(749,253,4),(750,249,3),
(751,280,5),(752,280,4),(753,235,4),(754,233,2),(755,248,5),
(756,237,5),(757,279,4),(758,233,4),(759,289,2),(760,228,4),
(761,202,2),(762,270,3),(763,237,1),(764,207,2),(765,245,4),
(766,256,4),(767,274,3),(768,208,4),(769,250,5),(770,299,4),
(771,202,1),(772,269,2),(773,293,1),(774,288,4),(775,263,3),
(776,251,1),(777,276,1),(778,228,1),(779,248,5),(780,230,3),
(781,256,5),(782,212,3),(783,297,2),(784,288,5),(785,221,5),
(786,292,2),(787,217,3),(788,294,4),(789,209,3),(790,290,3),
(791,227,4),(792,264,3),(793,273,4),(794,294,3),(795,286,2),
(796,269,5),(797,262,1),(798,218,4),(799,281,2),(800,268,4),
(801,137,1),(802,120,2),(803,104,2),(804,105,4),(805,131,2),
(806,145,3),(807,177,3),(808,180,5),(809,130,5),(810,179,1),
(811,181,5),(812,144,4),(813,178,1),(814,134,4),(815,181,3),
(816,177,4),(817,134,5),(818,158,2),(819,192,2),(820,124,4),
(821,103,1),(822,156,2),(823,156,3),(824,182,1),(825,178,3),
(826,102,5),(827,109,2),(828,165,1),(829,169,3),(830,192,5),
(831,181,4),(832,148,4),(833,155,3),(834,141,4),(835,165,5),
(836,128,3),(837,182,3),(838,189,4),(839,179,2),(840,171,5),
(841,116,3),(842,123,2),(843,197,4),(844,190,5),(845,102,4),
(846,160,3),(847,137,5),(848,120,1),(849,138,4),(850,181,1),
(851,154,1),(852,117,5),(853,168,3),(854,126,3),(855,115,2),
(856,183,5),(857,123,4),(858,189,5),(859,126,4),(860,142,1),
(861,171,1),(862,158,5),(863,132,5),(864,127,3),(865,123,5),
(866,104,1),(867,177,1),(868,168,2),(869,128,5),(870,199,1),
(871,161,1),(872,179,2),(873,199,4),(874,104,1),(875,168,2),
(876,119,5),(877,106,2),(878,178,3),(879,158,1),(880,116,4),
(881,151,2),(882,153,1),(883,103,2),(884,199,4),(885,162,4),
(886,198,4),(887,133,5),(888,118,4),(889,177,2),(890,155,5),
(891,155,5),(892,124,2),(893,158,2),(894,160,5),(895,136,4),
(896,133,5),(897,196,2),(898,180,4),(899,192,5),(900,195,4),
(901,65,5),(902,66,2),(903,41,4),(904,68,4),(905,86,4),
(906,71,1),(907,32,1),(908,26,2),(909,94,4),(910,91,1),
(911,51,2),(912,27,3),(913,95,3),(914,77,3),(915,14,4),
(916,1,2),(917,28,4),(918,67,1),(919,9,5),(920,96,1),
(921,84,2),(922,10,4),(923,97,4),(924,64,5),(925,100,2),
(926,36,2),(927,10,3),(928,36,2),(929,22,3),(930,18,2),
(931,1,1),(932,11,5),(933,84,5),(934,19,1),(935,12,3),
(936,46,3),(937,73,2),(938,92,1),(939,27,3),(940,52,3),
(941,44,2),(942,39,3),(943,54,5),(944,24,4),(945,88,1),
(946,51,3),(947,78,5),(948,15,1),(949,54,3),(950,25,4),
(951,4,5),(952,23,2),(953,1,3),(954,74,1),(955,32,3),
(956,15,5),(957,4,2),(958,89,4),(959,83,2),(960,74,5),
(961,4,4),(962,62,4),(963,4,4),(964,48,1),(965,27,1),
(966,78,5),(967,74,4),(968,27,5),(969,29,3),(970,26,4),
(971,49,3),(972,46,4),(973,74,5),(974,73,4),(975,94,5),
(976,79,3),(977,49,4),(978,36,2),(979,48,5),(980,85,4),
(981,60,3),(982,81,5),(983,3,2),(984,83,4),(985,26,5),
(986,43,3),(987,91,4),(988,23,1),(989,73,4),(990,38,4),
(991,15,2),(992,49,3),(993,93,5),(994,2,4),(995,93,2),
(996,80,4),(997,57,5),(998,21,5),(999,79,1),(1000,67,1);


------------------------------------------------------FUNCIONES PARA HACER COHERENTES LOS DATOS
------------Función para hacer de un año la vigencia de la poliza
CREATE OR REPLACE FUNCTION fnc_sumaanofin (
pid_membresia INTEGER
) Returns INTEGER
AS
    $$
    BEGIN

        UPDATE membresia SET fin_vig = ini_vig + 365 where id_membresia= pid_membresia;
        RETURN 1;
    END ;


    $$ LANGUAGE 'plpgsql' VOLATILE ;

SELECT fnc_sumaanofin(id_membresia)
FROM membresia;
---------------Funcion para actualizar el estado de las membreisas.


CREATE OR REPLACE FUNCTION fnc_status_membresia (
pid_membresia INTEGER
) Returns INTEGER
AS
    $$
    BEGIN
        IF ((SELECT fin_vig
            FROM membresia
            WHERE id_membresia=pid_membresia) < CURRENT_DATE)
            THEN
                UPDATE membresia SET activo = false WHERE id_membresia= pid_membresia;
                RETURN 1;
            ELSE RETURN 0;
        END IF;
    END ;


    $$ LANGUAGE 'plpgsql' VOLATILE ;

SELECT fnc_status_membresia(id_membresia)
FROM membresia;


---------------Función para hacer que las ordenes esten dentro del horario del boliche
CREATE OR REPLACE function fnc_horas(pid_orden INTEGER,
                                     phora TIME)
    RETURNS INTEGER AS
$$
BEGIN
    IF (EXTRACT(HOUR FROM phora) IN (12, 13, 14, 15, 16, 17, 18, 19, 20, 21, 22, 23)) THEN
        RETURN 0;
    ELSE
        UPDATE orden SET hora = '18:00:00' WHERE pid_orden = id_orden;
        RETURN 1;

    END IF;

END;
$$
    LANGUAGE 'plpgsql' VOLATILE;

SELECT fnc_horas(id_orden,hora)
FROM orden;

-------------------------------------------------------VERIFICANDO LAS 1000
SELECT COUNT(id_proveedor)
FROM proveedor;
SELECT COUNT(id_contacto)
FROM contacto;
SELECT COUNT(id_calzado)
FROM calzado;
SELECT COUNT(id_empleado)
FROM empleado;
SELECT COUNT(id_cliente)
FROM cliente;
SELECT COUNT(id_correo)
FROM correo;
SELECT COUNT(id_membresia)
FROM membresia;
SELECT COUNT(id_orden)
FROM orden;
SELECT COUNT(id_orden)
FROM orden_alimentos;
SELECT COUNT(id_orden)
FROM orden_pista;
SELECT COUNT(id_orden)
FROM orden_calzado;

--Inserciones
